<?xml version="1.0" encoding="UTF-8"?>
<kml xmlns="http://www.opengis.net/kml/2.2">
  <Document>
    <name>Карта повна </name>
    <description/>
    <Style id="icon-1704-000000-nodesc-normal">
      <IconStyle>
        <color>ff000000</color>
        <scale>1</scale>
        <Icon>
          <href>https://www.gstatic.com/mapspro/images/stock/503-wht-blank_maps.png</href>
        </Icon>
      </IconStyle>
      <LabelStyle>
        <scale>0</scale>
      </LabelStyle>
      <BalloonStyle>
        <text><![CDATA[<h3>$[name]</h3>]]></text>
      </BalloonStyle>
    </Style>
    <Style id="icon-1704-000000-nodesc-highlight">
      <IconStyle>
        <color>ff000000</color>
        <scale>1</scale>
        <Icon>
          <href>https://www.gstatic.com/mapspro/images/stock/503-wht-blank_maps.png</href>
        </Icon>
      </IconStyle>
      <LabelStyle>
        <scale>1</scale>
      </LabelStyle>
      <BalloonStyle>
        <text><![CDATA[<h3>$[name]</h3>]]></text>
      </BalloonStyle>
    </Style>
    <StyleMap id="icon-1704-000000-nodesc">
      <Pair>
        <key>normal</key>
        <styleUrl>#icon-1704-000000-nodesc-normal</styleUrl>
      </Pair>
      <Pair>
        <key>highlight</key>
        <styleUrl>#icon-1704-000000-nodesc-highlight</styleUrl>
      </Pair>
    </StyleMap>
    <Style id="icon-1899-0288D1-normal">
      <IconStyle>
        <color>ffd18802</color>
        <scale>1</scale>
        <Icon>
          <href>https://www.gstatic.com/mapspro/images/stock/503-wht-blank_maps.png</href>
        </Icon>
        <hotSpot x="32" xunits="pixels" y="64" yunits="insetPixels"/>
      </IconStyle>
      <LabelStyle>
        <scale>0</scale>
      </LabelStyle>
    </Style>
    <Style id="icon-1899-0288D1-highlight">
      <IconStyle>
        <color>ffd18802</color>
        <scale>1</scale>
        <Icon>
          <href>https://www.gstatic.com/mapspro/images/stock/503-wht-blank_maps.png</href>
        </Icon>
        <hotSpot x="32" xunits="pixels" y="64" yunits="insetPixels"/>
      </IconStyle>
      <LabelStyle>
        <scale>1</scale>
      </LabelStyle>
    </Style>
    <StyleMap id="icon-1899-0288D1">
      <Pair>
        <key>normal</key>
        <styleUrl>#icon-1899-0288D1-normal</styleUrl>
      </Pair>
      <Pair>
        <key>highlight</key>
        <styleUrl>#icon-1899-0288D1-highlight</styleUrl>
      </Pair>
    </StyleMap>
    <Style id="icon-1899-0288D1-nodesc-normal">
      <IconStyle>
        <color>ffd18802</color>
        <scale>1</scale>
        <Icon>
          <href>https://www.gstatic.com/mapspro/images/stock/503-wht-blank_maps.png</href>
        </Icon>
        <hotSpot x="32" xunits="pixels" y="64" yunits="insetPixels"/>
      </IconStyle>
      <LabelStyle>
        <scale>0</scale>
      </LabelStyle>
      <BalloonStyle>
        <text><![CDATA[<h3>$[name]</h3>]]></text>
      </BalloonStyle>
    </Style>
    <Style id="icon-1899-0288D1-nodesc-highlight">
      <IconStyle>
        <color>ffd18802</color>
        <scale>1</scale>
        <Icon>
          <href>https://www.gstatic.com/mapspro/images/stock/503-wht-blank_maps.png</href>
        </Icon>
        <hotSpot x="32" xunits="pixels" y="64" yunits="insetPixels"/>
      </IconStyle>
      <LabelStyle>
        <scale>1</scale>
      </LabelStyle>
      <BalloonStyle>
        <text><![CDATA[<h3>$[name]</h3>]]></text>
      </BalloonStyle>
    </Style>
    <StyleMap id="icon-1899-0288D1-nodesc">
      <Pair>
        <key>normal</key>
        <styleUrl>#icon-1899-0288D1-nodesc-normal</styleUrl>
      </Pair>
      <Pair>
        <key>highlight</key>
        <styleUrl>#icon-1899-0288D1-nodesc-highlight</styleUrl>
      </Pair>
    </StyleMap>
    <Style id="icon-1899-673AB7-nodesc-normal">
      <IconStyle>
        <color>ffb73a67</color>
        <scale>1</scale>
        <Icon>
          <href>https://www.gstatic.com/mapspro/images/stock/503-wht-blank_maps.png</href>
        </Icon>
        <hotSpot x="32" xunits="pixels" y="64" yunits="insetPixels"/>
      </IconStyle>
      <LabelStyle>
        <scale>0</scale>
      </LabelStyle>
      <BalloonStyle>
        <text><![CDATA[<h3>$[name]</h3>]]></text>
      </BalloonStyle>
    </Style>
    <Style id="icon-1899-673AB7-nodesc-highlight">
      <IconStyle>
        <color>ffb73a67</color>
        <scale>1</scale>
        <Icon>
          <href>https://www.gstatic.com/mapspro/images/stock/503-wht-blank_maps.png</href>
        </Icon>
        <hotSpot x="32" xunits="pixels" y="64" yunits="insetPixels"/>
      </IconStyle>
      <LabelStyle>
        <scale>1</scale>
      </LabelStyle>
      <BalloonStyle>
        <text><![CDATA[<h3>$[name]</h3>]]></text>
      </BalloonStyle>
    </Style>
    <StyleMap id="icon-1899-673AB7-nodesc">
      <Pair>
        <key>normal</key>
        <styleUrl>#icon-1899-673AB7-nodesc-normal</styleUrl>
      </Pair>
      <Pair>
        <key>highlight</key>
        <styleUrl>#icon-1899-673AB7-nodesc-highlight</styleUrl>
      </Pair>
    </StyleMap>
    <Style id="icon-1899-880E4F-normal">
      <IconStyle>
        <color>ff4f0e88</color>
        <scale>1</scale>
        <Icon>
          <href>https://www.gstatic.com/mapspro/images/stock/503-wht-blank_maps.png</href>
        </Icon>
        <hotSpot x="32" xunits="pixels" y="64" yunits="insetPixels"/>
      </IconStyle>
      <LabelStyle>
        <scale>0</scale>
      </LabelStyle>
    </Style>
    <Style id="icon-1899-880E4F-highlight">
      <IconStyle>
        <color>ff4f0e88</color>
        <scale>1</scale>
        <Icon>
          <href>https://www.gstatic.com/mapspro/images/stock/503-wht-blank_maps.png</href>
        </Icon>
        <hotSpot x="32" xunits="pixels" y="64" yunits="insetPixels"/>
      </IconStyle>
      <LabelStyle>
        <scale>1</scale>
      </LabelStyle>
    </Style>
    <StyleMap id="icon-1899-880E4F">
      <Pair>
        <key>normal</key>
        <styleUrl>#icon-1899-880E4F-normal</styleUrl>
      </Pair>
      <Pair>
        <key>highlight</key>
        <styleUrl>#icon-1899-880E4F-highlight</styleUrl>
      </Pair>
    </StyleMap>
    <Style id="icon-1899-880E4F-nodesc-normal">
      <IconStyle>
        <color>ff4f0e88</color>
        <scale>1</scale>
        <Icon>
          <href>https://www.gstatic.com/mapspro/images/stock/503-wht-blank_maps.png</href>
        </Icon>
        <hotSpot x="32" xunits="pixels" y="64" yunits="insetPixels"/>
      </IconStyle>
      <LabelStyle>
        <scale>0</scale>
      </LabelStyle>
      <BalloonStyle>
        <text><![CDATA[<h3>$[name]</h3>]]></text>
      </BalloonStyle>
    </Style>
    <Style id="icon-1899-880E4F-nodesc-highlight">
      <IconStyle>
        <color>ff4f0e88</color>
        <scale>1</scale>
        <Icon>
          <href>https://www.gstatic.com/mapspro/images/stock/503-wht-blank_maps.png</href>
        </Icon>
        <hotSpot x="32" xunits="pixels" y="64" yunits="insetPixels"/>
      </IconStyle>
      <LabelStyle>
        <scale>1</scale>
      </LabelStyle>
      <BalloonStyle>
        <text><![CDATA[<h3>$[name]</h3>]]></text>
      </BalloonStyle>
    </Style>
    <StyleMap id="icon-1899-880E4F-nodesc">
      <Pair>
        <key>normal</key>
        <styleUrl>#icon-1899-880E4F-nodesc-normal</styleUrl>
      </Pair>
      <Pair>
        <key>highlight</key>
        <styleUrl>#icon-1899-880E4F-nodesc-highlight</styleUrl>
      </Pair>
    </StyleMap>
    <Style id="icon-1899-A52714-normal">
      <IconStyle>
        <color>ff1427a5</color>
        <scale>1</scale>
        <Icon>
          <href>https://www.gstatic.com/mapspro/images/stock/503-wht-blank_maps.png</href>
        </Icon>
        <hotSpot x="32" xunits="pixels" y="64" yunits="insetPixels"/>
      </IconStyle>
      <LabelStyle>
        <scale>0</scale>
      </LabelStyle>
    </Style>
    <Style id="icon-1899-A52714-highlight">
      <IconStyle>
        <color>ff1427a5</color>
        <scale>1</scale>
        <Icon>
          <href>https://www.gstatic.com/mapspro/images/stock/503-wht-blank_maps.png</href>
        </Icon>
        <hotSpot x="32" xunits="pixels" y="64" yunits="insetPixels"/>
      </IconStyle>
      <LabelStyle>
        <scale>1</scale>
      </LabelStyle>
    </Style>
    <StyleMap id="icon-1899-A52714">
      <Pair>
        <key>normal</key>
        <styleUrl>#icon-1899-A52714-normal</styleUrl>
      </Pair>
      <Pair>
        <key>highlight</key>
        <styleUrl>#icon-1899-A52714-highlight</styleUrl>
      </Pair>
    </StyleMap>
    <Style id="icon-1899-E65100-nodesc-normal">
      <IconStyle>
        <color>ff0051e6</color>
        <scale>1</scale>
        <Icon>
          <href>https://www.gstatic.com/mapspro/images/stock/503-wht-blank_maps.png</href>
        </Icon>
        <hotSpot x="32" xunits="pixels" y="64" yunits="insetPixels"/>
      </IconStyle>
      <LabelStyle>
        <scale>0</scale>
      </LabelStyle>
      <BalloonStyle>
        <text><![CDATA[<h3>$[name]</h3>]]></text>
      </BalloonStyle>
    </Style>
    <Style id="icon-1899-E65100-nodesc-highlight">
      <IconStyle>
        <color>ff0051e6</color>
        <scale>1</scale>
        <Icon>
          <href>https://www.gstatic.com/mapspro/images/stock/503-wht-blank_maps.png</href>
        </Icon>
        <hotSpot x="32" xunits="pixels" y="64" yunits="insetPixels"/>
      </IconStyle>
      <LabelStyle>
        <scale>1</scale>
      </LabelStyle>
      <BalloonStyle>
        <text><![CDATA[<h3>$[name]</h3>]]></text>
      </BalloonStyle>
    </Style>
    <StyleMap id="icon-1899-E65100-nodesc">
      <Pair>
        <key>normal</key>
        <styleUrl>#icon-1899-E65100-nodesc-normal</styleUrl>
      </Pair>
      <Pair>
        <key>highlight</key>
        <styleUrl>#icon-1899-E65100-nodesc-highlight</styleUrl>
      </Pair>
    </StyleMap>
    <Style id="icon-1899-FF5252-nodesc-normal">
      <IconStyle>
        <color>ff5252ff</color>
        <scale>1</scale>
        <Icon>
          <href>https://www.gstatic.com/mapspro/images/stock/503-wht-blank_maps.png</href>
        </Icon>
        <hotSpot x="32" xunits="pixels" y="64" yunits="insetPixels"/>
      </IconStyle>
      <LabelStyle>
        <scale>0</scale>
      </LabelStyle>
      <BalloonStyle>
        <text><![CDATA[<h3>$[name]</h3>]]></text>
      </BalloonStyle>
    </Style>
    <Style id="icon-1899-FF5252-nodesc-highlight">
      <IconStyle>
        <color>ff5252ff</color>
        <scale>1</scale>
        <Icon>
          <href>https://www.gstatic.com/mapspro/images/stock/503-wht-blank_maps.png</href>
        </Icon>
        <hotSpot x="32" xunits="pixels" y="64" yunits="insetPixels"/>
      </IconStyle>
      <LabelStyle>
        <scale>1</scale>
      </LabelStyle>
      <BalloonStyle>
        <text><![CDATA[<h3>$[name]</h3>]]></text>
      </BalloonStyle>
    </Style>
    <StyleMap id="icon-1899-FF5252-nodesc">
      <Pair>
        <key>normal</key>
        <styleUrl>#icon-1899-FF5252-nodesc-normal</styleUrl>
      </Pair>
      <Pair>
        <key>highlight</key>
        <styleUrl>#icon-1899-FF5252-nodesc-highlight</styleUrl>
      </Pair>
    </StyleMap>
    <Style id="poly-000000-2000-77-normal">
      <LineStyle>
        <color>ff000000</color>
        <width>2</width>
      </LineStyle>
      <PolyStyle>
        <color>4d000000</color>
        <fill>1</fill>
        <outline>1</outline>
      </PolyStyle>
    </Style>
    <Style id="poly-000000-2000-77-highlight">
      <LineStyle>
        <color>ff000000</color>
        <width>3</width>
      </LineStyle>
      <PolyStyle>
        <color>4d000000</color>
        <fill>1</fill>
        <outline>1</outline>
      </PolyStyle>
    </Style>
    <StyleMap id="poly-000000-2000-77">
      <Pair>
        <key>normal</key>
        <styleUrl>#poly-000000-2000-77-normal</styleUrl>
      </Pair>
      <Pair>
        <key>highlight</key>
        <styleUrl>#poly-000000-2000-77-highlight</styleUrl>
      </Pair>
    </StyleMap>
    <Style id="poly-006064-2000-77-normal">
      <LineStyle>
        <color>ff646000</color>
        <width>2</width>
      </LineStyle>
      <PolyStyle>
        <color>4d646000</color>
        <fill>1</fill>
        <outline>1</outline>
      </PolyStyle>
    </Style>
    <Style id="poly-006064-2000-77-highlight">
      <LineStyle>
        <color>ff646000</color>
        <width>3</width>
      </LineStyle>
      <PolyStyle>
        <color>4d646000</color>
        <fill>1</fill>
        <outline>1</outline>
      </PolyStyle>
    </Style>
    <StyleMap id="poly-006064-2000-77">
      <Pair>
        <key>normal</key>
        <styleUrl>#poly-006064-2000-77-normal</styleUrl>
      </Pair>
      <Pair>
        <key>highlight</key>
        <styleUrl>#poly-006064-2000-77-highlight</styleUrl>
      </Pair>
    </StyleMap>
    <Style id="poly-0097A7-2000-77-normal">
      <LineStyle>
        <color>ffa79700</color>
        <width>2</width>
      </LineStyle>
      <PolyStyle>
        <color>4da79700</color>
        <fill>1</fill>
        <outline>1</outline>
      </PolyStyle>
    </Style>
    <Style id="poly-0097A7-2000-77-highlight">
      <LineStyle>
        <color>ffa79700</color>
        <width>3</width>
      </LineStyle>
      <PolyStyle>
        <color>4da79700</color>
        <fill>1</fill>
        <outline>1</outline>
      </PolyStyle>
    </Style>
    <StyleMap id="poly-0097A7-2000-77">
      <Pair>
        <key>normal</key>
        <styleUrl>#poly-0097A7-2000-77-normal</styleUrl>
      </Pair>
      <Pair>
        <key>highlight</key>
        <styleUrl>#poly-0097A7-2000-77-highlight</styleUrl>
      </Pair>
    </StyleMap>
    <Style id="poly-01579B-3000-166-normal">
      <LineStyle>
        <color>ff9b5701</color>
        <width>3</width>
      </LineStyle>
      <PolyStyle>
        <color>a69b5701</color>
        <fill>1</fill>
        <outline>1</outline>
      </PolyStyle>
    </Style>
    <Style id="poly-01579B-3000-166-highlight">
      <LineStyle>
        <color>ff9b5701</color>
        <width>4.5</width>
      </LineStyle>
      <PolyStyle>
        <color>a69b5701</color>
        <fill>1</fill>
        <outline>1</outline>
      </PolyStyle>
    </Style>
    <StyleMap id="poly-01579B-3000-166">
      <Pair>
        <key>normal</key>
        <styleUrl>#poly-01579B-3000-166-normal</styleUrl>
      </Pair>
      <Pair>
        <key>highlight</key>
        <styleUrl>#poly-01579B-3000-166-highlight</styleUrl>
      </Pair>
    </StyleMap>
    <Style id="poly-0288D1-2000-110-normal">
      <LineStyle>
        <color>ffd18802</color>
        <width>2</width>
      </LineStyle>
      <PolyStyle>
        <color>6ed18802</color>
        <fill>1</fill>
        <outline>1</outline>
      </PolyStyle>
    </Style>
    <Style id="poly-0288D1-2000-110-highlight">
      <LineStyle>
        <color>ffd18802</color>
        <width>3</width>
      </LineStyle>
      <PolyStyle>
        <color>6ed18802</color>
        <fill>1</fill>
        <outline>1</outline>
      </PolyStyle>
    </Style>
    <StyleMap id="poly-0288D1-2000-110">
      <Pair>
        <key>normal</key>
        <styleUrl>#poly-0288D1-2000-110-normal</styleUrl>
      </Pair>
      <Pair>
        <key>highlight</key>
        <styleUrl>#poly-0288D1-2000-110-highlight</styleUrl>
      </Pair>
    </StyleMap>
    <Style id="poly-097138-2000-120-normal">
      <LineStyle>
        <color>ff387109</color>
        <width>2</width>
      </LineStyle>
      <PolyStyle>
        <color>78387109</color>
        <fill>1</fill>
        <outline>1</outline>
      </PolyStyle>
    </Style>
    <Style id="poly-097138-2000-120-highlight">
      <LineStyle>
        <color>ff387109</color>
        <width>3</width>
      </LineStyle>
      <PolyStyle>
        <color>78387109</color>
        <fill>1</fill>
        <outline>1</outline>
      </PolyStyle>
    </Style>
    <StyleMap id="poly-097138-2000-120">
      <Pair>
        <key>normal</key>
        <styleUrl>#poly-097138-2000-120-normal</styleUrl>
      </Pair>
      <Pair>
        <key>highlight</key>
        <styleUrl>#poly-097138-2000-120-highlight</styleUrl>
      </Pair>
    </StyleMap>
    <Style id="poly-097138-2000-77-normal">
      <LineStyle>
        <color>ff387109</color>
        <width>2</width>
      </LineStyle>
      <PolyStyle>
        <color>4d387109</color>
        <fill>1</fill>
        <outline>1</outline>
      </PolyStyle>
    </Style>
    <Style id="poly-097138-2000-77-highlight">
      <LineStyle>
        <color>ff387109</color>
        <width>3</width>
      </LineStyle>
      <PolyStyle>
        <color>4d387109</color>
        <fill>1</fill>
        <outline>1</outline>
      </PolyStyle>
    </Style>
    <StyleMap id="poly-097138-2000-77">
      <Pair>
        <key>normal</key>
        <styleUrl>#poly-097138-2000-77-normal</styleUrl>
      </Pair>
      <Pair>
        <key>highlight</key>
        <styleUrl>#poly-097138-2000-77-highlight</styleUrl>
      </Pair>
    </StyleMap>
    <Style id="poly-0F9D58-2000-219-normal">
      <LineStyle>
        <color>ff589d0f</color>
        <width>2</width>
      </LineStyle>
      <PolyStyle>
        <color>db589d0f</color>
        <fill>1</fill>
        <outline>1</outline>
      </PolyStyle>
    </Style>
    <Style id="poly-0F9D58-2000-219-highlight">
      <LineStyle>
        <color>ff589d0f</color>
        <width>3</width>
      </LineStyle>
      <PolyStyle>
        <color>db589d0f</color>
        <fill>1</fill>
        <outline>1</outline>
      </PolyStyle>
    </Style>
    <StyleMap id="poly-0F9D58-2000-219">
      <Pair>
        <key>normal</key>
        <styleUrl>#poly-0F9D58-2000-219-normal</styleUrl>
      </Pair>
      <Pair>
        <key>highlight</key>
        <styleUrl>#poly-0F9D58-2000-219-highlight</styleUrl>
      </Pair>
    </StyleMap>
    <Style id="poly-0F9D58-2000-77-normal">
      <LineStyle>
        <color>ff589d0f</color>
        <width>2</width>
      </LineStyle>
      <PolyStyle>
        <color>4d589d0f</color>
        <fill>1</fill>
        <outline>1</outline>
      </PolyStyle>
    </Style>
    <Style id="poly-0F9D58-2000-77-highlight">
      <LineStyle>
        <color>ff589d0f</color>
        <width>3</width>
      </LineStyle>
      <PolyStyle>
        <color>4d589d0f</color>
        <fill>1</fill>
        <outline>1</outline>
      </PolyStyle>
    </Style>
    <StyleMap id="poly-0F9D58-2000-77">
      <Pair>
        <key>normal</key>
        <styleUrl>#poly-0F9D58-2000-77-normal</styleUrl>
      </Pair>
      <Pair>
        <key>highlight</key>
        <styleUrl>#poly-0F9D58-2000-77-highlight</styleUrl>
      </Pair>
    </StyleMap>
    <Style id="poly-0F9D58-2000-99-normal">
      <LineStyle>
        <color>ff589d0f</color>
        <width>2</width>
      </LineStyle>
      <PolyStyle>
        <color>63589d0f</color>
        <fill>1</fill>
        <outline>1</outline>
      </PolyStyle>
    </Style>
    <Style id="poly-0F9D58-2000-99-highlight">
      <LineStyle>
        <color>ff589d0f</color>
        <width>3</width>
      </LineStyle>
      <PolyStyle>
        <color>63589d0f</color>
        <fill>1</fill>
        <outline>1</outline>
      </PolyStyle>
    </Style>
    <StyleMap id="poly-0F9D58-2000-99">
      <Pair>
        <key>normal</key>
        <styleUrl>#poly-0F9D58-2000-99-normal</styleUrl>
      </Pair>
      <Pair>
        <key>highlight</key>
        <styleUrl>#poly-0F9D58-2000-99-highlight</styleUrl>
      </Pair>
    </StyleMap>
    <Style id="poly-1A237E-2000-77-normal">
      <LineStyle>
        <color>ff7e231a</color>
        <width>2</width>
      </LineStyle>
      <PolyStyle>
        <color>4d7e231a</color>
        <fill>1</fill>
        <outline>1</outline>
      </PolyStyle>
    </Style>
    <Style id="poly-1A237E-2000-77-highlight">
      <LineStyle>
        <color>ff7e231a</color>
        <width>3</width>
      </LineStyle>
      <PolyStyle>
        <color>4d7e231a</color>
        <fill>1</fill>
        <outline>1</outline>
      </PolyStyle>
    </Style>
    <StyleMap id="poly-1A237E-2000-77">
      <Pair>
        <key>normal</key>
        <styleUrl>#poly-1A237E-2000-77-normal</styleUrl>
      </Pair>
      <Pair>
        <key>highlight</key>
        <styleUrl>#poly-1A237E-2000-77-highlight</styleUrl>
      </Pair>
    </StyleMap>
    <Style id="poly-817717-2000-77-normal">
      <LineStyle>
        <color>ff177781</color>
        <width>2</width>
      </LineStyle>
      <PolyStyle>
        <color>4d177781</color>
        <fill>1</fill>
        <outline>1</outline>
      </PolyStyle>
    </Style>
    <Style id="poly-817717-2000-77-highlight">
      <LineStyle>
        <color>ff177781</color>
        <width>3</width>
      </LineStyle>
      <PolyStyle>
        <color>4d177781</color>
        <fill>1</fill>
        <outline>1</outline>
      </PolyStyle>
    </Style>
    <StyleMap id="poly-817717-2000-77">
      <Pair>
        <key>normal</key>
        <styleUrl>#poly-817717-2000-77-normal</styleUrl>
      </Pair>
      <Pair>
        <key>highlight</key>
        <styleUrl>#poly-817717-2000-77-highlight</styleUrl>
      </Pair>
    </StyleMap>
    <Style id="poly-880E4F-2000-77-normal">
      <LineStyle>
        <color>ff4f0e88</color>
        <width>2</width>
      </LineStyle>
      <PolyStyle>
        <color>4d4f0e88</color>
        <fill>1</fill>
        <outline>1</outline>
      </PolyStyle>
    </Style>
    <Style id="poly-880E4F-2000-77-highlight">
      <LineStyle>
        <color>ff4f0e88</color>
        <width>3</width>
      </LineStyle>
      <PolyStyle>
        <color>4d4f0e88</color>
        <fill>1</fill>
        <outline>1</outline>
      </PolyStyle>
    </Style>
    <StyleMap id="poly-880E4F-2000-77">
      <Pair>
        <key>normal</key>
        <styleUrl>#poly-880E4F-2000-77-normal</styleUrl>
      </Pair>
      <Pair>
        <key>highlight</key>
        <styleUrl>#poly-880E4F-2000-77-highlight</styleUrl>
      </Pair>
    </StyleMap>
    <Style id="poly-9C27B0-2000-77-normal">
      <LineStyle>
        <color>ffb0279c</color>
        <width>2</width>
      </LineStyle>
      <PolyStyle>
        <color>4db0279c</color>
        <fill>1</fill>
        <outline>1</outline>
      </PolyStyle>
    </Style>
    <Style id="poly-9C27B0-2000-77-highlight">
      <LineStyle>
        <color>ffb0279c</color>
        <width>3</width>
      </LineStyle>
      <PolyStyle>
        <color>4db0279c</color>
        <fill>1</fill>
        <outline>1</outline>
      </PolyStyle>
    </Style>
    <StyleMap id="poly-9C27B0-2000-77">
      <Pair>
        <key>normal</key>
        <styleUrl>#poly-9C27B0-2000-77-normal</styleUrl>
      </Pair>
      <Pair>
        <key>highlight</key>
        <styleUrl>#poly-9C27B0-2000-77-highlight</styleUrl>
      </Pair>
    </StyleMap>
    <Style id="poly-C2185B-2000-77-normal">
      <LineStyle>
        <color>ff5b18c2</color>
        <width>2</width>
      </LineStyle>
      <PolyStyle>
        <color>4d5b18c2</color>
        <fill>1</fill>
        <outline>1</outline>
      </PolyStyle>
    </Style>
    <Style id="poly-C2185B-2000-77-highlight">
      <LineStyle>
        <color>ff5b18c2</color>
        <width>3</width>
      </LineStyle>
      <PolyStyle>
        <color>4d5b18c2</color>
        <fill>1</fill>
        <outline>1</outline>
      </PolyStyle>
    </Style>
    <StyleMap id="poly-C2185B-2000-77">
      <Pair>
        <key>normal</key>
        <styleUrl>#poly-C2185B-2000-77-normal</styleUrl>
      </Pair>
      <Pair>
        <key>highlight</key>
        <styleUrl>#poly-C2185B-2000-77-highlight</styleUrl>
      </Pair>
    </StyleMap>
    <Style id="poly-E65100-2000-135-normal">
      <LineStyle>
        <color>ff0051e6</color>
        <width>2</width>
      </LineStyle>
      <PolyStyle>
        <color>870051e6</color>
        <fill>1</fill>
        <outline>1</outline>
      </PolyStyle>
    </Style>
    <Style id="poly-E65100-2000-135-highlight">
      <LineStyle>
        <color>ff0051e6</color>
        <width>3</width>
      </LineStyle>
      <PolyStyle>
        <color>870051e6</color>
        <fill>1</fill>
        <outline>1</outline>
      </PolyStyle>
    </Style>
    <StyleMap id="poly-E65100-2000-135">
      <Pair>
        <key>normal</key>
        <styleUrl>#poly-E65100-2000-135-normal</styleUrl>
      </Pair>
      <Pair>
        <key>highlight</key>
        <styleUrl>#poly-E65100-2000-135-highlight</styleUrl>
      </Pair>
    </StyleMap>
    <Style id="poly-E65100-2000-158-normal">
      <LineStyle>
        <color>ff0051e6</color>
        <width>2</width>
      </LineStyle>
      <PolyStyle>
        <color>9e0051e6</color>
        <fill>1</fill>
        <outline>1</outline>
      </PolyStyle>
    </Style>
    <Style id="poly-E65100-2000-158-highlight">
      <LineStyle>
        <color>ff0051e6</color>
        <width>3</width>
      </LineStyle>
      <PolyStyle>
        <color>9e0051e6</color>
        <fill>1</fill>
        <outline>1</outline>
      </PolyStyle>
    </Style>
    <StyleMap id="poly-E65100-2000-158">
      <Pair>
        <key>normal</key>
        <styleUrl>#poly-E65100-2000-158-normal</styleUrl>
      </Pair>
      <Pair>
        <key>highlight</key>
        <styleUrl>#poly-E65100-2000-158-highlight</styleUrl>
      </Pair>
    </StyleMap>
    <Style id="poly-E65100-2000-77-normal">
      <LineStyle>
        <color>ff0051e6</color>
        <width>2</width>
      </LineStyle>
      <PolyStyle>
        <color>4d0051e6</color>
        <fill>1</fill>
        <outline>1</outline>
      </PolyStyle>
    </Style>
    <Style id="poly-E65100-2000-77-highlight">
      <LineStyle>
        <color>ff0051e6</color>
        <width>3</width>
      </LineStyle>
      <PolyStyle>
        <color>4d0051e6</color>
        <fill>1</fill>
        <outline>1</outline>
      </PolyStyle>
    </Style>
    <StyleMap id="poly-E65100-2000-77">
      <Pair>
        <key>normal</key>
        <styleUrl>#poly-E65100-2000-77-normal</styleUrl>
      </Pair>
      <Pair>
        <key>highlight</key>
        <styleUrl>#poly-E65100-2000-77-highlight</styleUrl>
      </Pair>
    </StyleMap>
    <Style id="poly-E65100-3000-168-normal">
      <LineStyle>
        <color>ff0051e6</color>
        <width>3</width>
      </LineStyle>
      <PolyStyle>
        <color>a80051e6</color>
        <fill>1</fill>
        <outline>1</outline>
      </PolyStyle>
    </Style>
    <Style id="poly-E65100-3000-168-highlight">
      <LineStyle>
        <color>ff0051e6</color>
        <width>4.5</width>
      </LineStyle>
      <PolyStyle>
        <color>a80051e6</color>
        <fill>1</fill>
        <outline>1</outline>
      </PolyStyle>
    </Style>
    <StyleMap id="poly-E65100-3000-168">
      <Pair>
        <key>normal</key>
        <styleUrl>#poly-E65100-3000-168-normal</styleUrl>
      </Pair>
      <Pair>
        <key>highlight</key>
        <styleUrl>#poly-E65100-3000-168-highlight</styleUrl>
      </Pair>
    </StyleMap>
    <Style id="poly-E65100-3000-171-normal">
      <LineStyle>
        <color>ff0051e6</color>
        <width>3</width>
      </LineStyle>
      <PolyStyle>
        <color>ab0051e6</color>
        <fill>1</fill>
        <outline>1</outline>
      </PolyStyle>
    </Style>
    <Style id="poly-E65100-3000-171-highlight">
      <LineStyle>
        <color>ff0051e6</color>
        <width>4.5</width>
      </LineStyle>
      <PolyStyle>
        <color>ab0051e6</color>
        <fill>1</fill>
        <outline>1</outline>
      </PolyStyle>
    </Style>
    <StyleMap id="poly-E65100-3000-171">
      <Pair>
        <key>normal</key>
        <styleUrl>#poly-E65100-3000-171-normal</styleUrl>
      </Pair>
      <Pair>
        <key>highlight</key>
        <styleUrl>#poly-E65100-3000-171-highlight</styleUrl>
      </Pair>
    </StyleMap>
    <Style id="poly-F48FB1-2000-61-normal">
      <LineStyle>
        <color>ffb18ff4</color>
        <width>2</width>
      </LineStyle>
      <PolyStyle>
        <color>3db18ff4</color>
        <fill>1</fill>
        <outline>1</outline>
      </PolyStyle>
    </Style>
    <Style id="poly-F48FB1-2000-61-highlight">
      <LineStyle>
        <color>ffb18ff4</color>
        <width>3</width>
      </LineStyle>
      <PolyStyle>
        <color>3db18ff4</color>
        <fill>1</fill>
        <outline>1</outline>
      </PolyStyle>
    </Style>
    <StyleMap id="poly-F48FB1-2000-61">
      <Pair>
        <key>normal</key>
        <styleUrl>#poly-F48FB1-2000-61-normal</styleUrl>
      </Pair>
      <Pair>
        <key>highlight</key>
        <styleUrl>#poly-F48FB1-2000-61-highlight</styleUrl>
      </Pair>
    </StyleMap>
    <Style id="poly-F48FB1-2000-77-normal">
      <LineStyle>
        <color>ffb18ff4</color>
        <width>2</width>
      </LineStyle>
      <PolyStyle>
        <color>4db18ff4</color>
        <fill>1</fill>
        <outline>1</outline>
      </PolyStyle>
    </Style>
    <Style id="poly-F48FB1-2000-77-highlight">
      <LineStyle>
        <color>ffb18ff4</color>
        <width>3</width>
      </LineStyle>
      <PolyStyle>
        <color>4db18ff4</color>
        <fill>1</fill>
        <outline>1</outline>
      </PolyStyle>
    </Style>
    <StyleMap id="poly-F48FB1-2000-77">
      <Pair>
        <key>normal</key>
        <styleUrl>#poly-F48FB1-2000-77-normal</styleUrl>
      </Pair>
      <Pair>
        <key>highlight</key>
        <styleUrl>#poly-F48FB1-2000-77-highlight</styleUrl>
      </Pair>
    </StyleMap>
    <Folder>
      <name>Вінниця</name>
      <Placemark>
        <name>Винница, ТРЦ Мегамолл
вул 600-річчя, 17е </name>
        <description><![CDATA[Доставляємо за 60-90 хвилин, самовивіз протягом 40 хвилин<br>Безкоштовна доставка від 1199 грн, якщо замовлення 699-1198 грн – доставка 29 грн, 251-698 грн – доставка 89 грн, менше 250 грн – тільки самовивіз]]></description>
        <styleUrl>#poly-097138-2000-77</styleUrl>
        <Polygon>
          <outerBoundaryIs>
            <LinearRing>
              <tessellate>1</tessellate>
              <coordinates>
                28.531066,49.229506,0
                28.53133,49.229471,0
                28.532079,49.229341,0
                28.532828,49.229169,0
                28.534744,49.228595,0
                28.535213,49.228942,0
                28.535255,49.22913,0
                28.5352,49.229346,0
                28.534874,49.23015,0
                28.536409,49.233967,0
                28.536465,49.234183,0
                28.536612,49.234708,0
                28.536864,49.23542,0
                28.537115,49.23615,0
                28.537189,49.236561,0
                28.536892,49.236666,0
                28.536556,49.236694,0
                28.536232,49.23672,0
                28.535492,49.236787,0
                28.534799,49.236866,0
                28.534046,49.236967,0
                28.533199,49.237056,0
                28.533243,49.237177,0
                28.533458,49.237904,0
                28.533646,49.238631,0
                28.533797,49.239388,0
                28.533906,49.23989,0
                28.534478,49.239956,0
                28.534972,49.240053,0
                28.534972,49.240079,0
                28.534812,49.240747,0
                28.536121,49.24097,0
                28.536657,49.241148,0
                28.536218,49.242388,0
                28.535955,49.243134,0
                28.536333,49.243418,0
                28.53669,49.243705,0
                28.536647,49.243859,0
                28.536652,49.243924,0
                28.53669,49.243986,0
                28.537082,49.244245,0
                28.537591,49.244532,0
                28.537685,49.244556,0
                28.537843,49.244509,0
                28.538149,49.244438,0
                28.538361,49.244371,0
                28.538541,49.244273,0
                28.538609,49.244107,0
                28.538651,49.243912,0
                28.538772,49.243657,0
                28.539003,49.243372,0
                28.539741,49.243293,0
                28.540389,49.243247,0
                28.540776,49.243211,0
                28.541099,49.243104,0
                28.541664,49.242886,0
                28.54189,49.242816,0
                28.542033,49.242779,0
                28.54178,49.242448,0
                28.541569,49.242202,0
                28.541502,49.242069,0
                28.541482,49.241932,0
                28.541487,49.241861,0
                28.541519,49.241789,0
                28.541625,49.241676,0
                28.541749,49.241546,0
                28.541819,49.241479,0
                28.541878,49.241447,0
                28.541934,49.241413,0
                28.542056,49.241386,0
                28.542641,49.241307,0
                28.543136,49.24121,0
                28.544222,49.241084,0
                28.544934,49.241001,0
                28.545538,49.240914,0
                28.545826,49.240866,0
                28.546451,49.240789,0
                28.547065,49.241559,0
                28.547551,49.242066,0
                28.547848,49.242292,0
                28.548145,49.242608,0
                28.548345,49.243857,0
                28.548131,49.243974,0
                28.548647,49.244616,0
                28.549836,49.244256,0
                28.550161,49.244562,0
                28.549026,49.245077,0
                28.549509,49.24565,0
                28.549902,49.246156,0
                28.550082,49.246375,0
                28.550322,49.246641,0
                28.552138,49.246015,0
                28.552277,49.246169,0
                28.550537,49.246889,0
                28.550844,49.247262,0
                28.550894,49.24738,0
                28.551051,49.247641,0
                28.551158,49.247837,0
                28.551405,49.247927,0
                28.551684,49.248067,0
                28.551806,49.248069,0
                28.552013,49.248003,0
                28.552338,49.247883,0
                28.552826,49.247681,0
                28.553002,49.247697,0
                28.554179,49.24823,0
                28.554351,49.248417,0
                28.554434,49.2485,0
                28.554499,49.248624,0
                28.554604,49.248818,0
                28.554722,49.248987,0
                28.555148,49.249618,0
                28.555429,49.25007,0
                28.555472,49.250162,0
                28.555571,49.2503,0
                28.555811,49.250642,0
                28.555994,49.250924,0
                28.556098,49.251096,0
                28.556195,49.251248,0
                28.556438,49.251616,0
                28.55667,49.251989,0
                28.55703,49.252542,0
                28.557236,49.252827,0
                28.557412,49.253134,0
                28.557538,49.253305,0
                28.557686,49.253525,0
                28.557966,49.253998,0
                28.558046,49.254156,0
                28.558084,49.254238,0
                28.5581,49.254319,0
                28.558093,49.25439,0
                28.558114,49.254454,0
                28.558142,49.254509,0
                28.55821,49.254604,0
                28.558316,49.254806,0
                28.55836,49.255006,0
                28.558317,49.255088,0
                28.558226,49.255171,0
                28.558078,49.255219,0
                28.557923,49.255251,0
                28.55781,49.255275,0
                28.557714,49.255327,0
                28.55764,49.255485,0
                28.557547,49.255704,0
                28.558014,49.255803,0
                28.557934,49.25595,0
                28.557848,49.256178,0
                28.557834,49.256262,0
                28.557821,49.256323,0
                28.557819,49.256381,0
                28.557759,49.256467,0
                28.557452,49.256602,0
                28.557026,49.256811,0
                28.555723,49.257434,0
                28.554792,49.257841,0
                28.5542,49.258104,0
                28.551988,49.259045,0
                28.549816,49.259907,0
                28.548878,49.260237,0
                28.54794,49.260568,0
                28.546075,49.26123,0
                28.544421,49.261842,0
                28.542477,49.262475,0
                28.541601,49.26281,0
                28.53951,49.263534,0
                28.539857,49.264015,0
                28.540864,49.265266,0
                28.542356,49.26719,0
                28.54278,49.268012,0
                28.542803,49.268163,0
                28.542783,49.268419,0
                28.542721,49.268809,0
                28.542217,49.268872,0
                28.541445,49.268851,0
                28.540608,49.26869,0
                28.540015,49.268611,0
                28.539229,49.268631,0
                28.538052,49.268662,0
                28.537023,49.268755,0
                28.536488,49.268841,0
                28.535624,49.268979,0
                28.534954,49.26909,0
                28.534817,49.269073,0
                28.534557,49.268807,0
                28.533656,49.267676,0
                28.532519,49.266162,0
                28.531554,49.26495,0
                28.531296,49.264827,0
                28.530792,49.264843,0
                28.530078,49.264592,0
                28.529861,49.264361,0
                28.528261,49.264736,0
                28.527193,49.264923,0
                28.526423,49.264821,0
                28.526381,49.265687,0
                28.526022,49.265927,0
                28.524132,49.267549,0
                28.522885,49.268877,0
                28.52297,49.269192,0
                28.523173,49.269532,0
                28.523385,49.269804,0
                28.523918,49.270191,0
                28.524578,49.270654,0
                28.524721,49.270768,0
                28.524957,49.270921,0
                28.525063,49.270987,0
                28.525194,49.271084,0
                28.525516,49.271308,0
                28.525926,49.271591,0
                28.526414,49.271914,0
                28.526583,49.272077,0
                28.526602,49.272352,0
                28.526648,49.272951,0
                28.52667,49.273278,0
                28.526689,49.273486,0
                28.526705,49.273547,0
                28.526728,49.273621,0
                28.525504,49.273344,0
                28.525212,49.273285,0
                28.524219,49.273056,0
                28.523177,49.272817,0
                28.521282,49.272384,0
                28.518866,49.27184,0
                28.517421,49.271522,0
                28.517091,49.271576,0
                28.516749,49.271643,0
                28.516406,49.271742,0
                28.514971,49.27216,0
                28.514619,49.272302,0
                28.514494,49.27236,0
                28.514648,49.272962,0
                28.514692,49.273227,0
                28.514731,49.273523,0
                28.514747,49.273643,0
                28.514768,49.273793,0
                28.514541,49.273768,0
                28.514293,49.273691,0
                28.513615,49.273542,0
                28.512764,49.273377,0
                28.511762,49.273147,0
                28.511568,49.273095,0
                28.510794,49.272799,0
                28.509594,49.27232,0
                28.50938,49.272256,0
                28.509142,49.272034,0
                28.50898,49.271786,0
                28.508753,49.271588,0
                28.508252,49.271205,0
                28.508047,49.271068,0
                28.507595,49.271357,0
                28.507036,49.271705,0
                28.50628,49.272174,0
                28.505868,49.27234,0
                28.50572,49.272145,0
                28.505626,49.271922,0
                28.505492,49.271307,0
                28.505138,49.270121,0
                28.505004,49.269573,0
                28.504612,49.269057,0
                28.504223,49.268543,0
                28.50319,49.26833,0
                28.502408,49.268194,0
                28.501804,49.268114,0
                28.501402,49.268069,0
                28.500669,49.267996,0
                28.499922,49.267894,0
                28.499151,49.267907,0
                28.498375,49.267929,0
                28.495594,49.268213,0
                28.494928,49.268274,0
                28.494273,49.26837,0
                28.493618,49.268486,0
                28.493,49.268629,0
                28.491861,49.268895,0
                28.490165,49.269315,0
                28.489131,49.269542,0
                28.488038,49.269685,0
                28.487352,49.269718,0
                28.486666,49.269702,0
                28.485272,49.269694,0
                28.484346,49.27056,0
                28.483505,49.271339,0
                28.483599,49.271838,0
                28.483577,49.272085,0
                28.483505,49.272172,0
                28.483368,49.272253,0
                28.482803,49.272359,0
                28.482172,49.272492,0
                28.482097,49.272488,0
                28.481054,49.272422,0
                28.481025,49.272706,0
                28.480784,49.273133,0
                28.480729,49.27324,0
                28.480687,49.273321,0
                28.480671,49.273353,0
                28.480566,49.273527,0
                28.480379,49.273857,0
                28.480194,49.27422,0
                28.479874,49.274847,0
                28.479738,49.275052,0
                28.479564,49.275223,0
                28.479406,49.275338,0
                28.479333,49.27538,0
                28.479232,49.275414,0
                28.479035,49.27547,0
                28.478844,49.275526,0
                28.478638,49.275579,0
                28.478448,49.275597,0
                28.478273,49.275576,0
                28.478087,49.275537,0
                28.477981,49.275511,0
                28.477878,49.275476,0
                28.477676,49.275278,0
                28.477693,49.27469,0
                28.477613,49.274514,0
                28.477484,49.274458,0
                28.475714,49.274472,0
                28.475009,49.274457,0
                28.474444,49.274197,0
                28.473428,49.273765,0
                28.472987,49.273767,0
                28.472661,49.273805,0
                28.472529,49.273805,0
                28.472445,49.27378,0
                28.472323,49.273763,0
                28.472137,49.273734,0
                28.472121,49.273703,0
                28.472129,49.273556,0
                28.472172,49.273194,0
                28.471973,49.273113,0
                28.471847,49.273017,0
                28.471774,49.272872,0
                28.471662,49.27254,0
                28.471404,49.271898,0
                28.471087,49.271151,0
                28.470806,49.270833,0
                28.470735,49.270748,0
                28.470685,49.270634,0
                28.47069,49.270502,0
                28.470733,49.270369,0
                28.470755,49.269126,0
                28.470771,49.268823,0
                28.470873,49.268519,0
                28.470804,49.268187,0
                28.470101,49.267618,0
                28.470084,49.267204,0
                28.469875,49.265615,0
                28.47061,49.265482,0
                28.470977,49.265366,0
                28.471322,49.265275,0
                28.471538,49.265163,0
                28.472428,49.265146,0
                28.472994,49.265226,0
                28.472965,49.264281,0
                28.472948,49.263651,0
                28.470845,49.263732,0
                28.470555,49.263378,0
                28.470345,49.26305,0
                28.470232,49.262665,0
                28.4704,49.26237,0
                28.470548,49.26213,0
                28.47063,49.26195,0
                28.470627,49.26177,0
                28.46721,49.261653,0
                28.467128,49.261693,0
                28.467005,49.261731,0
                28.466904,49.261731,0
                28.466559,49.2618,0
                28.466494,49.261858,0
                28.466397,49.261901,0
                28.466097,49.261966,0
                28.46492,49.262064,0
                28.464277,49.262271,0
                28.463457,49.262607,0
                28.463181,49.262716,0
                28.462509,49.262975,0
                28.461938,49.263183,0
                28.461093,49.263482,0
                28.460735,49.263607,0
                28.460141,49.263825,0
                28.459307,49.264137,0
                28.458693,49.264394,0
                28.458293,49.26454,0
                28.458049,49.264643,0
                28.457827,49.264774,0
                28.457616,49.2648,0
                28.457443,49.264792,0
                28.457303,49.264713,0
                28.456953,49.264215,0
                28.456393,49.263505,0
                28.455866,49.262855,0
                28.4553,49.262264,0
                28.45464,49.262362,0
                28.454367,49.262398,0
                28.454072,49.262386,0
                28.453768,49.262326,0
                28.453464,49.262223,0
                28.452862,49.26199,0
                28.452476,49.261758,0
                28.451715,49.26132,0
                28.45147,49.261262,0
                28.450888,49.261265,0
                28.450814,49.261254,0
                28.450751,49.261202,0
                28.450255,49.260941,0
                28.449394,49.260613,0
                28.44886,49.260433,0
                28.447919,49.260364,0
                28.447166,49.260342,0
                28.446757,49.260321,0
                28.446262,49.260356,0
                28.444993,49.260446,0
                28.443927,49.260569,0
                28.442351,49.260732,0
                28.441665,49.260794,0
                28.441456,49.260815,0
                28.44115,49.260836,0
                28.440973,49.260734,0
                28.440802,49.260486,0
                28.440609,49.260125,0
                28.440137,49.259421,0
                28.440272,49.259158,0
                28.440529,49.258926,0
                28.440803,49.258693,0
                28.441543,49.258146,0
                28.442578,49.257824,0
                28.443329,49.257588,0
                28.444086,49.257394,0
                28.445904,49.257061,0
                28.446258,49.255456,0
                28.445349,49.255336,0
                28.445,49.255399,0
                28.444661,49.25547,0
                28.444113,49.255576,0
                28.443648,49.255613,0
                28.443199,49.255616,0
                28.442797,49.25558,0
                28.442513,49.255512,0
                28.442594,49.254955,0
                28.442685,49.25479,0
                28.442787,49.254618,0
                28.442981,49.25431,0
                28.443443,49.253825,0
                28.443728,49.253866,0
                28.444227,49.253487,0
                28.444566,49.253262,0
                28.444631,49.253188,0
                28.44461,49.252614,0
                28.444656,49.252458,0
                28.444745,49.252345,0
                28.444794,49.252146,0
                28.444795,49.252014,0
                28.444753,49.251875,0
                28.444519,49.251483,0
                28.444377,49.251129,0
                28.444457,49.250922,0
                28.444602,49.25056,0
                28.444768,49.250234,0
                28.444882,49.25006,0
                28.444963,49.249871,0
                28.445233,49.249276,0
                28.445448,49.249096,0
                28.445714,49.248954,0
                28.445842,49.248896,0
                28.445862,49.248813,0
                28.445689,49.24851,0
                28.445237,49.24786,0
                28.444548,49.246881,0
                28.444224,49.246442,0
                28.442689,49.246908,0
                28.440949,49.247422,0
                28.439768,49.247757,0
                28.439551,49.247744,0
                28.43942,49.247601,0
                28.439159,49.247319,0
                28.438448,49.246503,0
                28.43723,49.245047,0
                28.43584,49.243191,0
                28.435743,49.243065,0
                28.431438,49.244648,0
                28.427674,49.243664,0
                28.427004,49.243392,0
                28.426285,49.243096,0
                28.42577,49.2427,0
                28.425585,49.242366,0
                28.425401,49.242032,0
                28.425126,49.241542,0
                28.424884,49.241347,0
                28.424572,49.2411,0
                28.424147,49.240751,0
                28.423517,49.240184,0
                28.42342,49.240056,0
                28.423395,49.239991,0
                28.423398,49.239886,0
                28.423976,49.239469,0
                28.424788,49.238908,0
                28.425102,49.238728,0
                28.425034,49.237857,0
                28.424806,49.237379,0
                28.424766,49.236962,0
                28.424753,49.236764,0
                28.424701,49.236489,0
                28.424948,49.236111,0
                28.425239,49.235769,0
                28.426369,49.235757,0
                28.426978,49.235758,0
                28.427465,49.235214,0
                28.427804,49.235322,0
                28.42778,49.23517,0
                28.427494,49.234508,0
                28.42411,49.234535,0
                28.422161,49.234545,0
                28.420207,49.234555,0
                28.418035,49.234546,0
                28.416227,49.23455,0
                28.416439,49.235236,0
                28.416687,49.235977,0
                28.416914,49.236572,0
                28.417461,49.237926,0
                28.415533,49.238296,0
                28.414596,49.238435,0
                28.4136,49.238602,0
                28.413171,49.238685,0
                28.413294,49.239028,0
                28.413342,49.239202,0
                28.413513,49.239614,0
                28.413765,49.240132,0
                28.41332,49.240287,0
                28.41266,49.240486,0
                28.41215,49.240635,0
                28.410463,49.241173,0
                28.409382,49.241498,0
                28.408362,49.241803,0
                28.406656,49.242308,0
                28.406039,49.242487,0
                28.405057,49.242764,0
                28.404878,49.242787,0
                28.404329,49.242065,0
                28.403713,49.241356,0
                28.403474,49.241077,0
                28.403229,49.240831,0
                28.403041,49.240674,0
                28.402811,49.240553,0
                28.402319,49.24031,0
                28.40143,49.23991,0
                28.40103,49.239735,0
                28.400436,49.239518,0
                28.400145,49.239481,0
                28.399986,49.239394,0
                28.399762,49.239234,0
                28.399249,49.238677,0
                28.398218,49.237777,0
                28.397546,49.237182,0
                28.397293,49.236963,0
                28.397019,49.236674,0
                28.397672,49.236355,0
                28.398104,49.236157,0
                28.398551,49.235938,0
                28.399171,49.235667,0
                28.399384,49.235568,0
                28.399512,49.235539,0
                28.399649,49.235432,0
                28.399917,49.23508,0
                28.39895,49.234748,0
                28.397893,49.234363,0
                28.395842,49.233663,0
                28.391784,49.232242,0
                28.383658,49.229407,0
                28.378905,49.227763,0
                28.37545,49.226535,0
                28.368005,49.22394,0
                28.369032,49.222923,0
                28.370043,49.221904,0
                28.370555,49.221402,0
                28.371094,49.220873,0
                28.371585,49.220356,0
                28.372119,49.219801,0
                28.372754,49.219193,0
                28.373454,49.218494,0
                28.373776,49.218175,0
                28.374114,49.217838,0
                28.374396,49.217549,0
                28.374849,49.21706,0
                28.375075,49.216839,0
                28.375328,49.216583,0
                28.375801,49.216077,0
                28.375996,49.215893,0
                28.37625,49.215638,0
                28.376438,49.215468,0
                28.376882,49.21502,0
                28.377396,49.214525,0
                28.377893,49.213999,0
                28.378899,49.21298,0
                28.379284,49.212604,0
                28.379659,49.212199,0
                28.380408,49.211474,0
                28.381865,49.21008,0
                28.382265,49.209689,0
                28.382692,49.209287,0
                28.383471,49.208546,0
                28.384406,49.20777,0
                28.384902,49.20747,0
                28.385447,49.207212,0
                28.385979,49.207008,0
                28.386527,49.2068,0
                28.38716,49.206582,0
                28.387498,49.206456,0
                28.388003,49.206273,0
                28.38862,49.206056,0
                28.389399,49.205785,0
                28.39003,49.205558,0
                28.390768,49.205304,0
                28.391782,49.204955,0
                28.392748,49.204613,0
                28.393645,49.204294,0
                28.394605,49.203965,0
                28.396306,49.203376,0
                28.396752,49.203218,0
                28.39747,49.202961,0
                28.398195,49.202714,0
                28.398521,49.202884,0
                28.398777,49.20302,0
                28.399949,49.203612,0
                28.40038,49.203849,0
                28.400858,49.204086,0
                28.401219,49.204284,0
                28.40144,49.204373,0
                28.401935,49.204159,0
                28.402017,49.204236,0
                28.402502,49.204594,0
                28.402594,49.204646,0
                28.402718,49.204735,0
                28.403733,49.205465,0
                28.404068,49.205223,0
                28.404568,49.204877,0
                28.40504,49.20456,0
                28.40569,49.204131,0
                28.406112,49.203842,0
                28.406631,49.203507,0
                28.407626,49.202845,0
                28.40953,49.201563,0
                28.411366,49.201211,0
                28.413336,49.202531,0
                28.413771,49.202887,0
                28.413818,49.202862,0
                28.413842,49.202837,0
                28.413962,49.202793,0
                28.416169,49.201496,0
                28.418791,49.203382,0
                28.418906,49.203465,0
                28.419901,49.204169,0
                28.420408,49.204545,0
                28.421018,49.204979,0
                28.421216,49.205002,0
                28.421993,49.205192,0
                28.422735,49.205368,0
                28.423805,49.205613,0
                28.425119,49.205913,0
                28.425876,49.206076,0
                28.42597,49.205925,0
                28.426108,49.205914,0
                28.426335,49.206267,0
                28.426757,49.206986,0
                28.427548,49.208286,0
                28.428327,49.209636,0
                28.428586,49.210162,0
                28.42891,49.210826,0
                28.429121,49.211227,0
                28.429343,49.211522,0
                28.430975,49.210917,0
                28.431883,49.21057,0
                28.43233,49.210364,0
                28.433148,49.209853,0
                28.433986,49.209305,0
                28.434828,49.208761,0
                28.435609,49.208258,0
                28.436401,49.207746,0
                28.438135,49.206518,0
                28.439778,49.205393,0
                28.440391,49.20498,0
                28.441096,49.204508,0
                28.441886,49.204004,0
                28.4417,49.203682,0
                28.441518,49.203356,0
                28.441872,49.203139,0
                28.442742,49.202646,0
                28.442893,49.202182,0
                28.442847,49.201916,0
                28.442138,49.201163,0
                28.440228,49.201214,0
                28.440142,49.200882,0
                28.440689,49.200543,0
                28.44223,49.199597,0
                28.442909,49.199415,0
                28.443616,49.199103,0
                28.442462,49.196828,0
                28.442567,49.196804,0
                28.443241,49.196647,0
                28.443141,49.196085,0
                28.443634,49.196142,0
                28.444015,49.196198,0
                28.444729,49.1963,0
                28.44533,49.196386,0
                28.445888,49.196444,0
                28.446215,49.196451,0
                28.446969,49.196442,0
                28.447311,49.19643,0
                28.448136,49.196327,0
                28.448367,49.195712,0
                28.448882,49.194371,0
                28.448963,49.194033,0
                28.449033,49.193712,0
                28.449098,49.193399,0
                28.449914,49.193237,0
                28.451499,49.193156,0
                28.452029,49.19316,0
                28.45226,49.193178,0
                28.452537,49.193162,0
                28.45306,49.193042,0
                28.453346,49.19296,0
                28.454434,49.192664,0
                28.454774,49.192575,0
                28.455135,49.192507,0
                28.455394,49.192475,0
                28.455653,49.19247,0
                28.456223,49.192512,0
                28.45641,49.192514,0
                28.456806,49.192447,0
                28.457334,49.192262,0
                28.457807,49.19221,0
                28.457861,49.192086,0
                28.45793,49.191912,0
                28.458037,49.191714,0
                28.458401,49.191618,0
                28.458828,49.19161,0
                28.45921,49.19169,0
                28.459381,49.191795,0
                28.459482,49.1919,0
                28.459741,49.191974,0
                28.460038,49.192084,0
                28.460354,49.192271,0
                28.460925,49.192769,0
                28.461153,49.192969,0
                28.461354,49.193173,0
                28.461398,49.193285,0
                28.461427,49.193414,0
                28.461452,49.193721,0
                28.461448,49.194051,0
                28.461374,49.194345,0
                28.461229,49.194648,0
                28.461062,49.194867,0
                28.460496,49.195276,0
                28.459822,49.195768,0
                28.458749,49.196403,0
                28.457654,49.197077,0
                28.456878,49.197463,0
                28.455673,49.198137,0
                28.454619,49.198866,0
                28.453689,49.199658,0
                28.453158,49.200161,0
                28.451967,49.200846,0
                28.453198,49.201964,0
                28.453913,49.20226,0
                28.454638,49.202402,0
                28.455855,49.20295,0
                28.457147,49.203371,0
                28.457889,49.203513,0
                28.45816,49.203683,0
                28.458413,49.203578,0
                28.458666,49.20362,0
                28.459323,49.203526,0
                28.460786,49.203074,0
                28.461778,49.202251,0
                28.46259,49.201683,0
                28.463157,49.201519,0
                28.46336,49.201508,0
                28.463497,49.20161,0
                28.463571,49.201718,0
                28.463718,49.201698,0
                28.464504,49.201578,0
                28.4649,49.201459,0
                28.465097,49.201305,0
                28.465355,49.20106,0
                28.465737,49.200857,0
                28.466521,49.200527,0
                28.468132,49.201025,0
                28.468637,49.201166,0
                28.46999,49.200934,0
                28.471502,49.200654,0
                28.471769,49.200521,0
                28.47277,49.20083,0
                28.473658,49.201012,0
                28.474523,49.201042,0
                28.475585,49.201219,0
                28.476616,49.201391,0
                28.477943,49.201265,0
                28.478058,49.20137,0
                28.478195,49.20163,0
                28.47968,49.202345,0
                28.480581,49.201933,0
                28.481589,49.201668,0
                28.48249,49.201439,0
                28.484592,49.201672,0
                28.484846,49.20154,0
                28.485195,49.201497,0
                28.485232,49.201748,0
                28.485332,49.202017,0
                28.485484,49.202265,0
                28.48578,49.202666,0
                28.486214,49.203138,0
                28.48622,49.20291,0
                28.48659,49.202703,0
                28.487073,49.202482,0
                28.488114,49.20199,0
                28.488388,49.202283,0
                28.488662,49.202435,0
                28.489033,49.202646,0
                28.489309,49.202682,0
                28.489586,49.202592,0
                28.489744,49.202486,0
                28.489978,49.202401,0
                28.490885,49.202449,0
                28.490944,49.202448,0
                28.490896,49.202265,0
                28.490945,49.201961,0
                28.491045,49.201482,0
                28.491155,49.201487,0
                28.492148,49.201693,0
                28.49254,49.201836,0
                28.493083,49.202008,0
                28.493329,49.202163,0
                28.493391,49.202223,0
                28.493424,49.202271,0
                28.493415,49.20238,0
                28.494453,49.202594,0
                28.495534,49.202785,0
                28.496628,49.202965,0
                28.497695,49.203176,0
                28.498352,49.203302,0
                28.498753,49.203444,0
                28.498844,49.203475,0
                28.49916,49.203159,0
                28.499728,49.202682,0
                28.500789,49.201838,0
                28.501016,49.201968,0
                28.501566,49.202168,0
                28.502051,49.202263,0
                28.502375,49.202385,0
                28.503907,49.202954,0
                28.507101,49.204231,0
                28.50803,49.204606,0
                28.508686,49.204716,0
                28.508091,49.205505,0
                28.507758,49.206052,0
                28.508023,49.206162,0
                28.508796,49.20638,0
                28.510205,49.206774,0
                28.51048,49.205978,0
                28.510577,49.205522,0
                28.510755,49.205307,0
                28.511011,49.205275,0
                28.511487,49.205376,0
                28.512046,49.205538,0
                28.512434,49.20563,0
                28.512782,49.205718,0
                28.512886,49.205728,0
                28.513112,49.20578,0
                28.513429,49.205868,0
                28.513638,49.205931,0
                28.514066,49.206079,0
                28.514328,49.206148,0
                28.514687,49.206279,0
                28.515005,49.206385,0
                28.515307,49.206476,0
                28.515629,49.206579,0
                28.515851,49.206789,0
                28.516105,49.207028,0
                28.516229,49.207113,0
                28.516311,49.207212,0
                28.516386,49.207422,0
                28.516351,49.207606,0
                28.51669,49.207901,0
                28.516984,49.208168,0
                28.517273,49.208472,0
                28.517388,49.208635,0
                28.517524,49.20875,0
                28.517666,49.208866,0
                28.517882,49.208968,0
                28.51867,49.209326,0
                28.519194,49.209688,0
                28.519606,49.209911,0
                28.519842,49.210036,0
                28.520393,49.210313,0
                28.520528,49.210376,0
                28.520669,49.210412,0
                28.521107,49.210438,0
                28.521069,49.210519,0
                28.521202,49.210687,0
                28.521358,49.21089,0
                28.521525,49.211064,0
                28.521785,49.211249,0
                28.52208,49.2114,0
                28.522411,49.211588,0
                28.522545,49.21164,0
                28.522679,49.211668,0
                28.522969,49.211719,0
                28.523232,49.21178,0
                28.523452,49.211792,0
                28.523791,49.211812,0
                28.524104,49.211911,0
                28.524279,49.212074,0
                28.524396,49.212257,0
                28.52458,49.212806,0
                28.524743,49.213427,0
                28.524924,49.213856,0
                28.525139,49.21418,0
                28.525257,49.214162,0
                28.525604,49.214172,0
                28.526168,49.214192,0
                28.526438,49.214221,0
                28.526431,49.21427,0
                28.526459,49.214758,0
                28.526482,49.214992,0
                28.526495,49.215097,0
                28.526518,49.215195,0
                28.526636,49.21546,0
                28.526504,49.215724,0
                28.525937,49.215778,0
                28.526006,49.215996,0
                28.526054,49.216213,0
                28.526139,49.216647,0
                28.526208,49.217036,0
                28.526177,49.217367,0
                28.526124,49.217698,0
                28.526162,49.217911,0
                28.5262,49.218124,0
                28.526366,49.218586,0
                28.526544,49.218984,0
                28.526785,49.219556,0
                28.527045,49.220186,0
                28.527261,49.220656,0
                28.527382,49.220914,0
                28.527502,49.221134,0
                28.527905,49.221837,0
                28.528441,49.222752,0
                28.52891,49.223642,0
                28.52917,49.224098,0
                28.529492,49.224791,0
                28.529826,49.225622,0
                28.530095,49.226442,0
                28.530505,49.227851,0
                28.530948,49.229527,0
                28.531066,49.229506,0
              </coordinates>
            </LinearRing>
          </outerBoundaryIs>
        </Polygon>
      </Placemark>
      <Placemark>
        <name>Винница, ТРЦ Мегамолл</name>
        <description>вул 600-річчя, 17е , 3 поверх</description>
        <styleUrl>#icon-1899-880E4F</styleUrl>
        <Point>
          <coordinates>
            28.427778,49.228342,0
          </coordinates>
        </Point>
      </Placemark>
    </Folder>
    <Folder>
      <name>Рівне</name>
      <Placemark>
        <name>[ТРЦ Екватор] Кулика і Гудачека 23</name>
        <description><![CDATA[Доставляємо за 60-90 хвилин, самовивіз протягом 40 хвилин<br>Безкоштовна доставка від 1199 грн, якщо замовлення 699-1198 грн – доставка 29 грн, 251-698 грн – доставка 89 грн, менше 250 грн – тільки самовивіз]]></description>
        <styleUrl>#poly-0F9D58-2000-77</styleUrl>
        <Polygon>
          <outerBoundaryIs>
            <LinearRing>
              <tessellate>1</tessellate>
              <coordinates>
                26.206416,50.61191,0
                26.198262,50.609201,0
                26.194336,50.610726,0
                26.18763,50.609698,0
                26.186696,50.611802,0
                26.185194,50.611523,0
                26.18543,50.609293,0
                26.182962,50.609528,0
                26.171333,50.606954,0
                26.172964,50.602051,0
                26.170389,50.601724,0
                26.171933,50.598891,0
                26.176568,50.598782,0
                26.177598,50.597584,0
                26.180345,50.59802,0
                26.182062,50.593879,0
                26.188928,50.595949,0
                26.191331,50.597693,0
                26.192533,50.599654,0
                26.202661,50.600744,0
                26.206255,50.602133,0
                26.207639,50.599763,0
                26.209527,50.599545,0
                26.209575,50.598054,0
                26.226007,50.596167,0
                26.221865,50.593416,0
                26.218389,50.590937,0
                26.229194,50.587381,0
                26.23871,50.586577,0
                26.245425,50.587115,0
                26.248666,50.584724,0
                26.251756,50.583525,0
                26.25639,50.584288,0
                26.258622,50.580473,0
                26.259824,50.578729,0
                26.261283,50.57599,0
                26.264824,50.571929,0
                26.276668,50.572331,0
                26.270124,50.577274,0
                26.261733,50.580773,0
                26.262227,50.582217,0
                26.26978,50.582217,0
                26.273117,50.581148,0
                26.277387,50.580139,0
                26.278706,50.58407,0
                26.279167,50.585462,0
                26.281012,50.587025,0
                26.280766,50.588706,0
                26.280841,50.58932,0
                26.278228,50.589759,0
                26.278319,50.5901,0
                26.278469,50.590403,0
                26.278904,50.590764,0
                26.279424,50.591125,0
                26.28143,50.593556,0
                26.285893,50.595736,0
                26.286408,50.588652,0
                26.293618,50.587562,0
                26.293157,50.581527,0
                26.310441,50.580369,0
                26.314762,50.581022,0
                26.318376,50.582356,0
                26.322419,50.584044,0
                26.323378,50.584623,0
                26.324059,50.585256,0
                26.318437,50.598809,0
                26.321122,50.599572,0
                26.330862,50.598619,0
                26.336656,50.598952,0
                26.338287,50.601261,0
                26.340283,50.603965,0
                26.340487,50.607329,0
                26.336894,50.609609,0
                26.337811,50.611195,0
                26.339255,50.612809,0
                26.338725,50.613606,0
                26.335962,50.617037,0
                26.33135,50.617207,0
                26.32839,50.617806,0
                26.325248,50.617799,0
                26.293276,50.620217,0
                26.288812,50.618614,0
                26.287547,50.626341,0
                26.293383,50.629499,0
                26.293384,50.63312,0
                26.293351,50.634017,0
                26.290636,50.634617,0
                26.289123,50.635726,0
                26.285658,50.637338,0
                26.283942,50.636576,0
                26.287429,50.643829,0
                26.283524,50.646489,0
                26.276882,50.649388,0
                26.272452,50.649272,0
                26.270724,50.648986,0
                26.268664,50.648224,0
                26.268171,50.647538,0
                26.257914,50.64747,0
                26.257163,50.648551,0
                26.255103,50.649313,0
                26.253043,50.651272,0
                26.251154,50.650401,0
                26.251326,50.6467,0
                26.252184,50.643653,0
                26.248408,50.642891,0
                26.24652,50.644741,0
                26.244921,50.644238,0
                26.246005,50.647136,0
                26.242604,50.651673,0
                26.239406,50.651442,0
                26.237797,50.653483,0
                26.23387,50.6527,0
                26.234547,50.650694,0
                26.230727,50.649966,0
                26.228839,50.650728,0
                26.224686,50.649327,0
                26.225212,50.647993,0
                26.223517,50.646918,0
                26.224719,50.645938,0
                26.217166,50.644306,0
                26.209999,50.648354,0
                26.207848,50.648806,0
                26.204667,50.647449,0
                26.201502,50.646047,0
                26.196566,50.646483,0
                26.195902,50.646612,0
                26.192822,50.644908,0
                26.190344,50.643558,0
                26.186632,50.641815,0
                26.179475,50.640108,0
                26.173114,50.636468,0
                26.179164,50.631419,0
                26.182684,50.630751,0
                26.184722,50.631092,0
                26.185859,50.628314,0
                26.200257,50.630901,0
                26.198626,50.626559,0
                26.194678,50.622911,0
                26.195086,50.620052,0
                26.198744,50.620147,0
                26.201931,50.620733,0
                26.202456,50.618718,0
                26.200074,50.618561,0
                26.200171,50.617737,0
                26.20354,50.616301,0
                26.206179,50.614688,0
                26.206416,50.61191,0
              </coordinates>
            </LinearRing>
          </outerBoundaryIs>
        </Polygon>
      </Placemark>
      <Placemark>
        <name>[ТРЦ Екватор] Кулика і Гудачека 23</name>
        <styleUrl>#icon-1899-E65100-nodesc</styleUrl>
        <Point>
          <coordinates>
            26.200669,50.625836,0
          </coordinates>
        </Point>
      </Placemark>
    </Folder>
    <Folder>
      <name>Одеса</name>
      <Placemark>
        <name>Пересипський (Котовського)</name>
        <description><![CDATA[пос. Котовського <br>Доставляємо за 1.5-2 години.<br>Безкоштовна доставка від 1499 грн, якщо замовлення від 999-1498 грн — доставка 89 грн, від 699-998 грн — доставка 150 грн, менше 699 грн – тільки самовивіз]]></description>
        <styleUrl>#poly-E65100-2000-135</styleUrl>
        <Polygon>
          <outerBoundaryIs>
            <LinearRing>
              <tessellate>1</tessellate>
              <coordinates>
                30.734873,46.496264,0
                30.731734,46.499128,0
                30.731733,46.502318,0
                30.729866,46.505788,0
                30.729199,46.510232,0
                30.734304,46.517171,0
                30.736792,46.524051,0
                30.737671,46.526066,0
                30.736062,46.526782,0
                30.740138,46.532584,0
                30.741421,46.533661,0
                30.740989,46.534732,0
                30.741759,46.535507,0
                30.744237,46.537485,0
                30.746845,46.539847,0
                30.748063,46.540762,0
                30.74868,46.542386,0
                30.755227,46.546667,0
                30.758801,46.548572,0
                30.762547,46.55018,0
                30.768705,46.552654,0
                30.77512,46.554359,0
                30.789412,46.55706,0
                30.794251,46.557787,0
                30.799004,46.55751,0
                30.800021,46.558068,0
                30.801037,46.557977,0
                30.803757,46.557735,0
                30.806563,46.557729,0
                30.808511,46.557074,0
                30.812641,46.555646,0
                30.815398,46.553923,0
                30.816763,46.553802,0
                30.817613,46.55315,0
                30.818799,46.551137,0
                30.820439,46.548528,0
                30.825225,46.549561,0
                30.830868,46.548882,0
                30.837691,46.550978,0
                30.846489,46.554076,0
                30.845237,46.558661,0
                30.84406,46.562575,0
                30.843393,46.564732,0
                30.842851,46.565789,0
                30.842871,46.566103,0
                30.842767,46.566376,0
                30.842878,46.566436,0
                30.842865,46.566511,0
                30.842776,46.56664,0
                30.842545,46.56674,0
                30.84257,46.56681,0
                30.842569,46.566889,0
                30.842457,46.567042,0
                30.842185,46.567622,0
                30.842377,46.567683,0
                30.842292,46.567991,0
                30.842063,46.568357,0
                30.841836,46.568596,0
                30.8417,46.569012,0
                30.841803,46.569088,0
                30.841816,46.569043,0
                30.841851,46.569039,0
                30.842018,46.569035,0
                30.84226,46.569071,0
                30.842262,46.569268,0
                30.841697,46.569569,0
                30.841372,46.570013,0
                30.841127,46.570329,0
                30.840801,46.570598,0
                30.840619,46.570842,0
                30.840309,46.570954,0
                30.839283,46.574003,0
                30.838412,46.576196,0
                30.838071,46.576823,0
                30.837537,46.578752,0
                30.834613,46.581408,0
                30.831083,46.584407,0
                30.830525,46.589096,0
                30.817028,46.588816,0
                30.81588,46.591963,0
                30.815392,46.593508,0
                30.814325,46.594905,0
                30.811353,46.597146,0
                30.811813,46.600448,0
                30.806879,46.602498,0
                30.804776,46.603125,0
                30.803059,46.603265,0
                30.798891,46.602327,0
                30.797383,46.6036,0
                30.794996,46.603031,0
                30.79248,46.603081,0
                30.784937,46.59899,0
                30.77731,46.598436,0
                30.775932,46.596897,0
                30.773953,46.595506,0
                30.77176,46.594203,0
                30.770706,46.593551,0
                30.769566,46.592959,0
                30.768409,46.595867,0
                30.767308,46.598827,0
                30.763806,46.598175,0
                30.760369,46.597235,0
                30.758745,46.596066,0
                30.758164,46.595342,0
                30.75768,46.594965,0
                30.757567,46.594658,0
                30.757682,46.59452,0
                30.757883,46.594426,0
                30.758758,46.593047,0
                30.759312,46.592331,0
                30.75885,46.592169,0
                30.758409,46.592003,0
                30.758086,46.591874,0
                30.757997,46.591657,0
                30.758513,46.590859,0
                30.758999,46.590088,0
                30.760487,46.582636,0
                30.760659,46.580793,0
                30.759983,46.578573,0
                30.759694,46.576133,0
                30.759502,46.575057,0
                30.758259,46.572846,0
                30.75942,46.569455,0
                30.759829,46.567642,0
                30.759427,46.566795,0
                30.758724,46.566008,0
                30.756161,46.564552,0
                30.734759,46.556334,0
                30.7278,46.55639,0
                30.720873,46.556616,0
                30.7148,46.556966,0
                30.712656,46.5573,0
                30.712378,46.557309,0
                30.71222,46.557309,0
                30.712041,46.557284,0
                30.711671,46.55731,0
                30.710645,46.55731,0
                30.709673,46.557663,0
                30.706666,46.557854,0
                30.706224,46.557552,0
                30.705782,46.557251,0
                30.70513,46.556649,0
                30.704924,46.556626,0
                30.704509,46.556699,0
                30.704178,46.556616,0
                30.703605,46.555717,0
                30.70263,46.555084,0
                30.67853,46.541511,0
                30.675225,46.541009,0
                30.67279,46.541267,0
                30.669679,46.542034,0
                30.669015,46.541486,0
                30.669659,46.541018,0
                30.670948,46.539242,0
                30.67157,46.538559,0
                30.67173,46.537932,0
                30.672193,46.53741,0
                30.672828,46.536803,0
                30.673081,46.536171,0
                30.673409,46.535547,0
                30.673979,46.53453,0
                30.675015,46.533348,0
                30.675625,46.532286,0
                30.675576,46.532109,0
                30.675634,46.531859,0
                30.675768,46.531763,0
                30.676052,46.531844,0
                30.672597,46.52621,0
                30.67721,46.52348,0
                30.677881,46.523151,0
                30.678176,46.522607,0
                30.678439,46.522148,0
                30.678712,46.521708,0
                30.67907,46.521558,0
                30.679208,46.52147,0
                30.679426,46.521446,0
                30.679745,46.521216,0
                30.680423,46.521295,0
                30.680637,46.521269,0
                30.680699,46.521177,0
                30.680851,46.52114,0
                30.680985,46.520959,0
                30.681129,46.520793,0
                30.681823,46.520911,0
                30.691906,46.515803,0
                30.704309,46.506905,0
                30.716407,46.497858,0
                30.725705,46.497035,0
                30.730365,46.49664,0
                30.734873,46.496264,0
              </coordinates>
            </LinearRing>
          </outerBoundaryIs>
        </Polygon>
      </Placemark>
      <Placemark>
        <name>вул. Незалежності 8Г</name>
        <description>вул. Незалежності 8Г</description>
        <styleUrl>#icon-1899-0288D1</styleUrl>
        <Point>
          <coordinates>
            30.745889,46.447804,0
          </coordinates>
        </Point>
      </Placemark>
      <Placemark>
        <name>[Приморська] вул.Незалежності 8г</name>
        <description><![CDATA[Доставляємо за 60-90 хвилин, самовивіз протягом 40 хвилин<br>Безкоштовна доставка від 1199 грн, якщо замовлення 699-1198 грн – доставка 29 грн, 251-698 грн – доставка 89 грн, менше 250 грн – тільки самовивіз]]></description>
        <styleUrl>#poly-0097A7-2000-77</styleUrl>
        <Polygon>
          <outerBoundaryIs>
            <LinearRing>
              <tessellate>1</tessellate>
              <coordinates>
                30.612338,46.489201,0
                30.612345,46.48894,0
                30.612429,46.488606,0
                30.612502,46.488016,0
                30.612581,46.487566,0
                30.612649,46.487285,0
                30.612652,46.48717,0
                30.612666,46.487106,0
                30.612666,46.48663,0
                30.612693,46.486251,0
                30.61345,46.485382,0
                30.6141,46.484483,0
                30.615329,46.483629,0
                30.614176,46.482627,0
                30.615786,46.482142,0
                30.615916,46.481,0
                30.611808,46.480141,0
                30.61102,46.476041,0
                30.611184,46.473881,0
                30.611309,46.472424,0
                30.611264,46.471643,0
                30.608676,46.470959,0
                30.608446,46.469527,0
                30.609838,46.46967,0
                30.61004,46.468712,0
                30.610158,46.467903,0
                30.610225,46.467507,0
                30.610185,46.467102,0
                30.610017,46.466742,0
                30.609881,46.466252,0
                30.609555,46.465481,0
                30.606179,46.464815,0
                30.606696,46.463517,0
                30.609884,46.4602,0
                30.611977,46.456898,0
                30.614029,46.453253,0
                30.616338,46.449727,0
                30.620716,46.444901,0
                30.625173,46.440375,0
                30.641867,46.433049,0
                30.645261,46.431209,0
                30.647292,46.430442,0
                30.647409,46.429106,0
                30.646305,46.428537,0
                30.646597,46.425011,0
                30.647909,46.424935,0
                30.649039,46.426752,0
                30.650862,46.427557,0
                30.651418,46.428479,0
                30.659157,46.426253,0
                30.656761,46.400596,0
                30.659232,46.388645,0
                30.661401,46.375176,0
                30.662284,46.369105,0
                30.662751,46.367376,0
                30.662854,46.365795,0
                30.65903,46.365665,0
                30.659345,46.360475,0
                30.65988,46.356421,0
                30.664045,46.356494,0
                30.662889,46.354613,0
                30.662293,46.354279,0
                30.661936,46.353647,0
                30.661806,46.353316,0
                30.661848,46.352978,0
                30.662335,46.351581,0
                30.662474,46.351084,0
                30.662466,46.35087,0
                30.662811,46.350737,0
                30.662393,46.349075,0
                30.66214,46.348188,0
                30.661759,46.347316,0
                30.661326,46.346463,0
                30.660947,46.345655,0
                30.660481,46.344657,0
                30.659948,46.343766,0
                30.66062,46.343539,0
                30.661309,46.34389,0
                30.662886,46.343423,0
                30.662701,46.342931,0
                30.663069,46.342518,0
                30.66362,46.341905,0
                30.664139,46.341818,0
                30.664347,46.341828,0
                30.664552,46.341588,0
                30.665043,46.341158,0
                30.665153,46.3409,0
                30.665189,46.340642,0
                30.664605,46.339846,0
                30.663865,46.339657,0
                30.663879,46.339441,0
                30.663936,46.339228,0
                30.664103,46.338811,0
                30.664395,46.337938,0
                30.664555,46.33722,0
                30.664583,46.336843,0
                30.664558,46.336521,0
                30.664457,46.336192,0
                30.664365,46.335945,0
                30.664317,46.335769,0
                30.664294,46.335431,0
                30.66433,46.335083,0
                30.664206,46.334741,0
                30.664047,46.334247,0
                30.664029,46.333883,0
                30.66412,46.333184,0
                30.663981,46.331741,0
                30.664497,46.32886,0
                30.664755,46.327457,0
                30.665941,46.326128,0
                30.673095,46.323928,0
                30.674856,46.32393,0
                30.67666,46.323709,0
                30.677418,46.32344,0
                30.677796,46.323209,0
                30.67796,46.322844,0
                30.678082,46.322348,0
                30.677981,46.322145,0
                30.677666,46.321985,0
                30.678273,46.321794,0
                30.685449,46.32947,0
                30.693012,46.337028,0
                30.699998,46.344259,0
                30.702976,46.348067,0
                30.707458,46.351312,0
                30.70917,46.353364,0
                30.711116,46.355268,0
                30.713172,46.357157,0
                30.715442,46.358987,0
                30.717946,46.360832,0
                30.720924,46.362469,0
                30.722188,46.363377,0
                30.723624,46.364196,0
                30.726666,46.365774,0
                30.732206,46.368855,0
                30.735168,46.370307,0
                30.73652,46.371226,0
                30.737658,46.372203,0
                30.740944,46.373692,0
                30.744518,46.374929,0
                30.746252,46.375396,0
                30.746838,46.375439,0
                30.747434,46.375378,0
                30.748476,46.375153,0
                30.750302,46.374511,0
                30.75079,46.374507,0
                30.751236,46.374635,0
                30.752144,46.375193,0
                30.751836,46.375813,0
                30.750496,46.377766,0
                30.749988,46.378801,0
                30.749882,46.379142,0
                30.749906,46.379482,0
                30.750616,46.383997,0
                30.750796,46.385293,0
                30.75205,46.38662,0
                30.751938,46.388769,0
                30.753242,46.390934,0
                30.753732,46.393276,0
                30.75336,46.393673,0
                30.753462,46.394158,0
                30.75392,46.395041,0
                30.754272,46.395849,0
                30.754838,46.396509,0
                30.754306,46.396769,0
                30.754376,46.397414,0
                30.754606,46.397955,0
                30.754634,46.398314,0
                30.754276,46.398481,0
                30.755476,46.400814,0
                30.756396,46.401915,0
                30.757486,46.402957,0
                30.757444,46.403274,0
                30.757572,46.403563,0
                30.757956,46.404139,0
                30.759144,46.405769,0
                30.759268,46.406651,0
                30.760204,46.407595,0
                30.760018,46.40748,0
                30.760002,46.407706,0
                30.760134,46.408116,0
                30.76065,46.408718,0
                30.76002,46.40894,0
                30.76025,46.409827,0
                30.760004,46.409925,0
                30.759974,46.410201,0
                30.760234,46.410663,0
                30.760482,46.41128,0
                30.760828,46.411597,0
                30.761368,46.411826,0
                30.761514,46.412371,0
                30.76246,46.413331,0
                30.762138,46.413745,0
                30.762288,46.414321,0
                30.762266,46.414543,0
                30.762352,46.41472,0
                30.762846,46.415737,0
                30.763606,46.416601,0
                30.76333,46.416797,0
                30.76385,46.417273,0
                30.764208,46.417375,0
                30.766242,46.419836,0
                30.767462,46.421011,0
                30.76811,46.421555,0
                30.768532,46.422209,0
                30.76824,46.424652,0
                30.767042,46.425815,0
                30.76683,46.4265,0
                30.767088,46.427096,0
                30.770284,46.435973,0
                30.77119,46.438059,0
                30.771496,46.440175,0
                30.77157,46.444588,0
                30.764774,46.456865,0
                30.763396,46.460467,0
                30.763202,46.462327,0
                30.76306,46.46328,0
                30.763092,46.464217,0
                30.763066,46.467251,0
                30.76319,46.47086,0
                30.763416,46.471902,0
                30.764028,46.472885,0
                30.76405,46.474761,0
                30.76287,46.476852,0
                30.762796,46.477694,0
                30.763922,46.478832,0
                30.763396,46.479689,0
                30.760082,46.481392,0
                30.75893,46.481353,0
                30.757738,46.481431,0
                30.755598,46.481994,0
                30.754794,46.482399,0
                30.75384,46.48267,0
                30.75279,46.482971,0
                30.751848,46.483125,0
                30.751008,46.484011,0
                30.750126,46.484403,0
                30.749374,46.48475,0
                30.746808,46.485733,0
                30.744876,46.487226,0
                30.744056,46.488131,0
                30.743558,46.488628,0
                30.742944,46.489095,0
                30.741726,46.489894,0
                30.740324,46.490573,0
                30.736718,46.492657,0
                30.735092,46.493736,0
                30.734346,46.494172,0
                30.736116,46.495342,0
                30.737566,46.496601,0
                30.737008,46.497062,0
                30.734942,46.496239,0
                30.734706,46.496258,0
                30.734476,46.496274,0
                30.733854,46.496329,0
                30.733296,46.496375,0
                30.732738,46.496421,0
                30.731606,46.496515,0
                30.73104,46.496563,0
                30.730754,46.496587,0
                30.730612,46.496599,0
                30.730524,46.496607,0
                30.730438,46.496613,0
                30.728196,46.496803,0
                30.727074,46.496899,0
                30.726514,46.496946,0
                30.726232,46.49697,0
                30.72609,46.496982,0
                30.72595,46.496993,0
                30.7238,46.497184,0
                30.722716,46.497279,0
                30.722182,46.497327,0
                30.721914,46.49735,0
                30.721648,46.497374,0
                30.719662,46.497549,0
                30.718408,46.49766,0
                30.71827,46.497671,0
                30.718136,46.497683,0
                30.71787,46.497706,0
                30.717708,46.497722,0
                30.717536,46.497737,0
                30.716696,46.497811,0
                30.716478,46.497815,0
                30.692972,46.514991,0
                30.692586,46.515329,0
                30.69237,46.515489,0
                30.69215,46.515649,0
                30.691109,46.516194,0
                30.69013,46.516689,0
                30.68913,46.517193,0
                30.684913,46.519321,0
                30.680303,46.519443,0
                30.679946,46.519249,0
                30.679365,46.518767,0
                30.678428,46.517967,0
                30.676226,46.516454,0
                30.67268,46.516329,0
                30.658089,46.515384,0
                30.654129,46.508374,0
                30.647107,46.512444,0
                30.643432,46.511759,0
                30.628949,46.507793,0
                30.621912,46.514493,0
                30.612642,46.513548,0
                30.615495,46.509413,0
                30.620299,46.506511,0
                30.621632,46.505233,0
                30.622103,46.504782,0
                30.623067,46.504297,0
                30.629188,46.498505,0
                30.612645,46.49483,0
                30.610007,46.493469,0
                30.608891,46.491828,0
                30.609031,46.49086,0
                30.609868,46.48987,0
                30.611497,46.490532,0
                30.612117,46.490212,0
                30.612212,46.489915,0
                30.612254,46.489486,0
                30.612338,46.489201,0
              </coordinates>
            </LinearRing>
          </outerBoundaryIs>
        </Polygon>
      </Placemark>
    </Folder>
    <Folder>
      <name>Львів </name>
      <Placemark>
        <name>проїзд Крива Липа, 8</name>
        <styleUrl>#icon-1899-0288D1-nodesc</styleUrl>
        <Point>
          <coordinates>
            24.025903,49.840549,0
          </coordinates>
        </Point>
      </Placemark>
      <Placemark>
        <name>Зона стандарт
проїзд Крива Липа 8</name>
        <description><![CDATA[Доставляємо за 60-90 хвилин.<br>самовивіз протягом 40 хвилин<br>Безкоштовна доставка від 1199 грн, якщо замовлення 699-1198 грн – доставка 29 грн, 251-698 грн – доставка 89 грн, менше 250 грн – тільки самовивіз]]></description>
        <styleUrl>#poly-0288D1-2000-110</styleUrl>
        <Polygon>
          <outerBoundaryIs>
            <LinearRing>
              <tessellate>1</tessellate>
              <coordinates>
                23.983169,49.8547,0
                23.980348,49.85365,0
                23.979686,49.852519,0
                23.979396,49.851458,0
                23.97901,49.851039,0
                23.978029,49.850486,0
                23.976827,49.849601,0
                23.977578,49.849165,0
                23.97673,49.848473,0
                23.977378,49.846789,0
                23.977754,49.845274,0
                23.974977,49.844835,0
                23.97378,49.844648,0
                23.974448,49.84223,0
                23.973686,49.842216,0
                23.971074,49.841942,0
                23.971335,49.838821,0
                23.970289,49.838772,0
                23.970332,49.838406,0
                23.96969,49.83839,0
                23.969818,49.837836,0
                23.969468,49.836604,0
                23.969618,49.83605,0
                23.96982,49.834355,0
                23.969829,49.833629,0
                23.970608,49.831799,0
                23.970935,49.831117,0
                23.969776,49.830896,0
                23.969851,49.83059,0
                23.96998,49.830341,0
                23.969873,49.829458,0
                23.970219,49.829457,0
                23.970838,49.829166,0
                23.971375,49.828913,0
                23.971385,49.828778,0
                23.971321,49.828424,0
                23.971175,49.828196,0
                23.971528,49.826875,0
                23.9716,49.826766,0
                23.971574,49.826683,0
                23.972149,49.825988,0
                23.972422,49.825634,0
                23.973396,49.824513,0
                23.973179,49.824359,0
                23.97309,49.823499,0
                23.973744,49.822952,0
                23.974092,49.822578,0
                23.974346,49.822019,0
                23.975915,49.820475,0
                23.976461,49.819692,0
                23.977244,49.818529,0
                23.97785,49.818684,0
                23.979081,49.817852,0
                23.980352,49.815701,0
                23.981962,49.815384,0
                23.982074,49.8152,0
                23.981822,49.81464,0
                23.981536,49.814226,0
                23.981192,49.813872,0
                23.982598,49.81323,0
                23.983229,49.813071,0
                23.982987,49.812043,0
                23.982604,49.810612,0
                23.983022,49.810318,0
                23.983172,49.809605,0
                23.98303,49.808938,0
                23.98624,49.808416,0
                23.988807,49.808159,0
                23.991618,49.807942,0
                23.992489,49.807867,0
                23.993492,49.808134,0
                23.993633,49.807791,0
                23.995867,49.80759,0
                23.995864,49.80749,0
                23.996444,49.807462,0
                23.996723,49.808099,0
                23.998874,49.807808,0
                23.999137,49.807388,0
                24.000156,49.807337,0
                24.001826,49.807141,0
                24.002897,49.807097,0
                24.004147,49.806942,0
                24.004856,49.806496,0
                24.006009,49.806403,0
                24.006176,49.807009,0
                24.006524,49.80696,0
                24.0072,49.806555,0
                24.010043,49.806271,0
                24.009732,49.805468,0
                24.013681,49.80505,0
                24.018563,49.804499,0
                24.018446,49.804083,0
                24.021766,49.80392,0
                24.025671,49.803761,0
                24.035976,49.803405,0
                24.042673,49.803498,0
                24.044112,49.803572,0
                24.044699,49.80366,0
                24.045381,49.80367,0
                24.046375,49.803592,0
                24.047233,49.803492,0
                24.047485,49.804807,0
                24.047753,49.805694,0
                24.048354,49.805673,0
                24.048483,49.806102,0
                24.050017,49.806113,0
                24.05198,49.806923,0
                24.052077,49.807792,0
                24.056935,49.807229,0
                24.057289,49.80814,0
                24.057554,49.809378,0
                24.058273,49.811749,0
                24.058423,49.812071,0
                24.058255,49.812326,0
                24.058201,49.812634,0
                24.058781,49.812607,0
                24.060487,49.813029,0
                24.060186,49.813528,0
                24.059972,49.814248,0
                24.060115,49.81489,0
                24.060437,49.815205,0
                24.061016,49.81561,0
                24.061467,49.815959,0
                24.061671,49.816167,0
                24.061681,49.816482,0
                24.061306,49.816752,0
                24.061453,49.81683,0
                24.061791,49.817969,0
                24.062156,49.818481,0
                24.062212,49.818653,0
                24.060881,49.819158,0
                24.061418,49.81975,0
                24.061847,49.820362,0
                24.063349,49.820816,0
                24.060714,49.825128,0
                24.059355,49.827212,0
                24.059558,49.828242,0
                24.059754,49.828552,0
                24.061779,49.83134,0
                24.061171,49.831991,0
                24.06041,49.8335,0
                24.060603,49.834766,0
                24.060603,49.835472,0
                24.061021,49.835915,0
                24.062394,49.835977,0
                24.062484,49.836876,0
                24.0611,49.83718,0
                24.056648,49.838121,0
                24.05528,49.838395,0
                24.054173,49.83871,0
                24.055704,49.840763,0
                24.055328,49.841147,0
                24.056377,49.841559,0
                24.055921,49.841846,0
                24.05558,49.84176,0
                24.055304,49.841843,0
                24.053778,49.845266,0
                24.053848,49.848618,0
                24.054067,49.850191,0
                24.053756,49.85127,0
                24.053734,49.851868,0
                24.054822,49.851839,0
                24.055096,49.852693,0
                24.052829,49.854111,0
                24.052995,49.854502,0
                24.053244,49.855125,0
                24.053376,49.85558,0
                24.053483,49.855557,0
                24.053948,49.85551,0
                24.054206,49.856226,0
                24.054528,49.857603,0
                24.052629,49.857762,0
                24.05279,49.858492,0
                24.052355,49.858554,0
                24.052181,49.85875,0
                24.052058,49.86026,0
                24.051557,49.861227,0
                24.051967,49.861778,0
                24.052213,49.861938,0
                24.051088,49.862356,0
                24.051642,49.863096,0
                24.051273,49.863344,0
                24.051086,49.863902,0
                24.049439,49.863799,0
                24.04938,49.864044,0
                24.049181,49.864238,0
                24.049004,49.864296,0
                24.048975,49.864354,0
                24.049066,49.86479,0
                24.048916,49.864977,0
                24.049097,49.865165,0
                24.047415,49.866379,0
                24.047377,49.866802,0
                24.04736,49.867081,0
                24.047146,49.868291,0
                24.047022,49.87018,0
                24.046923,49.870518,0
                24.046867,49.870514,0
                24.045212,49.870342,0
                24.043281,49.870172,0
                24.042986,49.870124,0
                24.042674,49.871085,0
                24.042299,49.872129,0
                24.041848,49.873428,0
                24.039066,49.872946,0
                24.036968,49.872645,0
                24.033653,49.872099,0
                24.032938,49.871925,0
                24.031372,49.871642,0
                24.031361,49.871877,0
                24.031286,49.872271,0
                24.03098,49.872285,0
                24.029489,49.872004,0
                24.027805,49.871714,0
                24.025976,49.871412,0
                24.025432,49.871454,0
                24.024542,49.871619,0
                24.023792,49.871761,0
                24.023355,49.87177,0
                24.022641,49.87165,0
                24.021844,49.871603,0
                24.020914,49.87164,0
                24.019884,49.871744,0
                24.018639,49.871398,0
                24.017642,49.870893,0
                24.01665,49.871588,0
                24.01537,49.871812,0
                24.013814,49.871418,0
                24.011052,49.872242,0
                24.00929,49.871922,0
                24.00827,49.871962,0
                24.003965,49.872183,0
                24.002366,49.871329,0
                24.002105,49.871257,0
                24.001143,49.870083,0
                23.999116,49.868578,0
                23.997988,49.867738,0
                23.997526,49.867471,0
                23.997113,49.867186,0
                23.997004,49.867059,0
                23.996157,49.866392,0
                23.99283,49.863709,0
                23.99209,49.863557,0
                23.991361,49.86336,0
                23.990121,49.862931,0
                23.988312,49.860995,0
                23.985156,49.858169,0
                23.984383,49.858117,0
                23.983632,49.857826,0
                23.983287,49.857242,0
                23.98306,49.857137,0
                23.982756,49.856983,0
                23.9827,49.856856,0
                23.982762,49.856663,0
                23.983013,49.856208,0
                23.983228,49.854935,0
                23.983169,49.8547,0
              </coordinates>
            </LinearRing>
          </outerBoundaryIs>
        </Polygon>
      </Placemark>
      <Placemark>
        <name>Зона збільшеного часу 
проїзд Крива Липа 8</name>
        <description><![CDATA[Доставляємо за 1.5-2 години<br>Безкоштовна доставка від 1199 грн, якщо замовлення 699-1198 грн – доставка 29 грн, 251-698 грн – доставка 89 грн, менше 250 грн – тільки самовивіз]]></description>
        <styleUrl>#poly-01579B-3000-166</styleUrl>
        <Polygon>
          <outerBoundaryIs>
            <LinearRing>
              <tessellate>1</tessellate>
              <coordinates>
                23.990121,49.862931,0
                23.990315,49.862998,0
                23.990991,49.863233,0
                23.991358,49.86336,0
                23.991562,49.863415,0
                23.99209,49.863557,0
                23.99283,49.863709,0
                23.995548,49.865908,0
                23.996576,49.866723,0
                23.997004,49.867059,0
                23.997113,49.867186,0
                23.997527,49.867473,0
                23.997988,49.867738,0
                23.999321,49.868732,0
                24.001143,49.870083,0
                24.002105,49.871257,0
                24.002366,49.871329,0
                24.003965,49.872183,0
                24.006026,49.872078,0
                24.006261,49.872065,0
                24.0069,49.872032,0
                24.007982,49.871977,0
                24.008124,49.87197,0
                24.008302,49.871961,0
                24.008908,49.871937,0
                24.00929,49.871922,0
                24.010012,49.872054,0
                24.011052,49.872242,0
                24.013814,49.871418,0
                24.01537,49.871812,0
                24.01665,49.871588,0
                24.017642,49.870893,0
                24.018505,49.871331,0
                24.018639,49.871398,0
                24.019884,49.871744,0
                24.020914,49.87164,0
                24.021841,49.871604,0
                24.021844,49.871603,0
                24.021972,49.871611,0
                24.022641,49.87165,0
                24.023126,49.871732,0
                24.023355,49.87177,0
                24.023792,49.871761,0
                24.025432,49.871454,0
                24.025976,49.871412,0
                24.03098,49.872285,0
                24.031286,49.872271,0
                24.031361,49.871877,0
                24.031372,49.871642,0
                24.032938,49.871925,0
                24.033653,49.872099,0
                24.036155,49.872512,0
                24.036413,49.872554,0
                24.036874,49.87263,0
                24.036978,49.872647,0
                24.037064,49.872659,0
                24.037192,49.872678,0
                24.037796,49.872764,0
                24.038363,49.872846,0
                24.038723,49.872897,0
                24.039056,49.872945,0
                24.041848,49.873428,0
                24.042285,49.87217,0
                24.042628,49.871216,0
                24.042738,49.870889,0
                24.042805,49.870682,0
                24.042926,49.870311,0
                24.042986,49.870124,0
                24.043281,49.870172,0
                24.043793,49.870218,0
                24.044393,49.87027,0
                24.044572,49.870286,0
                24.044911,49.870316,0
                24.045089,49.870331,0
                24.04522,49.870343,0
                24.045423,49.870364,0
                24.045817,49.870405,0
                24.04638,49.870464,0
                24.046622,49.870489,0
                24.046863,49.870514,0
                24.046923,49.870518,0
                24.047022,49.87018,0
                24.047028,49.870109,0
                24.047033,49.870033,0
                24.047039,49.869933,0
                24.047045,49.869843,0
                24.047058,49.869639,0
                24.047081,49.869291,0
                24.047086,49.869214,0
                24.047095,49.869086,0
                24.047113,49.8688,0
                24.047147,49.868292,0
                24.047184,49.868082,0
                24.047265,49.867625,0
                24.04736,49.867087,0
                24.047362,49.867073,0
                24.047363,49.867048,0
                24.047369,49.866937,0
                24.047374,49.866866,0
                24.047377,49.866802,0
                24.047392,49.866638,0
                24.047415,49.866379,0
                24.048092,49.86589,0
                24.049097,49.865165,0
                24.048916,49.864977,0
                24.049066,49.86479,0
                24.048975,49.864354,0
                24.049004,49.864296,0
                24.049181,49.864238,0
                24.04938,49.864044,0
                24.049439,49.863799,0
                24.051086,49.863902,0
                24.051273,49.863344,0
                24.051642,49.863096,0
                24.051088,49.862356,0
                24.052213,49.861938,0
                24.051967,49.861778,0
                24.051557,49.861227,0
                24.052058,49.86026,0
                24.052181,49.85875,0
                24.052355,49.858554,0
                24.05279,49.858492,0
                24.052629,49.857762,0
                24.054528,49.857603,0
                24.054428,49.857173,0
                24.054373,49.856938,0
                24.054324,49.856731,0
                24.054252,49.856426,0
                24.054219,49.856279,0
                24.054208,49.856231,0
                24.054123,49.855995,0
                24.054001,49.855654,0
                24.053948,49.85551,0
                24.053483,49.855557,0
                24.053376,49.85558,0
                24.053295,49.85529,0
                24.053281,49.855247,0
                24.053268,49.855205,0
                24.053248,49.855139,0
                24.053244,49.855125,0
                24.053229,49.855086,0
                24.053171,49.85494,0
                24.053066,49.854677,0
                24.052829,49.854111,0
                24.055096,49.852693,0
                24.054822,49.851839,0
                24.053734,49.851868,0
                24.053756,49.85127,0
                24.054067,49.850191,0
                24.053915,49.849096,0
                24.05385,49.848634,0
                24.053845,49.848463,0
                24.053842,49.848308,0
                24.053831,49.847799,0
                24.053814,49.846965,0
                24.053778,49.845266,0
                24.054885,49.842782,0
                24.055304,49.841843,0
                24.05558,49.84176,0
                24.055921,49.841846,0
                24.056377,49.841559,0
                24.055328,49.841147,0
                24.055704,49.840763,0
                24.054916,49.839706,0
                24.054173,49.83871,0
                24.05528,49.838395,0
                24.057214,49.838013,0
                24.058138,49.837809,0
                24.059096,49.837604,0
                24.060791,49.837249,0
                24.062484,49.836876,0
                24.062394,49.835977,0
                24.061357,49.83593,0
                24.061021,49.835915,0
                24.060603,49.835472,0
                24.060604,49.835095,0
                24.060603,49.834766,0
                24.060575,49.834581,0
                24.060546,49.834395,0
                24.060429,49.833621,0
                24.06041,49.8335,0
                24.060532,49.833259,0
                24.061171,49.831991,0
                24.061779,49.83134,0
                24.060005,49.828896,0
                24.0598,49.828615,0
                24.059782,49.82859,0
                24.059754,49.828552,0
                24.059656,49.828397,0
                24.059558,49.828242,0
                24.059473,49.82781,0
                24.059355,49.827212,0
                24.06007,49.826116,0
                24.060781,49.825033,0
                24.062046,49.82298,0
                24.063349,49.820816,0
                24.061847,49.820362,0
                24.06143,49.819766,0
                24.061418,49.81975,0
                24.061394,49.819723,0
                24.060881,49.819158,0
                24.061453,49.818941,0
                24.061842,49.818794,0
                24.062212,49.818653,0
                24.062156,49.818481,0
                24.061791,49.817969,0
                24.061735,49.817778,0
                24.061676,49.817579,0
                24.061616,49.817374,0
                24.061539,49.817117,0
                24.061513,49.817027,0
                24.061453,49.81683,0
                24.061306,49.816752,0
                24.061398,49.816686,0
                24.061578,49.816557,0
                24.061681,49.816482,0
                24.061677,49.816336,0
                24.061671,49.816167,0
                24.061467,49.815959,0
                24.061233,49.815778,0
                24.06109,49.815666,0
                24.06102,49.815611,0
                24.060973,49.815579,0
                24.060646,49.81535,0
                24.060437,49.815205,0
                24.060252,49.815023,0
                24.060115,49.81489,0
                24.059972,49.814248,0
                24.060019,49.814092,0
                24.060105,49.813803,0
                24.060166,49.813598,0
                24.060186,49.813528,0
                24.06035,49.813257,0
                24.060487,49.813029,0
                24.05993,49.812891,0
                24.059246,49.812721,0
                24.058781,49.812607,0
                24.058401,49.812624,0
                24.058201,49.812634,0
                24.058232,49.812461,0
                24.058255,49.812326,0
                24.058423,49.812071,0
                24.058273,49.811749,0
                24.057813,49.810233,0
                24.057599,49.809525,0
                24.057289,49.808142,0
                24.057004,49.807408,0
                24.056935,49.807229,0
                24.053526,49.807623,0
                24.052077,49.807792,0
                24.052023,49.807301,0
                24.05198,49.806923,0
                24.05114,49.806576,0
                24.050349,49.806249,0
                24.050017,49.806113,0
                24.049445,49.806108,0
                24.048483,49.806102,0
                24.048354,49.805673,0
                24.04796,49.805686,0
                24.047753,49.805694,0
                24.047501,49.80486,0
                24.047334,49.804017,0
                24.047233,49.803492,0
                24.046653,49.803559,0
                24.046375,49.803592,0
                24.04621,49.803604,0
                24.045918,49.803627,0
                24.045381,49.80367,0
                24.045209,49.803667,0
                24.044696,49.80366,0
                24.044112,49.803572,0
                24.043897,49.80356,0
                24.043028,49.803516,0
                24.042673,49.803498,0
                24.042534,49.803495,0
                24.04112,49.803476,0
                24.040215,49.803464,0
                24.038361,49.803438,0
                24.036035,49.803406,0
                24.035976,49.803405,0
                24.035893,49.803408,0
                24.033843,49.803478,0
                24.032359,49.80353,0
                24.027679,49.803691,0
                24.026561,49.80373,0
                24.026034,49.803748,0
                24.025262,49.803777,0
                24.02329,49.803858,0
                24.021928,49.803913,0
                24.021825,49.803917,0
                24.021716,49.803922,0
                24.02163,49.803926,0
                24.021216,49.803947,0
                24.02059,49.803977,0
                24.020136,49.804,0
                24.019667,49.804023,0
                24.018828,49.804064,0
                24.018446,49.804083,0
                24.01854,49.804424,0
                24.018563,49.804499,0
                24.018435,49.804513,0
                24.018069,49.804554,0
                24.01797,49.804566,0
                24.016316,49.804752,0
                24.015047,49.804895,0
                24.014012,49.805012,0
                24.013876,49.805027,0
                24.013339,49.805086,0
                24.013232,49.805097,0
                24.012863,49.805136,0
                24.011916,49.805236,0
                24.01095,49.805339,0
                24.010249,49.805413,0
                24.010157,49.805422,0
                24.009732,49.805468,0
                24.009862,49.805804,0
                24.010026,49.806227,0
                24.010043,49.806271,0
                24.009935,49.806282,0
                24.009045,49.806371,0
                24.007596,49.806515,0
                24.0072,49.806555,0
                24.006844,49.806768,0
                24.006524,49.80696,0
                24.00642,49.806974,0
                24.006176,49.807009,0
                24.006049,49.806542,0
                24.006009,49.806403,0
                24.005098,49.806476,0
                24.004856,49.806496,0
                24.004713,49.806586,0
                24.004301,49.806844,0
                24.004147,49.806942,0
                24.003437,49.80703,0
                24.002897,49.807097,0
                24.001826,49.807141,0
                24.000853,49.807255,0
                24.000156,49.807337,0
                23.999699,49.80736,0
                23.999137,49.807388,0
                23.998974,49.807646,0
                23.998874,49.807808,0
                23.998786,49.80782,0
                23.99785,49.807946,0
                23.996889,49.808076,0
                23.996723,49.808099,0
                23.9967,49.808046,0
                23.99658,49.807771,0
                23.996444,49.807462,0
                23.996366,49.807465,0
                23.99606,49.80748,0
                23.995864,49.80749,0
                23.995865,49.807548,0
                23.995867,49.80759,0
                23.995767,49.807598,0
                23.993831,49.807773,0
                23.993633,49.807791,0
                23.993604,49.80786,0
                23.993517,49.808072,0
                23.993492,49.808134,0
                23.993419,49.808114,0
                23.993164,49.808046,0
                23.992558,49.807886,0
                23.992489,49.807867,0
                23.992229,49.80789,0
                23.991821,49.807924,0
                23.991669,49.807938,0
                23.991436,49.807956,0
                23.990657,49.808016,0
                23.989528,49.808103,0
                23.989032,49.808141,0
                23.98881,49.808158,0
                23.988729,49.808166,0
                23.988658,49.808173,0
                23.988165,49.808222,0
                23.987783,49.80826,0
                23.987199,49.808319,0
                23.986612,49.808378,0
                23.986243,49.808415,0
                23.986187,49.808424,0
                23.985198,49.808585,0
                23.98422,49.808744,0
                23.983331,49.808889,0
                23.98303,49.808938,0
                23.983044,49.809008,0
                23.983077,49.809163,0
                23.983151,49.809508,0
                23.983172,49.809605,0
                23.983107,49.809912,0
                23.983046,49.8102,0
                23.983022,49.810318,0
                23.982705,49.810541,0
                23.982604,49.810612,0
                23.982821,49.811427,0
                23.982886,49.81167,0
                23.982954,49.811922,0
                23.982981,49.812024,0
                23.983007,49.812133,0
                23.983044,49.812289,0
                23.98307,49.812399,0
                23.983101,49.81253,0
                23.983212,49.813004,0
                23.983229,49.813071,0
                23.982782,49.813184,0
                23.982598,49.81323,0
                23.981917,49.813541,0
                23.981354,49.813798,0
                23.981192,49.813872,0
                23.981427,49.814115,0
                23.981499,49.814189,0
                23.981536,49.814226,0
                23.981573,49.814281,0
                23.981619,49.814347,0
                23.981752,49.81454,0
                23.981795,49.814601,0
                23.981822,49.81464,0
                23.981844,49.814691,0
                23.981875,49.814759,0
                23.9819,49.814814,0
                23.981947,49.814919,0
                23.981963,49.814955,0
                23.982005,49.815049,0
                23.982074,49.815199,0
                23.981986,49.815344,0
                23.981962,49.815384,0
                23.981065,49.81556,0
                23.980509,49.815669,0
                23.980352,49.815701,0
                23.97989,49.816482,0
                23.97919,49.817665,0
                23.979081,49.817852,0
                23.978695,49.818112,0
                23.978197,49.818449,0
                23.977918,49.818637,0
                23.97785,49.818684,0
                23.977771,49.818664,0
                23.977498,49.818593,0
                23.977244,49.818529,0
                23.975915,49.820475,0
                23.97584,49.820547,0
                23.975515,49.820867,0
                23.975266,49.821112,0
                23.974857,49.821514,0
                23.974584,49.821783,0
                23.974374,49.82199,0
                23.974346,49.822019,0
                23.974146,49.822458,0
                23.974123,49.82251,0
                23.974092,49.822577,0
                23.974046,49.822628,0
                23.973744,49.822952,0
                23.973666,49.823016,0
                23.973508,49.823149,0
                23.973218,49.823392,0
                23.97309,49.823499,0
                23.973096,49.823565,0
                23.973169,49.82427,0
                23.973179,49.824359,0
                23.973396,49.824513,0
                23.973046,49.824914,0
                23.972638,49.825385,0
                23.972606,49.825421,0
                23.972485,49.82556,0
                23.972438,49.825614,0
                23.972367,49.825703,0
                23.972331,49.82575,0
                23.97218,49.825947,0
                23.97214,49.825998,0
                23.97189,49.8263,0
                23.971682,49.826551,0
                23.971574,49.826683,0
                23.9716,49.826766,0
                23.971528,49.826875,0
                23.971438,49.827207,0
                23.971257,49.827886,0
                23.971175,49.828195,0
                23.971264,49.828336,0
                23.971321,49.828424,0
                23.971353,49.828608,0
                23.971385,49.828778,0
                23.971375,49.828913,0
                23.971281,49.828957,0
                23.970325,49.829407,0
                23.970217,49.829458,0
                23.969873,49.829458,0
                23.969917,49.829822,0
                23.969943,49.830042,0
                23.969966,49.830229,0
                23.96998,49.830341,0
                23.969862,49.830568,0
                23.969851,49.83059,0
                23.969795,49.830815,0
                23.969776,49.830896,0
                23.969904,49.83092,0
                23.97008,49.830955,0
                23.970354,49.831007,0
                23.970729,49.831078,0
                23.970874,49.831106,0
                23.970935,49.831117,0
                23.970895,49.831199,0
                23.96999,49.833249,0
                23.969829,49.833629,0
                23.969828,49.833698,0
                23.969821,49.834241,0
                23.96982,49.834355,0
                23.969812,49.83442,0
                23.969804,49.834486,0
                23.969798,49.83454,0
                23.969793,49.834577,0
                23.96979,49.834604,0
                23.969733,49.835077,0
                23.969686,49.835478,0
                23.969618,49.83605,0
                23.969594,49.836138,0
                23.969497,49.836496,0
                23.969468,49.836604,0
                23.96948,49.836647,0
                23.969707,49.837446,0
                23.969818,49.837836,0
                23.969793,49.837943,0
                23.969771,49.838037,0
                23.969757,49.838096,0
                23.969742,49.838162,0
                23.969721,49.838256,0
                23.969708,49.838306,0
                23.96969,49.83839,0
                23.969822,49.838393,0
                23.970174,49.838402,0
                23.970332,49.838406,0
                23.970323,49.838477,0
                23.970304,49.83864,0
                23.970292,49.838743,0
                23.970289,49.838772,0
                23.970374,49.838777,0
                23.970796,49.838796,0
                23.970907,49.838801,0
                23.971207,49.838815,0
                23.971335,49.838821,0
                23.97132,49.83899,0
                23.971291,49.839332,0
                23.971282,49.839448,0
                23.971253,49.839791,0
                23.971181,49.840648,0
                23.971102,49.841602,0
                23.971074,49.841942,0
                23.973025,49.842147,0
                23.973682,49.842216,0
                23.974448,49.84223,0
                23.974415,49.842344,0
                23.974101,49.843485,0
                23.973849,49.844398,0
                23.97378,49.844648,0
                23.974673,49.844788,0
                23.976322,49.845048,0
                23.977387,49.845216,0
                23.977754,49.845274,0
                23.977618,49.845819,0
                23.97749,49.846337,0
                23.977378,49.846789,0
                23.977344,49.846876,0
                23.976923,49.84797,0
                23.97673,49.848473,0
                23.977578,49.849165,0
                23.977005,49.849498,0
                23.976827,49.849601,0
                23.97803,49.850488,0
                23.978671,49.850849,0
                23.97901,49.851039,0
                23.979396,49.851458,0
                23.979685,49.852518,0
                23.980207,49.853411,0
                23.980308,49.853582,0
                23.980348,49.85365,0
                23.980452,49.853689,0
                23.982483,49.854445,0
                23.983169,49.8547,0
                23.981466,49.855382,0
                23.97875,49.854798,0
                23.977929,49.854618,0
                23.976756,49.854454,0
                23.973206,49.853952,0
                23.970465,49.853565,0
                23.969757,49.853466,0
                23.968992,49.853311,0
                23.967612,49.853028,0
                23.96695,49.852894,0
                23.965167,49.852531,0
                23.959518,49.85138,0
                23.959152,49.850657,0
                23.958106,49.850649,0
                23.95744,49.850006,0
                23.957333,49.849406,0
                23.957645,49.847682,0
                23.957079,49.846521,0
                23.956272,49.844944,0
                23.955821,49.844046,0
                23.955039,49.842487,0
                23.95067,49.838494,0
                23.950397,49.836655,0
                23.948193,49.835775,0
                23.948176,49.835131,0
                23.947962,49.833446,0
                23.938649,49.833314,0
                23.937174,49.832806,0
                23.939198,49.831129,0
                23.942237,49.827771,0
                23.943594,49.826272,0
                23.942917,49.82526,0
                23.943276,49.824202,0
                23.942712,49.824042,0
                23.943067,49.823174,0
                23.943458,49.822404,0
                23.944295,49.822116,0
                23.945089,49.822172,0
                23.945905,49.821853,0
                23.947074,49.821583,0
                23.948147,49.820711,0
                23.949295,49.819493,0
                23.951682,49.817402,0
                23.954504,49.814572,0
                23.955872,49.813576,0
                23.959411,49.811353,0
                23.962673,49.809204,0
                23.963526,49.807968,0
                23.964049,49.807386,0
                23.9651,49.807102,0
                23.966002,49.806922,0
                23.966753,49.806517,0
                23.968604,49.805397,0
                23.969688,49.804559,0
                23.971356,49.803274,0
                23.973775,49.80171,0
                23.975106,49.80144,0
                23.979612,49.801086,0
                23.982412,49.800193,0
                23.983839,49.799244,0
                23.984612,49.798566,0
                23.986586,49.798157,0
                23.98694,49.797568,0
                23.989021,49.79698,0
                23.989053,49.796391,0
                23.990523,49.796235,0
                23.992087,49.796857,0
                23.995633,49.796429,0
                23.99638,49.797225,0
                23.99722,49.797428,0
                24.001027,49.797489,0
                24.002901,49.796702,0
                24.004017,49.795746,0
                24.004418,49.794972,0
                24.004252,49.794391,0
                24.004096,49.793823,0
                24.006355,49.79357,0
                24.008672,49.79329,0
                24.010979,49.793078,0
                24.011766,49.793002,0
                24.012259,49.794526,0
                24.012796,49.796586,0
                24.012946,49.797009,0
                24.015296,49.796752,0
                24.016519,49.796538,0
                24.016615,49.79651,0
                24.016379,49.794931,0
                24.016047,49.793636,0
                24.015553,49.791253,0
                24.014738,49.787797,0
                24.015161,49.787814,0
                24.016567,49.787669,0
                24.017704,49.787579,0
                24.021524,49.787212,0
                24.02381,49.786927,0
                24.025751,49.787012,0
                24.026513,49.786971,0
                24.027446,49.786887,0
                24.029002,49.786915,0
                24.031137,49.786915,0
                24.033176,49.787275,0
                24.041306,49.787331,0
                24.044124,49.787113,0
                24.044843,49.787078,0
                24.046346,49.786892,0
                24.048198,49.787389,0
                24.049397,49.78724,0
                24.050513,49.787384,0
                24.051136,49.787134,0
                24.051318,49.787068,0
                24.051506,49.787144,0
                24.052048,49.786956,0
                24.052904,49.786815,0
                24.053961,49.787106,0
                24.054648,49.786974,0
                24.055592,49.786964,0
                24.056053,49.787334,0
                24.057408,49.787381,0
                24.058004,49.786871,0
                24.058148,49.786698,0
                24.058846,49.786673,0
                24.060425,49.786496,0
                24.060592,49.786281,0
                24.061064,49.786305,0
                24.061525,49.7867,0
                24.061943,49.787029,0
                24.062078,49.787268,0
                24.062731,49.78716,0
                24.063423,49.787177,0
                24.063367,49.787022,0
                24.063713,49.787027,0
                24.063836,49.787518,0
                24.064623,49.787507,0
                24.065421,49.787509,0
                24.06637,49.787704,0
                24.067351,49.7884,0
                24.068231,49.789183,0
                24.069583,49.789724,0
                24.071257,49.790014,0
                24.072338,49.79004,0
                24.072987,49.789929,0
                24.074275,49.790576,0
                24.074194,49.792066,0
                24.074976,49.792076,0
                24.076225,49.79218,0
                24.077293,49.792249,0
                24.078307,49.792521,0
                24.079014,49.792702,0
                24.081856,49.792864,0
                24.082355,49.792864,0
                24.083905,49.794481,0
                24.086148,49.7948,0
                24.085906,49.795991,0
                24.0861,49.796168,0
                24.086733,49.796389,0
                24.087032,49.797006,0
                24.086498,49.797797,0
                24.087003,49.798284,0
                24.085458,49.79958,0
                24.081621,49.804913,0
                24.080419,49.807988,0
                24.081878,49.810009,0
                24.086728,49.809899,0
                24.088774,49.813244,0
                24.089503,49.816013,0
                24.086928,49.816082,0
                24.089417,49.817619,0
                24.092555,49.819474,0
                24.092909,49.820291,0
                24.093057,49.822377,0
                24.090923,49.823502,0
                24.088424,49.824895,0
                24.087073,49.825448,0
                24.085754,49.82602,0
                24.084171,49.826304,0
                24.083323,49.826794,0
                24.082422,49.827134,0
                24.081161,49.827006,0
                24.07844,49.827578,0
                24.075304,49.828257,0
                24.074764,49.830172,0
                24.075874,49.831479,0
                24.076659,49.832583,0
                24.077233,49.832372,0
                24.077421,49.832939,0
                24.077662,49.833427,0
                24.078118,49.834349,0
                24.07823,49.834346,0
                24.078306,49.834554,0
                24.078429,49.834608,0
                24.078777,49.834761,0
                24.079743,49.83483,0
                24.080204,49.834816,0
                24.080341,49.835224,0
                24.080486,49.835517,0
                24.08055,49.836723,0
                24.08048,49.838045,0
                24.08015,49.83833,0
                24.082923,49.839476,0
                24.083824,49.839974,0
                24.085208,49.840306,0
                24.085569,49.840484,0
                24.086181,49.840976,0
                24.086567,49.841584,0
                24.08661,49.841972,0
                24.086599,49.842473,0
                24.086315,49.843099,0
                24.085784,49.843573,0
                24.084983,49.844028,0
                24.084565,49.844329,0
                24.084495,49.844554,0
                24.084538,49.844938,0
                24.084677,49.845374,0
                24.084903,49.846296,0
                24.084774,49.847286,0
                24.084638,49.847923,0
                24.084316,49.848279,0
                24.083482,49.848853,0
                24.08404,49.849019,0
                24.084378,49.849178,0
                24.084469,49.849234,0
                24.084469,49.849891,0
                24.084652,49.850358,0
                24.08488,49.850771,0
                24.084945,49.851262,0
                24.085014,49.851885,0
                24.085204,49.852182,0
                24.085156,49.852331,0
                24.085236,49.852418,0
                24.085241,49.852563,0
                24.085311,49.85258,0
                24.085397,49.852891,0
                24.085526,49.853189,0
                24.085606,49.853452,0
                24.085916,49.854192,0
                24.086109,49.854738,0
                24.086205,49.855105,0
                24.086441,49.855715,0
                24.086607,49.856268,0
                24.086747,49.856663,0
                24.086859,49.856957,0
                24.085078,49.85789,0
                24.083587,49.858582,0
                24.081866,49.859659,0
                24.080751,49.860032,0
                24.078498,49.860282,0
                24.076217,49.860472,0
                24.073986,49.860701,0
                24.073111,49.860752,0
                24.071877,49.860739,0
                24.068416,49.862199,0
                24.067713,49.862624,0
                24.065353,49.864122,0
                24.064784,49.864458,0
                24.062709,49.864815,0
                24.064527,49.86609,0
                24.064549,49.86665,0
                24.064522,49.867058,0
                24.064538,49.867912,0
                24.064743,49.868126,0
                24.064788,49.868281,0
                24.063036,49.868866,0
                24.063685,49.869423,0
                24.064088,49.869758,0
                24.065359,49.870733,0
                24.065761,49.871106,0
                24.066362,49.871615,0
                24.067871,49.872971,0
                24.069625,49.874326,0
                24.070108,49.874768,0
                24.069968,49.87508,0
                24.067994,49.87537,0
                24.066868,49.875405,0
                24.066404,49.875731,0
                24.063346,49.876934,0
                24.062756,49.877905,0
                24.061844,49.877722,0
                24.060782,49.87785,0
                24.060267,49.878009,0
                24.059499,49.878297,0
                24.058711,49.878439,0
                24.058223,49.878525,0
                24.057702,49.87864,0
                24.057059,49.878605,0
                24.056582,49.878673,0
                24.056287,49.878939,0
                24.056083,49.879095,0
                24.054034,49.879105,0
                24.051551,49.878958,0
                24.046187,49.880882,0
                24.043419,49.881546,0
                24.043467,49.881898,0
                24.042909,49.881908,0
                24.042029,49.881877,0
                24.040825,49.881807,0
                24.040638,49.881804,0
                24.040552,49.882166,0
                24.040171,49.882232,0
                24.039876,49.882267,0
                24.039126,49.882486,0
                24.038448,49.882844,0
                24.037627,49.883051,0
                24.037294,49.883034,0
                24.037126,49.882967,0
                24.036986,49.883033,0
                24.036981,49.883073,0
                24.036632,49.883057,0
                24.034801,49.882968,0
                24.034609,49.88285,0
                24.034116,49.882805,0
                24.033751,49.882786,0
                24.031197,49.882182,0
                24.02815,49.88136,0
                24.021306,49.879721,0
                24.0171,49.878868,0
                24.012561,49.878916,0
                24.011917,49.878647,0
                24.010524,49.878586,0
                24.004873,49.878356,0
                24.003365,49.878111,0
                24.003013,49.877943,0
                24.002623,49.877707,0
                24.000525,49.876666,0
                23.999876,49.876131,0
                23.99749,49.874781,0
                23.998088,49.873163,0
                23.998882,49.871849,0
                23.99502,49.871573,0
                23.995484,49.869418,0
                23.993974,49.866925,0
                23.990121,49.862931,0
              </coordinates>
            </LinearRing>
          </outerBoundaryIs>
        </Polygon>
      </Placemark>
    </Folder>
    <Folder>
      <name>Івано-Франківськ </name>
      <Placemark>
        <name>Франківськ Фудотека на Промприладі</name>
        <description>вул. Української Перемоги 23</description>
        <styleUrl>#icon-1899-A52714</styleUrl>
        <Point>
          <coordinates>
            24.712476,48.91408,0
          </coordinates>
        </Point>
      </Placemark>
      <Placemark>
        <name>Зона стандарт [Фудотека] на Промприладі: вул.Української перемоги 23</name>
        <description><![CDATA[Доставляємо за 60-90 хвилин, самовивіз протягом 40 хвилин<br>Безкоштовна доставка від 1199 грн, якщо замовлення 699-1198 грн – доставка 29 грн, 251-698 грн – доставка 89 грн, менше 250 грн – тільки самовивіз]]></description>
        <styleUrl>#poly-097138-2000-120</styleUrl>
        <Polygon>
          <outerBoundaryIs>
            <LinearRing>
              <tessellate>1</tessellate>
              <coordinates>
                24.740253,48.904331,0
                24.741612,48.908901,0
                24.742685,48.911849,0
                24.742588,48.913294,0
                24.742773,48.914834,0
                24.743181,48.915948,0
                24.743796,48.916862,0
                24.743979,48.917427,0
                24.744303,48.917845,0
                24.744507,48.918183,0
                24.744761,48.918567,0
                24.745576,48.919087,0
                24.746213,48.919583,0
                24.746637,48.919946,0
                24.747631,48.920891,0
                24.74681,48.921175,0
                24.746032,48.921543,0
                24.746201,48.922007,0
                24.746491,48.922278,0
                24.746365,48.922417,0
                24.746514,48.922797,0
                24.74679,48.92363,0
                24.746258,48.925181,0
                24.746017,48.925869,0
                24.745481,48.927362,0
                24.745021,48.92873,0
                24.744641,48.929851,0
                24.745896,48.929634,0
                24.747036,48.929403,0
                24.748714,48.929159,0
                24.749792,48.9295,0
                24.750619,48.930404,0
                24.751317,48.93114,0
                24.751502,48.931448,0
                24.751669,48.93152,0
                24.751762,48.931538,0
                24.751891,48.931672,0
                24.751922,48.931782,0
                24.75218,48.932176,0
                24.752435,48.932557,0
                24.75283,48.932885,0
                24.753422,48.933399,0
                24.753766,48.933287,0
                24.753911,48.933209,0
                24.754077,48.933163,0
                24.754184,48.933301,0
                24.756389,48.935682,0
                24.756604,48.935946,0
                24.756582,48.936034,0
                24.756469,48.936076,0
                24.756223,48.936154,0
                24.756105,48.93615,0
                24.755901,48.936189,0
                24.755611,48.93626,0
                24.755005,48.936457,0
                24.757085,48.938234,0
                24.757638,48.938713,0
                24.756541,48.938706,0
                24.755811,48.938773,0
                24.754476,48.939323,0
                24.754449,48.940246,0
                24.75429,48.940492,0
                24.75381,48.941059,0
                24.753362,48.94132,0
                24.752788,48.941637,0
                24.752021,48.941839,0
                24.751914,48.941978,0
                24.751935,48.942234,0
                24.751965,48.942711,0
                24.752008,48.942899,0
                24.75204,48.943153,0
                24.751922,48.943269,0
                24.750784,48.943702,0
                24.749779,48.94396,0
                24.746073,48.944866,0
                24.743627,48.946628,0
                24.743026,48.947368,0
                24.742282,48.948234,0
                24.741623,48.948046,0
                24.741177,48.948097,0
                24.739687,48.948287,0
                24.738571,48.948418,0
                24.737754,48.948725,0
                24.736737,48.949276,0
                24.733937,48.947881,0
                24.733147,48.948078,0
                24.731619,48.948882,0
                24.730953,48.948796,0
                24.730046,48.948539,0
                24.726324,48.94516,0
                24.726155,48.944866,0
                24.726241,48.944718,0
                24.726372,48.944534,0
                24.726306,48.944457,0
                24.726016,48.944165,0
                24.725927,48.944057,0
                24.725812,48.944057,0
                24.72466,48.943992,0
                24.723539,48.943749,0
                24.721372,48.943147,0
                24.716717,48.941884,0
                24.710031,48.943344,0
                24.708433,48.944045,0
                24.70793,48.944221,0
                24.699305,48.948619,0
                24.69791,48.949366,0
                24.697052,48.949852,0
                24.696268,48.949246,0
                24.695485,48.949668,0
                24.695142,48.950211,0
                24.690456,48.953331,0
                24.690003,48.953543,0
                24.689783,48.953622,0
                24.689681,48.953636,0
                24.688418,48.95275,0
                24.687291,48.952024,0
                24.686047,48.950939,0
                24.685618,48.950572,0
                24.685757,48.950453,0
                24.686036,48.95027,0
                24.686025,48.950164,0
                24.685693,48.949889,0
                24.685349,48.949656,0
                24.685092,48.949797,0
                24.684158,48.950199,0
                24.683832,48.9499,0
                24.681231,48.94749,0
                24.680634,48.947081,0
                24.680347,48.946929,0
                24.679746,48.94694,0
                24.679247,48.946799,0
                24.679086,48.946457,0
                24.679434,48.94621,0
                24.679856,48.945888,0
                24.680667,48.944841,0
                24.680834,48.944707,0
                24.680979,48.94463,0
                24.681022,48.944574,0
                24.680898,48.944482,0
                24.6807,48.944429,0
                24.680716,48.944352,0
                24.680769,48.944154,0
                24.680943,48.944006,0
                24.680839,48.943872,0
                24.680581,48.943633,0
                24.680206,48.943275,0
                24.680082,48.943056,0
                24.680073,48.942768,0
                24.680043,48.942442,0
                24.680086,48.942181,0
                24.680248,48.942018,0
                24.680553,48.94187,0
                24.680578,48.941821,0
                24.680556,48.941673,0
                24.68058,48.941433,0
                24.680591,48.941293,0
                24.680708,48.941142,0
                24.68082,48.94104,0
                24.68109,48.940859,0
                24.681244,48.940746,0
                24.681716,48.940505,0
                24.68218,48.940256,0
                24.682463,48.940111,0
                24.683149,48.939864,0
                24.684148,48.939279,0
                24.684266,48.939234,0
                24.684348,48.939114,0
                24.684423,48.938961,0
                24.684938,48.938581,0
                24.684,48.938712,0
                24.684021,48.938088,0
                24.684021,48.937993,0
                24.68315,48.93705,0
                24.682834,48.93682,0
                24.682834,48.936701,0
                24.68296,48.936639,0
                24.68329,48.936595,0
                24.683668,48.936426,0
                24.684239,48.93613,0
                24.684267,48.936172,0
                24.684676,48.936249,0
                24.685536,48.936114,0
                24.686684,48.935936,0
                24.687339,48.935936,0
                24.687728,48.935936,0
                24.688905,48.935936,0
                24.689429,48.936089,0
                24.69062,48.936404,0
                24.69109,48.936651,0
                24.691189,48.936578,0
                24.691586,48.936151,0
                24.692809,48.936243,0
                24.693796,48.936669,0
                24.693979,48.937085,0
                24.693966,48.937708,0
                24.695313,48.937923,0
                24.696906,48.938142,0
                24.698269,48.9382,0
                24.701531,48.938207,0
                24.701719,48.938054,0
                24.702731,48.936994,0
                24.703327,48.936332,0
                24.702629,48.93586,0
                24.699762,48.935203,0
                24.698836,48.934988,0
                24.696374,48.934471,0
                24.695763,48.934334,0
                24.69545,48.934184,0
                24.694371,48.93332,0
                24.692331,48.931664,0
                24.691422,48.930941,0
                24.688391,48.928434,0
                24.686674,48.927042,0
                24.686106,48.926435,0
                24.685318,48.925494,0
                24.684211,48.924099,0
                24.683304,48.92306,0
                24.682151,48.921786,0
                24.681754,48.921527,0
                24.680152,48.920601,0
                24.677802,48.919162,0
                24.676748,48.918326,0
                24.676302,48.917772,0
                24.67586,48.916962,0
                24.675737,48.916472,0
                24.675834,48.915666,0
                24.67599,48.91489,0
                24.676301,48.914073,0
                24.676483,48.913551,0
                24.676191,48.913536,0
                24.675806,48.913506,0
                24.675361,48.913443,0
                24.675021,48.91334,0
                24.674768,48.913128,0
                24.674168,48.91258,0
                24.673668,48.912185,0
                24.673311,48.911891,0
                24.672939,48.911621,0
                24.672744,48.911485,0
                24.672656,48.91135,0
                24.672631,48.911159,0
                24.672619,48.911103,0
                24.672632,48.910999,0
                24.672645,48.910854,0
                24.672719,48.910757,0
                24.672686,48.91074,0
                24.672045,48.910444,0
                24.671151,48.910002,0
                24.670664,48.909742,0
                24.670508,48.909593,0
                24.670204,48.909309,0
                24.6701,48.909134,0
                24.670014,48.908958,0
                24.670073,48.908855,0
                24.670301,48.908725,0
                24.670806,48.908515,0
                24.671361,48.908272,0
                24.671576,48.908178,0
                24.671469,48.908134,0
                24.671125,48.907979,0
                24.670793,48.907808,0
                24.670651,48.907669,0
                24.670635,48.907524,0
                24.67059,48.907326,0
                24.670276,48.907091,0
                24.669853,48.906749,0
                24.669651,48.906659,0
                24.668358,48.906093,0
                24.666073,48.905094,0
                24.665578,48.90469,0
                24.665824,48.904487,0
                24.666602,48.903873,0
                24.66702,48.903521,0
                24.666697,48.903182,0
                24.666901,48.9031,0
                24.667202,48.902845,0
                24.667415,48.902783,0
                24.667457,48.902819,0
                24.667712,48.902721,0
                24.667855,48.902701,0
                24.668175,48.90253,0
                24.668218,48.902546,0
                24.668339,48.902576,0
                24.668802,48.902352,0
                24.669325,48.902087,0
                24.669419,48.902135,0
                24.669888,48.902481,0
                24.670228,48.902242,0
                24.671823,48.90115,0
                24.66977,48.900106,0
                24.667458,48.898901,0
                24.668011,48.89864,0
                24.669584,48.898021,0
                24.670563,48.897653,0
                24.671384,48.897311,0
                24.671341,48.89729,0
                24.670761,48.897007,0
                24.669989,48.896655,0
                24.669276,48.896344,0
                24.668936,48.896126,0
                24.67125,48.895058,0
                24.671888,48.894766,0
                24.674629,48.893483,0
                24.674814,48.893384,0
                24.674959,48.893349,0
                24.675085,48.89345,0
                24.676046,48.89438,0
                24.676504,48.894831,0
                24.677896,48.895983,0
                24.678728,48.896655,0
                24.6794,48.896984,0
                24.67981,48.897499,0
                24.683783,48.897965,0
                24.68469,48.898199,0
                24.685895,48.898503,0
                24.686552,48.897303,0
                24.687164,48.896982,0
                24.687941,48.897326,0
                24.688488,48.897654,0
                24.689228,48.897994,0
                24.689628,48.898131,0
                24.69025,48.898413,0
                24.690777,48.898542,0
                24.691211,48.898703,0
                24.691576,48.898957,0
                24.691839,48.898826,0
                24.692358,48.898506,0
                24.692584,48.898658,0
                24.692782,48.898937,0
                24.693375,48.899476,0
                24.693798,48.899827,0
                24.69474,48.900719,0
                24.69485,48.900688,0
                24.69603,48.900148,0
                24.69754,48.899376,0
                24.698195,48.899417,0
                24.701308,48.898194,0
                24.703786,48.89733,0
                24.70652,48.896506,0
                24.707314,48.896265,0
                24.706981,48.895718,0
                24.706504,48.894935,0
                24.706489,48.894528,0
                24.706169,48.893304,0
                24.706249,48.892862,0
                24.706868,48.892814,0
                24.707664,48.892865,0
                24.708232,48.892993,0
                24.708718,48.893184,0
                24.708726,48.893109,0
                24.708718,48.893037,0
                24.708581,48.892584,0
                24.708524,48.892363,0
                24.708504,48.892274,0
                24.708438,48.892029,0
                24.708393,48.891878,0
                24.70836,48.891734,0
                24.708555,48.891694,0
                24.708466,48.891548,0
                24.708084,48.890639,0
                24.707875,48.890009,0
                24.70779,48.889813,0
                24.707678,48.889445,0
                24.707499,48.88947,0
                24.707169,48.889499,0
                24.707099,48.889447,0
                24.707001,48.889283,0
                24.707159,48.888601,0
                24.708087,48.88846,0
                24.708026,48.888345,0
                24.707874,48.88827,0
                24.707684,48.88824,0
                24.707426,48.888213,0
                24.707355,48.888146,0
                24.707329,48.888018,0
                24.707407,48.887874,0
                24.707432,48.887641,0
                24.70744,48.887033,0
                24.707515,48.886761,0
                24.707593,48.886763,0
                24.708436,48.886877,0
                24.708541,48.886569,0
                24.708637,48.886298,0
                24.708679,48.886119,0
                24.70867,48.886029,0
                24.708591,48.885719,0
                24.708406,48.885203,0
                24.708368,48.885068,0
                24.708374,48.884801,0
                24.708446,48.884567,0
                24.708422,48.884317,0
                24.708339,48.884001,0
                24.708239,48.883605,0
                24.708314,48.883549,0
                24.708605,48.88345,0
                24.70965,48.883447,0
                24.710103,48.883446,0
                24.710054,48.883264,0
                24.712357,48.883097,0
                24.714031,48.883016,0
                24.715418,48.882952,0
                24.715376,48.883258,0
                24.715446,48.883671,0
                24.71537,48.883847,0
                24.715634,48.884294,0
                24.716546,48.884246,0
                24.717489,48.884268,0
                24.720323,48.884364,0
                24.720473,48.885056,0
                24.722125,48.885943,0
                24.724488,48.889669,0
                24.726033,48.891778,0
                24.72809,48.894126,0
                24.735428,48.896891,0
                24.737156,48.899119,0
                24.737438,48.900572,0
                24.736534,48.902708,0
                24.740253,48.904331,0
              </coordinates>
            </LinearRing>
          </outerBoundaryIs>
        </Polygon>
      </Placemark>
      <Placemark>
        <name>Угринів [Фудотека] на Промприладі: вул.Української перемоги 23</name>
        <description><![CDATA[Доставляємо за 1.5-2 години .<br>Безкоштовна доставка від 1499 грн, якщо замовлення 999-1498 грн – доставка 89 грн, 699-998 грн – доставка 150 грн, менше 699 грн – тільки самовивіз]]></description>
        <styleUrl>#poly-E65100-2000-158</styleUrl>
        <Polygon>
          <outerBoundaryIs>
            <LinearRing>
              <tessellate>1</tessellate>
              <coordinates>
                24.716717,48.941884,0
                24.716149,48.942998,0
                24.715619,48.94406,0
                24.714903,48.945498,0
                24.713518,48.949092,0
                24.712064,48.952552,0
                24.711083,48.954761,0
                24.709159,48.958522,0
                24.707854,48.960804,0
                24.707291,48.961684,0
                24.705333,48.961716,0
                24.705108,48.961368,0
                24.703885,48.961325,0
                24.702632,48.961205,0
                24.70231,48.960726,0
                24.701609,48.960834,0
                24.696922,48.96157,0
                24.69321,48.96221,0
                24.693081,48.96207,0
                24.692695,48.961584,0
                24.691965,48.961944,0
                24.691067,48.962339,0
                24.689822,48.962388,0
                24.689189,48.96217,0
                24.68803,48.961325,0
                24.687623,48.960402,0
                24.686979,48.959683,0
                24.685992,48.95981,0
                24.68558,48.958892,0
                24.685173,48.957829,0
                24.684465,48.956786,0
                24.683038,48.955608,0
                24.679268,48.952415,0
                24.684158,48.950199,0
                24.68458,48.950018,0
                24.684987,48.949843,0
                24.685092,48.949797,0
                24.685262,48.949705,0
                24.685349,48.949656,0
                24.685626,48.949845,0
                24.685693,48.949889,0
                24.685947,48.9501,0
                24.686025,48.950164,0
                24.686036,48.95027,0
                24.685757,48.950453,0
                24.685676,48.950522,0
                24.685618,48.950572,0
                24.686047,48.950939,0
                24.686361,48.951214,0
                24.686968,48.951742,0
                24.687154,48.951905,0
                24.687224,48.951966,0
                24.687291,48.952024,0
                24.687472,48.952141,0
                24.687537,48.952183,0
                24.687664,48.952264,0
                24.687967,48.952459,0
                24.688043,48.952508,0
                24.688328,48.952692,0
                24.688374,48.952722,0
                24.68843,48.952758,0
                24.689338,48.953396,0
                24.689681,48.953636,0
                24.689783,48.953622,0
                24.690003,48.953543,0
                24.69029,48.95341,0
                24.690456,48.953331,0
                24.691176,48.952852,0
                24.692064,48.952261,0
                24.693973,48.95099,0
                24.695142,48.950211,0
                24.695446,48.949731,0
                24.695485,48.949668,0
                24.695745,48.949529,0
                24.696089,48.949343,0
                24.696176,48.949296,0
                24.696268,48.949246,0
                24.696327,48.949291,0
                24.696361,48.949318,0
                24.696405,48.949352,0
                24.696465,48.949398,0
                24.696506,48.94943,0
                24.696536,48.949453,0
                24.696656,48.949547,0
                24.696812,48.949667,0
                24.696897,48.949733,0
                24.696947,48.949771,0
                24.697006,48.949817,0
                24.697052,48.949852,0
                24.697077,48.949838,0
                24.697218,48.949757,0
                24.697262,48.949733,0
                24.697598,48.949542,0
                24.697889,48.949378,0
                24.697968,48.949335,0
                24.69811,48.949259,0
                24.698611,48.94899,0
                24.699056,48.948752,0
                24.699098,48.948729,0
                24.699203,48.948674,0
                24.699234,48.948657,0
                24.699272,48.948636,0
                24.699305,48.948619,0
                24.699336,48.948603,0
                24.699506,48.948516,0
                24.699578,48.948479,0
                24.701514,48.947493,0
                24.701899,48.947296,0
                24.702163,48.947161,0
                24.703026,48.946722,0
                24.703458,48.946502,0
                24.704244,48.946101,0
                24.70432,48.946062,0
                24.704796,48.94582,0
                24.705686,48.945365,0
                24.705781,48.945317,0
                24.706607,48.944896,0
                24.707071,48.94466,0
                24.707293,48.944546,0
                24.707336,48.944524,0
                24.707427,48.944478,0
                24.707881,48.944247,0
                24.70793,48.944221,0
                24.708068,48.944173,0
                24.708125,48.944153,0
                24.708213,48.944122,0
                24.708336,48.944079,0
                24.708393,48.944059,0
                24.708428,48.944047,0
                24.709072,48.943765,0
                24.709139,48.943736,0
                24.709948,48.943381,0
                24.710031,48.943344,0
                24.710473,48.943247,0
                24.711357,48.943055,0
                24.712178,48.942875,0
                24.714514,48.942366,0
                24.715972,48.942046,0
                24.716574,48.941915,0
                24.716717,48.941884,0
              </coordinates>
            </LinearRing>
          </outerBoundaryIs>
        </Polygon>
      </Placemark>
      <Placemark>
        <name>Вовчинець 
[Фудотека] на Промприладі: вул.Української перемоги 23</name>
        <description><![CDATA[Доставляємо за 1.5-2 години .<br>Безкоштовна доставка від 1499 грн, якщо замовлення 999-1498 грн – доставка 89 грн, 699-998 грн – доставка 150 грн, менше 699 грн – тільки самовивіз]]></description>
        <styleUrl>#poly-E65100-3000-168</styleUrl>
        <Polygon>
          <outerBoundaryIs>
            <LinearRing>
              <tessellate>1</tessellate>
              <coordinates>
                24.757638,48.938713,0
                24.759728,48.940569,0
                24.760024,48.940941,0
                24.760325,48.941018,0
                24.761085,48.941303,0
                24.761004,48.941663,0
                24.759948,48.941797,0
                24.759156,48.942717,0
                24.759145,48.943175,0
                24.759038,48.943824,0
                24.758918,48.945144,0
                24.75898,48.945956,0
                24.759114,48.946748,0
                24.75891,48.947742,0
                24.758848,48.947986,0
                24.758685,48.948222,0
                24.758652,48.948366,0
                24.758609,48.948504,0
                24.75855,48.948712,0
                24.7584,48.948926,0
                24.757917,48.949289,0
                24.757391,48.949244,0
                24.757479,48.949449,0
                24.757762,48.949821,0
                24.757601,48.950216,0
                24.757365,48.950618,0
                24.757015,48.950936,0
                24.755806,48.951588,0
                24.755328,48.951842,0
                24.755031,48.952078,0
                24.754695,48.952236,0
                24.754301,48.952616,0
                24.754151,48.952667,0
                24.753345,48.952931,0
                24.752119,48.953493,0
                24.751581,48.953766,0
                24.751211,48.953874,0
                24.750155,48.954058,0
                24.750018,48.954079,0
                24.749216,48.954151,0
                24.748041,48.95419,0
                24.74737,48.954214,0
                24.746941,48.954172,0
                24.746392,48.953812,0
                24.745384,48.952871,0
                24.745537,48.952809,0
                24.745306,48.952667,0
                24.74422,48.952458,0
                24.742759,48.952235,0
                24.740965,48.952992,0
                24.740347,48.953563,0
                24.740165,48.953474,0
                24.73956,48.953177,0
                24.738954,48.952928,0
                24.73815,48.952615,0
                24.737704,48.952484,0
                24.737726,48.952146,0
                24.737916,48.95132,0
                24.737895,48.949925,0
                24.736737,48.949276,0
                24.737439,48.948896,0
                24.737754,48.948725,0
                24.738018,48.948626,0
                24.738571,48.948418,0
                24.73974,48.948281,0
                24.741623,48.948046,0
                24.741852,48.948112,0
                24.742282,48.948234,0
                24.742533,48.947943,0
                24.742906,48.947509,0
                24.743043,48.947349,0
                24.743175,48.947186,0
                24.743438,48.946861,0
                24.743511,48.946772,0
                24.743548,48.946725,0
                24.743627,48.946628,0
                24.743691,48.946583,0
                24.744686,48.945865,0
                24.745846,48.94503,0
                24.746073,48.944866,0
                24.746104,48.944858,0
                24.74673,48.944708,0
                24.748758,48.944211,0
                24.749774,48.943963,0
                24.750784,48.943702,0
                24.751922,48.943269,0
                24.75204,48.943153,0
                24.752032,48.943092,0
                24.752008,48.942899,0
                24.75198,48.942775,0
                24.751965,48.942713,0
                24.751914,48.941978,0
                24.752021,48.941839,0
                24.752788,48.941637,0
                24.753526,48.941224,0
                24.753596,48.941184,0
                24.753673,48.941138,0
                24.75381,48.941059,0
                24.753948,48.940896,0
                24.754292,48.940489,0
                24.754449,48.940246,0
                24.754476,48.939323,0
                24.754668,48.939244,0
                24.755811,48.938773,0
                24.756541,48.938706,0
                24.756948,48.938709,0
                24.75736,48.938712,0
                24.757502,48.938713,0
                24.757638,48.938713,0
              </coordinates>
            </LinearRing>
          </outerBoundaryIs>
        </Polygon>
      </Placemark>
      <Placemark>
        <name>Угорники, Микитинці
[Фудотека] на Промприладі: вул.Української перемоги 23</name>
        <description><![CDATA[Доставляємо за 1.5-2 години .<br>Безкоштовна доставка від 1499 грн, якщо замовлення 999-1498 грн – доставка 89 грн, 699-998 грн – доставка 150 грн, менше 699 грн – тільки самовивіз]]></description>
        <styleUrl>#poly-E65100-3000-171</styleUrl>
        <Polygon>
          <outerBoundaryIs>
            <LinearRing>
              <tessellate>1</tessellate>
              <coordinates>
                24.740404,48.904837,0
                24.742563,48.90521,0
                24.743373,48.905163,0
                24.743883,48.905327,0
                24.744195,48.905249,0
                24.745133,48.904833,0
                24.745891,48.904437,0
                24.746626,48.904229,0
                24.747403,48.904106,0
                24.747496,48.903974,0
                24.747644,48.90378,0
                24.747814,48.903678,0
                24.747891,48.903664,0
                24.748225,48.903603,0
                24.748418,48.903509,0
                24.748435,48.903404,0
                24.748493,48.903351,0
                24.748758,48.903132,0
                24.748802,48.902972,0
                24.748893,48.902882,0
                24.749246,48.902645,0
                24.749311,48.902654,0
                24.751432,48.903122,0
                24.752007,48.902659,0
                24.752753,48.902315,0
                24.753933,48.901744,0
                24.755371,48.901102,0
                24.755274,48.900947,0
                24.755564,48.90046,0
                24.756959,48.89979,0
                24.75753,48.900473,0
                24.758518,48.901931,0
                24.761965,48.906784,0
                24.76285,48.908067,0
                24.764527,48.910613,0
                24.764924,48.911466,0
                24.764806,48.912326,0
                24.764967,48.913045,0
                24.765248,48.91358,0
                24.766326,48.914581,0
                24.767512,48.915946,0
                24.767829,48.916785,0
                24.767668,48.918009,0
                24.768196,48.919763,0
                24.768938,48.922572,0
                24.76941,48.924313,0
                24.769989,48.925584,0
                24.769377,48.925716,0
                24.765107,48.926669,0
                24.764745,48.926873,0
                24.7642,48.927051,0
                24.763782,48.927212,0
                24.763424,48.927353,0
                24.763097,48.927766,0
                24.762983,48.92801,0
                24.76287,48.928426,0
                24.762954,48.928586,0
                24.762881,48.928722,0
                24.762736,48.928761,0
                24.762458,48.928652,0
                24.762074,48.928444,0
                24.761788,48.928542,0
                24.761399,48.92862,0
                24.760646,48.928625,0
                24.759549,48.928565,0
                24.759029,48.928512,0
                24.758607,48.926282,0
                24.756775,48.924912,0
                24.755555,48.923788,0
                24.754222,48.922991,0
                24.753889,48.92276,0
                24.752976,48.921971,0
                24.752413,48.921344,0
                24.749423,48.9188,0
                24.748425,48.917848,0
                24.747062,48.916529,0
                24.743398,48.91627,0
                24.743181,48.915948,0
                24.743111,48.915755,0
                24.742773,48.914834,0
                24.742588,48.913294,0
                24.742685,48.911847,0
                24.742002,48.909974,0
                24.741547,48.908685,0
                24.741428,48.908277,0
                24.741234,48.907628,0
                24.741144,48.907329,0
                24.741087,48.907134,0
                24.740404,48.904837,0
              </coordinates>
            </LinearRing>
          </outerBoundaryIs>
        </Polygon>
      </Placemark>
    </Folder>
    <Folder>
      <name>Біла Церква</name>
      <Placemark>
        <name>Біла Церква
[БЦ] Вернадського 2в</name>
        <description><![CDATA[Доставляємо за 60-90 хвилин, самовивіз протягом 40 хвилин<br>Безкоштовна доставка від 1199 грн, якщо замовлення 699-1198 грн – доставка 29 грн, 251-698 грн – доставка 89 грн, менше 250 грн – тільки самовивіз]]></description>
        <styleUrl>#poly-0F9D58-2000-99</styleUrl>
        <Polygon>
          <outerBoundaryIs>
            <LinearRing>
              <tessellate>1</tessellate>
              <coordinates>
                30.150449,49.734648,0
                30.155856,49.730931,0
                30.165898,49.726021,0
                30.177555,49.726063,0
                30.193005,49.733941,0
                30.197811,49.73383,0
                30.197468,49.738823,0
                30.190601,49.741596,0
                30.184975,49.741291,0
                30.17901,49.742983,0
                30.173302,49.743232,0
                30.171285,49.744841,0
                30.171199,49.749111,0
                30.171701,49.750748,0
                30.169961,49.75617,0
                30.165154,49.755837,0
                30.158975,49.761437,0
                30.148847,49.767591,0
                30.144469,49.771804,0
                30.141036,49.775019,0
                30.142892,49.77594,0
                30.146862,49.776204,0
                30.149478,49.777329,0
                30.152397,49.778105,0
                30.157546,49.776553,0
                30.157718,49.774447,0
                30.165615,49.775001,0
                30.166816,49.776221,0
                30.174713,49.77489,0
                30.174438,49.775931,0
                30.173926,49.777124,0
                30.173183,49.779052,0
                30.172516,49.780883,0
                30.172063,49.782743,0
                30.171802,49.783413,0
                30.171619,49.783496,0
                30.17132,49.783648,0
                30.171122,49.783627,0
                30.170974,49.783706,0
                30.17056,49.784548,0
                30.170544,49.785618,0
                30.170488,49.78716,0
                30.170422,49.787932,0
                30.170496,49.788703,0
                30.17085,49.792629,0
                30.170464,49.795696,0
                30.169944,49.800956,0
                30.169088,49.800973,0
                30.168715,49.80099,0
                30.167711,49.801022,0
                30.166992,49.801121,0
                30.165846,49.801324,0
                30.164509,49.801571,0
                30.163757,49.801782,0
                30.162911,49.802032,0
                30.162091,49.802239,0
                30.161351,49.802367,0
                30.160183,49.802614,0
                30.159531,49.802723,0
                30.158389,49.802834,0
                30.157193,49.803065,0
                30.154609,49.803591,0
                30.153434,49.803688,0
                30.153064,49.804083,0
                30.153068,49.804147,0
                30.152932,49.804207,0
                30.152712,49.804393,0
                30.152418,49.804582,0
                30.151887,49.804668,0
                30.151142,49.804978,0
                30.149584,49.805143,0
                30.147041,49.805806,0
                30.145595,49.806181,0
                30.143902,49.806506,0
                30.142755,49.80714,0
                30.140409,49.806979,0
                30.14032,49.80737,0
                30.13915,49.807401,0
                30.13811,49.807668,0
                30.138094,49.807816,0
                30.13818,49.808355,0
                30.138309,49.80889,0
                30.137039,49.809008,0
                30.136313,49.808988,0
                30.135691,49.809056,0
                30.13539,49.809154,0
                30.134708,49.809373,0
                30.133457,49.809768,0
                30.133268,49.809827,0
                30.132713,49.809921,0
                30.132114,49.81007,0
                30.131379,49.810283,0
                30.131012,49.810406,0
                30.13047,49.81057,0
                30.129822,49.810953,0
                30.129685,49.810988,0
                30.129116,49.81113,0
                30.128848,49.811192,0
                30.128759,49.811161,0
                30.12836,49.811202,0
                30.128119,49.81128,0
                30.127205,49.811514,0
                30.127071,49.811324,0
                30.125525,49.811884,0
                30.125057,49.812022,0
                30.124614,49.811511,0
                30.123436,49.811722,0
                30.121956,49.812004,0
                30.12077,49.810651,0
                30.116848,49.812044,0
                30.11573,49.81077,0
                30.111242,49.812388,0
                30.108551,49.812887,0
                30.105792,49.813364,0
                30.105338,49.812458,0
                30.103944,49.812886,0
                30.10089,49.812985,0
                30.09966,49.813066,0
                30.09813,49.815442,0
                30.095779,49.814868,0
                30.09534,49.814908,0
                30.0952,49.81528,0
                30.095143,49.815349,0
                30.094733,49.815298,0
                30.09457,49.815055,0
                30.094396,49.815167,0
                30.094084,49.815453,0
                30.093885,49.815428,0
                30.093116,49.815186,0
                30.092366,49.815344,0
                30.092107,49.815343,0
                30.091732,49.815378,0
                30.09125,49.8154,0
                30.090767,49.815356,0
                30.090316,49.81519,0
                30.090004,49.815291,0
                30.089786,49.81534,0
                30.089557,49.815408,0
                30.088775,49.815607,0
                30.087714,49.815903,0
                30.087612,49.815652,0
                30.087338,49.815138,0
                30.086975,49.814562,0
                30.086725,49.814013,0
                30.086418,49.81347,0
                30.086153,49.813028,0
                30.085896,49.812691,0
                30.085731,49.812494,0
                30.085557,49.812506,0
                30.085186,49.81259,0
                30.084776,49.812678,0
                30.084556,49.812474,0
                30.084212,49.812322,0
                30.083776,49.811992,0
                30.083234,49.811337,0
                30.082781,49.810742,0
                30.082692,49.810615,0
                30.082602,49.810496,0
                30.082535,49.810321,0
                30.082286,49.809964,0
                30.082013,49.80987,0
                30.081495,49.809676,0
                30.080992,49.809458,0
                30.080716,49.80931,0
                30.080274,49.809115,0
                30.079619,49.808958,0
                30.078664,49.808132,0
                30.078096,49.807679,0
                30.077135,49.80691,0
                30.076065,49.80607,0
                30.07434,49.804663,0
                30.072307,49.801066,0
                30.070162,49.797852,0
                30.076105,49.795512,0
                30.071986,49.791633,0
                30.081255,49.788308,0
                30.086577,49.781603,0
                30.101876,49.778471,0
                30.105803,49.780494,0
                30.117476,49.776947,0
                30.118244,49.767257,0
                30.115669,49.758941,0
                30.133866,49.753507,0
                30.150449,49.734648,0
              </coordinates>
            </LinearRing>
          </outerBoundaryIs>
        </Polygon>
      </Placemark>
      <Placemark>
        <name>БЦ дальня зона </name>
        <description><![CDATA[Доставляємо за 1.5-2 години .<br>Безкоштовна доставка від 1199 грн, якщо замовлення 699-1198 грн – доставка 29 грн, 251-698 грн – доставка 89 грн, менше 250 грн – тільки самовивіз]]></description>
        <styleUrl>#poly-0F9D58-2000-219</styleUrl>
        <Polygon>
          <outerBoundaryIs>
            <LinearRing>
              <tessellate>1</tessellate>
              <coordinates>
                30.070033,49.797923,0
                30.070611,49.798737,0
                30.07169,49.800403,0
                30.074313,49.804692,0
                30.074912,49.805166,0
                30.075697,49.80583,0
                30.077229,49.807012,0
                30.078838,49.808321,0
                30.079581,49.808986,0
                30.080188,49.809115,0
                30.080767,49.809377,0
                30.08199,49.809923,0
                30.082229,49.809985,0
                30.082382,49.810144,0
                30.082503,49.81033,0
                30.082602,49.810545,0
                30.083122,49.811247,0
                30.083361,49.811598,0
                30.083556,49.811801,0
                30.083696,49.811965,0
                30.08383,49.812136,0
                30.083986,49.812196,0
                30.084099,49.812305,0
                30.084318,49.812405,0
                30.084522,49.812492,0
                30.084755,49.812731,0
                30.085698,49.812518,0
                30.085825,49.812693,0
                30.085963,49.812935,0
                30.086327,49.813582,0
                30.086498,49.813871,0
                30.086755,49.814222,0
                30.086949,49.814628,0
                30.087653,49.815953,0
                30.088933,49.815608,0
                30.089621,49.815442,0
                30.090347,49.81521,0
                30.090753,49.815369,0
                30.09124,49.815432,0
                30.092443,49.815351,0
                30.09312,49.815205,0
                30.093386,49.815313,0
                30.09388,49.815476,0
                30.094117,49.815484,0
                30.094445,49.815161,0
                30.094837,49.81537,0
                30.095157,49.815362,0
                30.095215,49.81532,0
                30.09522,49.815296,0
                30.095339,49.81494,0
                30.09578,49.814901,0
                30.096759,49.815144,0
                30.097892,49.815424,0
                30.098188,49.8155,0
                30.098472,49.815084,0
                30.098659,49.814736,0
                30.098787,49.81462,0
                30.098845,49.814408,0
                30.099188,49.813866,0
                30.099329,49.813666,0
                30.09967,49.81311,0
                30.100285,49.813041,0
                30.100573,49.813034,0
                30.100866,49.813016,0
                30.101257,49.813005,0
                30.102292,49.81298,0
                30.104012,49.81294,0
                30.104644,49.81275,0
                30.105272,49.812522,0
                30.105765,49.813419,0
                30.106962,49.813207,0
                30.108804,49.812884,0
                30.109519,49.81276,0
                30.110362,49.812612,0
                30.110912,49.812515,0
                30.111137,49.812476,0
                30.11125,49.812456,0
                30.111322,49.812444,0
                30.111461,49.812379,0
                30.111563,49.812345,0
                30.111628,49.812293,0
                30.112744,49.811901,0
                30.113624,49.811585,0
                30.114046,49.811436,0
                30.114655,49.811225,0
                30.115028,49.811105,0
                30.115264,49.811021,0
                30.115356,49.810972,0
                30.115436,49.810942,0
                30.115495,49.810906,0
                30.115562,49.810874,0
                30.115597,49.810856,0
                30.115752,49.810826,0
                30.116453,49.811691,0
                30.11684,49.81213,0
                30.117231,49.811952,0
                30.117518,49.81187,0
                30.117666,49.811798,0
                30.118009,49.811665,0
                30.118197,49.811599,0
                30.118323,49.811572,0
                30.118384,49.811546,0
                30.118653,49.811457,0
                30.118975,49.811329,0
                30.119241,49.811262,0
                30.119781,49.811072,0
                30.119978,49.811016,0
                30.12015,49.810952,0
                30.120748,49.810711,0
                30.12129,49.811344,0
                30.121586,49.811656,0
                30.121914,49.812041,0
                30.12461,49.81155,0
                30.125046,49.812052,0
                30.12559,49.811904,0
                30.125883,49.811795,0
                30.126062,49.811734,0
                30.126219,49.811673,0
                30.126752,49.811449,0
                30.127029,49.811368,0
                30.127195,49.81154,0
                30.127376,49.811486,0
                30.127519,49.811434,0
                30.127606,49.81142,0
                30.127649,49.811402,0
                30.127673,49.811402,0
                30.128226,49.811257,0
                30.128376,49.811203,0
                30.128622,49.811186,0
                30.128718,49.811173,0
                30.128846,49.811199,0
                30.129112,49.81114,0
                30.12938,49.811088,0
                30.129614,49.811015,0
                30.129722,49.811002,0
                30.129844,49.810963,0
                30.130438,49.81062,0
                30.131923,49.810133,0
                30.132593,49.80996,0
                30.133312,49.809826,0
                30.135707,49.809069,0
                30.1361,49.809028,0
                30.136294,49.809005,0
                30.136488,49.809016,0
                30.13689,49.809018,0
                30.137088,49.809023,0
                30.137137,49.809012,0
                30.137219,49.809016,0
                30.137329,49.809018,0
                30.13779,49.808957,0
                30.138348,49.808907,0
                30.13819,49.808273,0
                30.138129,49.807884,0
                30.138142,49.807735,0
                30.139142,49.807434,0
                30.140346,49.807389,0
                30.140441,49.807001,0
                30.142776,49.807174,0
                30.143939,49.806553,0
                30.145628,49.806217,0
                30.149649,49.805182,0
                30.151158,49.80501,0
                30.152046,49.804651,0
                30.152427,49.804608,0
                30.152606,49.804516,0
                30.152735,49.804413,0
                30.153107,49.804155,0
                30.153145,49.804024,0
                30.153237,49.803907,0
                30.153474,49.803715,0
                30.154267,49.803674,0
                30.155477,49.803462,0
                30.156566,49.803227,0
                30.157676,49.803019,0
                30.158188,49.802893,0
                30.158733,49.802829,0
                30.159843,49.802721,0
                30.161881,49.802299,0
                30.162329,49.802222,0
                30.162896,49.802077,0
                30.163943,49.801758,0
                30.165994,49.801329,0
                30.167052,49.801156,0
                30.167538,49.801076,0
                30.168088,49.801038,0
                30.169989,49.801037,0
                30.17092,49.792569,0
                30.170862,49.792034,0
                30.170832,49.791628,0
                30.170706,49.790288,0
                30.170508,49.788378,0
                30.170649,49.784612,0
                30.170914,49.783913,0
                30.170949,49.783884,0
                30.170981,49.783863,0
                30.171022,49.783753,0
                30.171416,49.783634,0
                30.17181,49.783427,0
                30.171973,49.783116,0
                30.172107,49.782804,0
                30.172248,49.782108,0
                30.173036,49.779676,0
                30.174882,49.774881,0
                30.179073,49.772345,0
                30.185597,49.774784,0
                30.194695,49.776003,0
                30.200617,49.776613,0
                30.201389,49.789082,0
                30.201733,49.795482,0
                30.201668,49.796978,0
                30.201476,49.798419,0
                30.201111,49.799693,0
                30.20036,49.801161,0
                30.199346,49.802435,0
                30.198032,49.803765,0
                30.195189,49.806174,0
                30.189545,49.811242,0
                30.183573,49.816906,0
                30.169154,49.812475,0
                30.160399,49.818346,0
                30.163896,49.829766,0
                30.158231,49.837738,0
                30.133683,49.836963,0
                30.118234,49.836852,0
                30.115315,49.83962,0
                30.110166,49.828215,0
                30.095746,49.830541,0
                30.072572,49.841059,0
                30.067282,49.838596,0
                30.064465,49.837496,0
                30.063186,49.837008,0
                30.062696,49.836626,0
                30.062078,49.836396,0
                30.051973,49.831537,0
                30.01958,49.812375,0
                30.021716,49.810763,0
                30.02413,49.810486,0
                30.025324,49.810345,0
                30.026089,49.809795,0
                30.028391,49.808639,0
                30.031739,49.80657,0
                30.034405,49.805688,0
                30.037093,49.804867,0
                30.041245,49.803427,0
                30.042315,49.803256,0
                30.043482,49.803084,0
                30.045719,49.80254,0
                30.070033,49.797923,0
              </coordinates>
            </LinearRing>
          </outerBoundaryIs>
        </Polygon>
      </Placemark>
      <Placemark>
        <name>вулиця Вернадського, 2B</name>
        <styleUrl>#icon-1899-0288D1-nodesc</styleUrl>
        <Point>
          <coordinates>
            30.124466,49.77251,0
          </coordinates>
        </Point>
      </Placemark>
    </Folder>
    <Folder>
      <name>Днепр</name>
      <Placemark>
        <name>только КПП (бесплатно)
Авиаторское - ТАКСИ</name>
        <styleUrl>#icon-1704-000000-nodesc</styleUrl>
        <Point>
          <coordinates>
            35.095076,48.368787,0
          </coordinates>
        </Point>
      </Placemark>
      <Placemark>
        <name>вул. Князя Ярослава Мудрого 29</name>
        <styleUrl>#icon-1899-880E4F-nodesc</styleUrl>
        <Point>
          <coordinates>
            35.031946,48.475193,0
          </coordinates>
        </Point>
      </Placemark>
      <Placemark>
        <name>Правий берег: вул. Князя Ярослава Мудрого 29</name>
        <description><![CDATA[Доставляємо за 60-90 хвилин, самовивіз протягом 40 хвилин<br>Безкоштовна доставка від 1199 грн, якщо замовлення 699-1198 грн – доставка 29 грн, 251-698 грн – доставка 89 грн, менше 250 грн – тільки самовивіз]]></description>
        <styleUrl>#poly-F48FB1-2000-77</styleUrl>
        <Polygon>
          <outerBoundaryIs>
            <LinearRing>
              <tessellate>1</tessellate>
              <coordinates>
                34.968307,48.499706,0
                34.963148,48.493524,0
                34.961925,48.493502,0
                34.959522,48.493374,0
                34.958449,48.492912,0
                34.953589,48.492216,0
                34.947387,48.490922,0
                34.939577,48.489194,0
                34.936036,48.488475,0
                34.932785,48.487935,0
                34.926482,48.48668,0
                34.924382,48.486767,0
                34.922153,48.486541,0
                34.920334,48.485553,0
                34.913121,48.484369,0
                34.908658,48.483921,0
                34.90634,48.483452,0
                34.904355,48.481564,0
                34.904141,48.481496,0
                34.903899,48.481429,0
                34.90383,48.481397,0
                34.903556,48.481343,0
                34.903272,48.481134,0
                34.902097,48.480696,0
                34.901442,48.480092,0
                34.901646,48.479412,0
                34.902274,48.47873,0
                34.902757,48.477908,0
                34.903116,48.4774,0
                34.903502,48.476916,0
                34.903797,48.476475,0
                34.904192,48.475885,0
                34.904462,48.475739,0
                34.904726,48.475255,0
                34.904784,48.474764,0
                34.905772,48.474846,0
                34.906346,48.475017,0
                34.906574,48.474695,0
                34.906872,48.474372,0
                34.907335,48.474478,0
                34.908097,48.474695,0
                34.908598,48.474015,0
                34.90871,48.473926,0
                34.909172,48.473947,0
                34.909692,48.473969,0
                34.90973,48.47426,0
                34.910025,48.474299,0
                34.910105,48.474235,0
                34.910658,48.474331,0
                34.911173,48.474246,0
                34.911306,48.474491,0
                34.912052,48.474918,0
                34.91261,48.475043,0
                34.913265,48.475181,0
                34.914338,48.475395,0
                34.914799,48.475448,0
                34.914831,48.475292,0
                34.914912,48.475025,0
                34.915003,48.474893,0
                34.915094,48.474648,0
                34.915303,48.474353,0
                34.915652,48.474278,0
                34.918082,48.472219,0
                34.918452,48.471909,0
                34.918629,48.471739,0
                34.91872,48.471714,0
                34.918699,48.471639,0
                34.918849,48.471447,0
                34.919032,48.471511,0
                34.919407,48.471159,0
                34.919611,48.471163,0
                34.919965,48.470853,0
                34.920244,48.470547,0
                34.92048,48.470192,0
                34.920812,48.470121,0
                34.921085,48.470004,0
                34.921359,48.47,0
                34.921681,48.469428,0
                34.922432,48.468965,0
                34.922834,48.468734,0
                34.923043,48.468272,0
                34.923231,48.4682,0
                34.923601,48.468183,0
                34.923644,48.46745,0
                34.923928,48.466781,0
                34.925806,48.464434,0
                34.926879,48.46316,0
                34.927565,48.463352,0
                34.928274,48.462712,0
                34.927458,48.462385,0
                34.931224,48.457518,0
                34.932544,48.45564,0
                34.932619,48.455341,0
                34.932871,48.455355,0
                34.93337,48.454363,0
                34.934062,48.453256,0
                34.934582,48.452897,0
                34.941709,48.44408,0
                34.943039,48.44239,0
                34.944235,48.440874,0
                34.945955,48.438609,0
                34.946097,48.438046,0
                34.946625,48.437826,0
                34.947049,48.437258,0
                34.947347,48.436828,0
                34.947618,48.43666,0
                34.947658,48.43634,0
                34.948079,48.436036,0
                34.948621,48.435203,0
                34.949125,48.434,0
                34.950641,48.433119,0
                34.952521,48.432007,0
                34.973345,48.420494,0
                34.976964,48.418511,0
                34.977887,48.418,0
                34.978815,48.417496,0
                34.979228,48.417221,0
                34.980156,48.416665,0
                34.980329,48.41655,0
                34.98045,48.416604,0
                34.980545,48.416576,0
                34.98064,48.416516,0
                34.980734,48.416457,0
                34.981356,48.416044,0
                34.981517,48.415976,0
                34.981732,48.415873,0
                34.982006,48.415771,0
                34.982708,48.415412,0
                34.98384,48.414778,0
                34.984488,48.414412,0
                34.985125,48.414041,0
                34.986538,48.41334,0
                34.986458,48.412971,0
                34.987493,48.412716,0
                34.988282,48.412282,0
                34.988808,48.412118,0
                34.989116,48.411926,0
                34.989366,48.411682,0
                34.989304,48.411342,0
                34.98928,48.411212,0
                34.989462,48.411203,0
                34.98954,48.41141,0
                34.990594,48.411061,0
                34.991562,48.41064,0
                34.992176,48.410096,0
                34.992512,48.409663,0
                34.993123,48.409866,0
                34.993268,48.409789,0
                34.993332,48.409658,0
                34.994113,48.409029,0
                34.995207,48.408349,0
                34.996347,48.407722,0
                34.997292,48.407213,0
                34.99746,48.406957,0
                34.997943,48.406665,0
                34.998568,48.406515,0
                34.998932,48.406429,0
                34.999295,48.406344,0
                34.999295,48.406123,0
                34.999882,48.406018,0
                34.99974,48.405865,0
                34.999759,48.405254,0
                35.000113,48.404564,0
                35.000137,48.40396,0
                35.000014,48.40375,0
                34.999901,48.40355,0
                34.99989,48.401841,0
                34.999923,48.401627,0
                34.999689,48.401568,0
                34.999614,48.40061,0
                34.99966,48.400146,0
                34.999494,48.39902,0
                34.999858,48.398058,0
                35.000035,48.397542,0
                35.000089,48.397229,0
                35.000915,48.397093,0
                35.003042,48.397152,0
                35.005319,48.397065,0
                35.00666,48.396986,0
                35.007063,48.396954,0
                35.007331,48.396933,0
                35.007342,48.397058,0
                35.007615,48.397054,0
                35.007854,48.397033,0
                35.008028,48.397063,0
                35.008501,48.396957,0
                35.010663,48.396903,0
                35.011999,48.396907,0
                35.014869,48.396747,0
                35.015762,48.396606,0
                35.016285,48.396358,0
                35.017816,48.395265,0
                35.018991,48.394321,0
                35.019855,48.393252,0
                35.020461,48.392398,0
                35.021384,48.391322,0
                35.021958,48.3915,0
                35.022623,48.391439,0
                35.022458,48.391018,0
                35.024486,48.390445,0
                35.024488,48.389412,0
                35.02577,48.38943,0
                35.02621,48.389758,0
                35.027332,48.389718,0
                35.027916,48.389986,0
                35.028984,48.390003,0
                35.02973,48.390192,0
                35.0315,48.390206,0
                35.031586,48.38996,0
                35.031741,48.389797,0
                35.033528,48.389907,0
                35.034075,48.389797,0
                35.036027,48.389248,0
                35.038017,48.389118,0
                35.038852,48.388874,0
                35.03957,48.388714,0
                35.04049,48.388553,0
                35.042639,48.3886,0
                35.042636,48.389843,0
                35.042397,48.391781,0
                35.042266,48.392645,0
                35.041957,48.39385,0
                35.041689,48.395339,0
                35.042784,48.396084,0
                35.043562,48.396191,0
                35.044152,48.396451,0
                35.045568,48.396814,0
                35.046019,48.396821,0
                35.046781,48.396561,0
                35.047827,48.396828,0
                35.048229,48.397366,0
                35.04853,48.397544,0
                35.049071,48.397348,0
                35.049318,48.397551,0
                35.051384,48.39831,0
                35.052778,48.398769,0
                35.055659,48.399165,0
                35.060769,48.400448,0
                35.063359,48.401393,0
                35.066352,48.401957,0
                35.066583,48.40208,0
                35.067444,48.402151,0
                35.06746,48.402354,0
                35.067682,48.402525,0
                35.06794,48.402509,0
                35.068302,48.402422,0
                35.068557,48.40236,0
                35.068661,48.402395,0
                35.068935,48.402539,0
                35.070689,48.402938,0
                35.071185,48.402862,0
                35.071228,48.402896,0
                35.071397,48.403225,0
                35.07191,48.403184,0
                35.071969,48.403232,0
                35.072191,48.403355,0
                35.07235,48.403442,0
                35.072787,48.403341,0
                35.07288,48.403376,0
                35.07324,48.403656,0
                35.073656,48.403528,0
                35.073825,48.403467,0
                35.074165,48.403481,0
                35.074222,48.403542,0
                35.074286,48.403695,0
                35.074847,48.40374,0
                35.074957,48.403814,0
                35.07578,48.404153,0
                35.076756,48.404388,0
                35.077397,48.404357,0
                35.077456,48.404409,0
                35.077843,48.404573,0
                35.078229,48.404591,0
                35.078244,48.40461,0
                35.07836,48.404722,0
                35.079076,48.404924,0
                35.079189,48.405052,0
                35.079369,48.40508,0
                35.080149,48.405112,0
                35.081176,48.405292,0
                35.081635,48.405299,0
                35.081861,48.405409,0
                35.08237,48.405461,0
                35.082738,48.405369,0
                35.083182,48.405427,0
                35.083569,48.405572,0
                35.084997,48.405817,0
                35.085172,48.405863,0
                35.08538,48.405892,0
                35.085662,48.405966,0
                35.086799,48.406372,0
                35.087416,48.4066,0
                35.088059,48.406814,0
                35.088602,48.406823,0
                35.091565,48.407677,0
                35.090704,48.408947,0
                35.088991,48.41023,0
                35.085967,48.412765,0
                35.083741,48.41369,0
                35.076671,48.416274,0
                35.071349,48.422313,0
                35.071693,48.423851,0
                35.074997,48.434615,0
                35.082121,48.444067,0
                35.094736,48.465595,0
                34.968307,48.499706,0
              </coordinates>
            </LinearRing>
          </outerBoundaryIs>
        </Polygon>
      </Placemark>
      <Placemark>
        <name>Дальня зона доставки
Правий берег: вул. Князя Ярослава Мудрого 29 </name>
        <description><![CDATA[Доставляємо за 1.5-2 години.<br>Безкоштовна доставка від 1899 грн, якщо замовлення від 1199-1898 грн — доставка 89 грн, від 699-1198 грн — доставка 150 грн, менше 699 грн – тільки самовивіз]]></description>
        <styleUrl>#poly-E65100-2000-77</styleUrl>
        <Polygon>
          <outerBoundaryIs>
            <LinearRing>
              <tessellate>1</tessellate>
              <coordinates>
                35.091567,48.407676,0
                35.088604,48.406822,0
                35.088061,48.406813,0
                35.087722,48.4067,0
                35.087419,48.406598,0
                35.0873,48.406554,0
                35.086665,48.406321,0
                35.086026,48.406091,0
                35.085667,48.405964,0
                35.085386,48.40589,0
                35.085174,48.405861,0
                35.085087,48.405837,0
                35.084995,48.405814,0
                35.083571,48.405571,0
                35.083184,48.405426,0
                35.08274,48.405368,0
                35.082372,48.40546,0
                35.081863,48.405408,0
                35.081637,48.405298,0
                35.081178,48.405291,0
                35.080151,48.405111,0
                35.079364,48.405076,0
                35.079191,48.405051,0
                35.079078,48.404923,0
                35.078362,48.404721,0
                35.078231,48.40459,0
                35.077845,48.404572,0
                35.077458,48.404408,0
                35.077399,48.404356,0
                35.076758,48.404387,0
                35.075818,48.404157,0
                35.074959,48.403813,0
                35.074849,48.403739,0
                35.074288,48.403694,0
                35.074224,48.403541,0
                35.074167,48.40348,0
                35.073827,48.403466,0
                35.073242,48.403655,0
                35.073063,48.403514,0
                35.072882,48.403376,0
                35.072788,48.403337,0
                35.072351,48.403437,0
                35.071912,48.403183,0
                35.071399,48.403224,0
                35.07123,48.402895,0
                35.071187,48.402861,0
                35.070691,48.402937,0
                35.068937,48.402538,0
                35.068663,48.402394,0
                35.068559,48.402359,0
                35.067942,48.402508,0
                35.067684,48.402524,0
                35.067462,48.402353,0
                35.067446,48.40215,0
                35.066585,48.402079,0
                35.066354,48.401956,0
                35.063361,48.401392,0
                35.062815,48.401193,0
                35.060771,48.400447,0
                35.057997,48.399749,0
                35.055661,48.399164,0
                35.05278,48.398768,0
                35.051126,48.398213,0
                35.04932,48.39755,0
                35.049072,48.397345,0
                35.048914,48.397402,0
                35.048755,48.397459,0
                35.048534,48.397538,0
                35.048231,48.397365,0
                35.047829,48.396827,0
                35.046783,48.39656,0
                35.046399,48.396688,0
                35.046021,48.396819,0
                35.04557,48.396813,0
                35.044154,48.39645,0
                35.043564,48.39619,0
                35.042786,48.396083,0
                35.041947,48.395503,0
                35.044619,48.394384,0
                35.046818,48.39343,0
                35.052622,48.391001,0
                35.057246,48.388635,0
                35.058169,48.389013,0
                35.062042,48.390324,0
                35.063898,48.392967,0
                35.079756,48.393166,0
                35.081333,48.39281,0
                35.083103,48.392311,0
                35.086354,48.391891,0
                35.089004,48.391492,0
                35.090549,48.391805,0
                35.092448,48.392276,0
                35.096085,48.393195,0
                35.098692,48.395467,0
                35.095473,48.399285,0
                35.091567,48.407676,0
              </coordinates>
            </LinearRing>
          </outerBoundaryIs>
        </Polygon>
      </Placemark>
      <Placemark>
        <name>(пос.Краснопілля,с.Мирне,пос.Дослідне,с.Дороге)
Правий берег: вул. Князя Ярослава Мудрого 29 </name>
        <description><![CDATA[Доставляємо за 1.5-2 години.<br>Безкоштовна доставка від 1899 грн, якщо замовлення від 1199-1898 грн — доставка 89 грн, від 699-1198 грн — доставка 150 грн, менше 699 грн – тільки самовивіз]]></description>
        <styleUrl>#poly-E65100-2000-77</styleUrl>
        <Polygon>
          <outerBoundaryIs>
            <LinearRing>
              <tessellate>1</tessellate>
              <coordinates>
                35.041939,48.3955,0
                35.041695,48.395335,0
                35.041787,48.394883,0
                35.041988,48.393803,0
                35.042264,48.3927,0
                35.042306,48.39253,0
                35.04244,48.391732,0
                35.042514,48.390874,0
                35.042582,48.390391,0
                35.042662,48.389828,0
                35.042663,48.388923,0
                35.04265,48.388593,0
                35.041507,48.388572,0
                35.040484,48.388548,0
                35.039849,48.38866,0
                35.039585,48.388706,0
                35.038846,48.38887,0
                35.038011,48.389114,0
                35.036021,48.389244,0
                35.034013,48.389792,0
                35.033766,48.38985,0
                35.033522,48.389902,0
                35.031735,48.389792,0
                35.03158,48.389956,0
                35.031494,48.390202,0
                35.029733,48.390187,0
                35.029353,48.390088,0
                35.028978,48.389998,0
                35.027917,48.389979,0
                35.027335,48.389711,0
                35.026213,48.38975,0
                35.025777,48.389424,0
                35.024482,48.389408,0
                35.02448,48.39044,0
                35.022452,48.391014,0
                35.022617,48.391434,0
                35.021959,48.391492,0
                35.02167,48.391403,0
                35.021387,48.391312,0
                35.020575,48.392262,0
                35.020452,48.392392,0
                35.020351,48.392539,0
                35.020149,48.392822,0
                35.018985,48.394316,0
                35.017944,48.395153,0
                35.017505,48.395479,0
                35.017427,48.395538,0
                35.01735,48.395593,0
                35.017197,48.395701,0
                35.016892,48.395919,0
                35.016279,48.396354,0
                35.015756,48.396602,0
                35.014869,48.396741,0
                35.014324,48.396774,0
                35.013837,48.3968,0
                35.012865,48.39685,0
                35.012046,48.396892,0
                35.01152,48.3969,0
                35.010942,48.396898,0
                35.010361,48.3969,0
                35.009315,48.396932,0
                35.008495,48.396952,0
                35.008022,48.397058,0
                35.007848,48.397028,0
                35.007703,48.397042,0
                35.007347,48.397052,0
                35.00734,48.396927,0
                35.006526,48.39699,0
                35.005243,48.39706,0
                35.003036,48.397148,0
                35.000909,48.397088,0
                35.000083,48.397224,0
                34.999982,48.39768,0
                34.999488,48.399016,0
                34.999654,48.400142,0
                34.999608,48.400606,0
                34.999685,48.401568,0
                34.999796,48.401596,0
                34.999915,48.401625,0
                34.999874,48.401808,0
                34.999895,48.403546,0
                35.000131,48.403956,0
                35.000107,48.40456,0
                34.999753,48.40525,0
                34.999734,48.40586,0
                34.999876,48.406014,0
                34.999289,48.406118,0
                34.999289,48.40634,0
                34.997937,48.40666,0
                34.997454,48.406952,0
                34.997286,48.407208,0
                34.99607,48.40787,0
                34.995195,48.40835,0
                34.994107,48.409024,0
                34.993326,48.409654,0
                34.993262,48.409784,0
                34.993118,48.409856,0
                34.99251,48.409654,0
                34.99217,48.410092,0
                34.991556,48.410636,0
                34.990547,48.411074,0
                34.989545,48.411404,0
                34.989467,48.411198,0
                34.989274,48.411208,0
                34.98936,48.411678,0
                34.98911,48.411922,0
                34.988802,48.412114,0
                34.988289,48.412269,0
                34.988195,48.412302,0
                34.987487,48.412712,0
                34.986452,48.412966,0
                34.986532,48.413336,0
                34.985125,48.414027,0
                34.984821,48.414201,0
                34.982796,48.415353,0
                34.981931,48.415796,0
                34.98176,48.41584,0
                34.981602,48.41592,0
                34.98135,48.41604,0
                34.980539,48.416572,0
                34.980446,48.416597,0
                34.980388,48.416573,0
                34.98033,48.416548,0
                34.980068,48.416704,0
                34.979306,48.417162,0
                34.979054,48.417316,0
                34.978809,48.417492,0
                34.977701,48.418094,0
                34.973471,48.420422,0
                34.964011,48.425633,0
                34.958669,48.428602,0
                34.952961,48.431744,0
                34.9509,48.432958,0
                34.949116,48.433994,0
                34.948581,48.435074,0
                34.94807,48.43603,0
                34.947649,48.436335,0
                34.947609,48.436655,0
                34.947338,48.436822,0
                34.946619,48.437821,0
                34.946085,48.43804,0
                34.945895,48.438594,0
                34.94555,48.439089,0
                34.942884,48.442552,0
                34.941618,48.442396,0
                34.937412,48.441896,0
                34.93488,48.44285,0
                34.93222,48.440388,0
                34.932198,48.43878,0
                34.93296,48.437912,0
                34.936661,48.437904,0
                34.939301,48.437846,0
                34.942219,48.437456,0
                34.944853,48.43624,0
                34.944917,48.43577,0
                34.944713,48.433536,0
                34.942986,48.43318,0
                34.940819,48.432196,0
                34.940926,48.431436,0
                34.942053,48.429534,0
                34.941935,48.428082,0
                34.939682,48.426686,0
                34.93568,48.424422,0
                34.932729,48.423304,0
                34.926592,48.421908,0
                34.92273,48.421216,0
                34.915274,48.42111,0
                34.910446,48.421146,0
                34.90698,48.421102,0
                34.903708,48.420768,0
                34.901058,48.420256,0
                34.900596,48.419386,0
                34.89991,48.41814,0
                34.900264,48.417276,0
                34.900302,48.4163,0
                34.902501,48.415898,0
                34.903906,48.414982,0
                34.905269,48.41407,0
                34.904732,48.413238,0
                34.904293,48.410974,0
                34.902554,48.409648,0
                34.902308,48.40851,0
                34.903359,48.40717,0
                34.90234,48.403388,0
                34.90396,48.402554,0
                34.90484,48.401564,0
                34.906696,48.40135,0
                34.908541,48.401394,0
                34.90941,48.399592,0
                34.912135,48.397896,0
                34.916566,48.396878,0
                34.9231,48.395958,0
                34.926061,48.396472,0
                34.929194,48.398052,0
                34.933282,48.39962,0
                34.937498,48.402092,0
                34.94179,48.401102,0
                34.945953,48.399092,0
                34.949933,48.398658,0
                34.951102,48.39764,0
                34.952733,48.396514,0
                34.952379,48.393886,0
                34.951961,48.391222,0
                34.949225,48.39021,0
                34.948785,48.389412,0
                34.950646,48.388698,0
                34.953629,48.388884,0
                34.954992,48.388356,0
                34.960099,48.387786,0
                34.961172,48.378808,0
                34.96409,48.374362,0
                34.967679,48.370036,0
                34.969503,48.36814,0
                34.972872,48.367398,0
                34.976798,48.367598,0
                34.98918,48.366016,0
                34.991154,48.366016,0
                34.999565,48.366144,0
                35.006431,48.366186,0
                35.031516,48.366872,0
                35.039031,48.377544,0
                35.045855,48.384998,0
                35.047968,48.386502,0
                35.052668,48.38751,0
                35.057238,48.388632,0
                35.054556,48.390012,0
                35.052743,48.390924,0
                35.052228,48.391152,0
                35.049824,48.392148,0
                35.041939,48.3955,0
              </coordinates>
            </LinearRing>
          </outerBoundaryIs>
        </Polygon>
      </Placemark>
      <Placemark>
        <name>Діївка 
Правий берег: вул. Князя Ярослава Мудрого 29</name>
        <description><![CDATA[Доставляємо за 1.5-2 години.<br>Безкоштовна доставка від 1899 грн, якщо замовлення від 1199-1898 грн — доставка 89 грн, від 699-1198 грн — доставка 150 грн, менше 699 грн – тільки самовивіз]]></description>
        <styleUrl>#poly-E65100-2000-77</styleUrl>
        <Polygon>
          <outerBoundaryIs>
            <LinearRing>
              <tessellate>1</tessellate>
              <coordinates>
                34.901419,48.480082,0
                34.900312,48.479783,0
                34.898949,48.479278,0
                34.898509,48.478823,0
                34.898488,48.478062,0
                34.897984,48.477379,0
                34.897286,48.476775,0
                34.896404,48.476209,0
                34.895074,48.475981,0
                34.894473,48.475846,0
                34.894379,48.475298,0
                34.894387,48.475158,0
                34.894414,48.474984,0
                34.894379,48.47484,0
                34.894315,48.474713,0
                34.894028,48.474512,0
                34.893706,48.474302,0
                34.893465,48.474054,0
                34.893169,48.473694,0
                34.893116,48.473492,0
                34.893094,48.4732,0
                34.892456,48.473143,0
                34.891651,48.473001,0
                34.890965,48.472901,0
                34.890868,48.472578,0
                34.890911,48.472435,0
                34.890991,48.472414,0
                34.891034,48.472307,0
                34.891034,48.472197,0
                34.891072,48.472026,0
                34.891169,48.47145,0
                34.891345,48.471059,0
                34.891227,48.470664,0
                34.891345,48.470433,0
                34.891812,48.469985,0
                34.891995,48.469565,0
                34.891812,48.469224,0
                34.891877,48.468918,0
                34.892199,48.468569,0
                34.892638,48.468086,0
                34.893164,48.467595,0
                34.893025,48.467438,0
                34.893196,48.467324,0
                34.893271,48.46714,0
                34.8934,48.466912,0
                34.893593,48.466762,0
                34.893625,48.466638,0
                34.893861,48.46636,0
                34.894108,48.46619,0
                34.894269,48.466026,0
                34.894344,48.465923,0
                34.894323,48.465884,0
                34.894403,48.465766,0
                34.894602,48.465617,0
                34.894741,48.465418,0
                34.894918,48.465212,0
                34.895117,48.465059,0
                34.89538,48.464831,0
                34.895637,48.464671,0
                34.895927,48.464433,0
                34.896147,48.464194,0
                34.896291,48.464031,0
                34.896345,48.463984,0
                34.896291,48.463956,0
                34.896361,48.463853,0
                34.896409,48.463686,0
                34.896318,48.463579,0
                34.896372,48.463422,0
                34.896463,48.463227,0
                34.896517,48.462761,0
                34.896517,48.462458,0
                34.896549,48.462181,0
                34.896694,48.461914,0
                34.896855,48.461626,0
                34.896689,48.461622,0
                34.896603,48.461544,0
                34.896576,48.461448,0
                34.89671,48.46132,0
                34.896946,48.461174,0
                34.897032,48.460818,0
                34.897043,48.460676,0
                34.896978,48.460541,0
                34.896892,48.460449,0
                34.896935,48.460303,0
                34.897402,48.459986,0
                34.897794,48.459542,0
                34.897847,48.458887,0
                34.897658,48.458623,0
                34.897851,48.458381,0
                34.898065,48.458054,0
                34.898366,48.457741,0
                34.898484,48.457527,0
                34.898806,48.457317,0
                34.899085,48.457157,0
                34.899058,48.457072,0
                34.899219,48.45693,0
                34.899315,48.456776,0
                34.899256,48.45668,0
                34.899369,48.45657,0
                34.899369,48.456431,0
                34.899492,48.456211,0
                34.899546,48.456036,0
                34.899567,48.455916,0
                34.899739,48.455784,0
                34.899884,48.455578,0
                34.900174,48.455257,0
                34.900319,48.455044,0
                34.900576,48.454734,0
                34.901061,48.454701,0
                34.901676,48.454688,0
                34.902287,48.454766,0
                34.902915,48.454717,0
                34.904036,48.454987,0
                34.904991,48.4552,0
                34.906053,48.455585,0
                34.906364,48.45488,0
                34.906965,48.453955,0
                34.908363,48.454092,0
                34.909747,48.454302,0
                34.910155,48.45437,0
                34.910257,48.454327,0
                34.910364,48.454306,0
                34.910793,48.454377,0
                34.911136,48.454416,0
                34.911271,48.454494,0
                34.911565,48.454558,0
                34.91171,48.454445,0
                34.911914,48.454413,0
                34.911989,48.454523,0
                34.912327,48.454459,0
                34.912783,48.454391,0
                34.913143,48.454381,0
                34.913524,48.454309,0
                34.913572,48.454167,0
                34.913851,48.454142,0
                34.914076,48.454153,0
                34.914216,48.454341,0
                34.914639,48.454302,0
                34.915235,48.454224,0
                34.915364,48.453964,0
                34.915439,48.453737,0
                34.915605,48.453598,0
                34.916259,48.453495,0
                34.916769,48.453601,0
                34.917332,48.454085,0
                34.917681,48.454295,0
                34.918421,48.454872,0
                34.918958,48.455249,0
                34.920106,48.454936,0
                34.920782,48.454804,0
                34.921045,48.454662,0
                34.920841,48.454313,0
                34.920894,48.4541,0
                34.921007,48.453829,0
                34.921163,48.453594,0
                34.921538,48.453456,0
                34.922412,48.453057,0
                34.922831,48.453039,0
                34.923652,48.452993,0
                34.925019,48.452908,0
                34.925127,48.452644,0
                34.92547,48.452417,0
                34.92635,48.452502,0
                34.927391,48.452602,0
                34.927745,48.452666,0
                34.928249,48.452317,0
                34.928581,48.452125,0
                34.928635,48.45204,0
                34.929188,48.452043,0
                34.929563,48.452196,0
                34.929971,48.451674,0
                34.93025,48.451407,0
                34.930261,48.450888,0
                34.930298,48.450671,0
                34.930362,48.450411,0
                34.930454,48.450265,0
                34.931473,48.450233,0
                34.934112,48.450112,0
                34.935045,48.450717,0
                34.935507,48.4514,0
                34.935571,48.451649,0
                34.934559,48.452887,0
                34.934039,48.453246,0
                34.933425,48.454211,0
                34.933232,48.454581,0
                34.932848,48.455345,0
                34.932596,48.455331,0
                34.932521,48.45563,0
                34.931056,48.457711,0
                34.930067,48.458992,0
                34.928833,48.460586,0
                34.927416,48.462389,0
                34.928243,48.462711,0
                34.927542,48.463342,0
                34.926856,48.46315,0
                34.925783,48.464424,0
                34.923905,48.466771,0
                34.923621,48.46744,0
                34.923578,48.468173,0
                34.923208,48.46819,0
                34.92302,48.468262,0
                34.922811,48.468724,0
                34.921658,48.469418,0
                34.921336,48.46999,0
                34.921062,48.469994,0
                34.920789,48.470111,0
                34.920457,48.470182,0
                34.920221,48.470537,0
                34.919907,48.470894,0
                34.919588,48.471153,0
                34.919384,48.471149,0
                34.919009,48.471501,0
                34.918826,48.471437,0
                34.918676,48.471629,0
                34.918697,48.471704,0
                34.918606,48.471729,0
                34.918201,48.472103,0
                34.917633,48.47258,0
                34.916581,48.473483,0
                34.915629,48.474268,0
                34.91528,48.474343,0
                34.915058,48.474668,0
                34.91498,48.474883,0
                34.914889,48.475015,0
                34.914776,48.475438,0
                34.914315,48.475385,0
                34.913132,48.475151,0
                34.912039,48.4749,0
                34.911757,48.474732,0
                34.911469,48.474579,0
                34.911316,48.474478,0
                34.911193,48.474229,0
                34.910635,48.474321,0
                34.910082,48.474225,0
                34.910002,48.474289,0
                34.909741,48.474249,0
                34.909702,48.473959,0
                34.908687,48.473916,0
                34.908575,48.474005,0
                34.908074,48.474685,0
                34.907263,48.474454,0
                34.906849,48.474362,0
                34.906551,48.474685,0
                34.906323,48.475007,0
                34.905749,48.474836,0
                34.904761,48.474754,0
                34.904703,48.475245,0
                34.904439,48.475729,0
                34.904169,48.475875,0
                34.903594,48.476752,0
                34.902977,48.477552,0
                34.902677,48.477971,0
                34.902231,48.478743,0
                34.901623,48.479402,0
                34.901419,48.480082,0
              </coordinates>
            </LinearRing>
          </outerBoundaryIs>
        </Polygon>
      </Placemark>
      <Placemark>
        <name>Придніпровськ
вул. Князя Ярослава Мудрого 29 </name>
        <description><![CDATA[Доставляємо за 1.5-2 години.<br>Безкоштовна доставка від 1899 грн, якщо замовлення від 1199-1898 грн — доставка 89 грн, від 699-1198 грн — доставка 150 грн, менше 699 грн – тільки самовивіз]]></description>
        <styleUrl>#poly-E65100-2000-77</styleUrl>
        <Polygon>
          <outerBoundaryIs>
            <LinearRing>
              <tessellate>1</tessellate>
              <coordinates>
                35.132543,48.447214,0
                35.130022,48.44727,0
                35.126524,48.444054,0
                35.125494,48.44337,0
                35.123027,48.442659,0
                35.120388,48.443178,0
                35.119164,48.442915,0
                35.118799,48.442388,0
                35.118885,48.441008,0
                35.118992,48.439627,0
                35.119181,48.438958,0
                35.118972,48.438253,0
                35.117254,48.436182,0
                35.115237,48.434132,0
                35.112791,48.43164,0
                35.111804,48.430159,0
                35.112309,48.428963,0
                35.111782,48.427796,0
                35.111804,48.426642,0
                35.111825,48.426002,0
                35.110108,48.424293,0
                35.109422,48.423852,0
                35.109207,48.422983,0
                35.109025,48.421644,0
                35.10778,48.421025,0
                35.107115,48.420277,0
                35.106954,48.418882,0
                35.106622,48.416689,0
                35.106418,48.415677,0
                35.106428,48.415044,0
                35.105699,48.41431,0
                35.105184,48.413826,0
                35.10557,48.413135,0
                35.105865,48.412131,0
                35.104862,48.412167,0
                35.103982,48.412103,0
                35.103371,48.411796,0
                35.103478,48.411184,0
                35.1041,48.410379,0
                35.104755,48.409468,0
                35.105184,48.408663,0
                35.105463,48.407851,0
                35.106064,48.405992,0
                35.10675,48.405472,0
                35.107587,48.405152,0
                35.108124,48.405002,0
                35.109593,48.404062,0
                35.111879,48.402474,0
                35.113574,48.401248,0
                35.113542,48.401056,0
                35.114014,48.4008,0
                35.114207,48.400857,0
                35.116042,48.400151,0
                35.11646,48.399731,0
                35.11749,48.39946,0
                35.118273,48.39904,0
                35.120065,48.398762,0
                35.121792,48.397573,0
                35.125075,48.397145,0
                35.126513,48.397815,0
                35.12795,48.397943,0
                35.128219,48.397701,0
                35.129839,48.397957,0
                35.12985,48.398221,0
                35.131652,48.398371,0
                35.133004,48.398556,0
                35.13427,48.398891,0
                35.136104,48.398933,0
                35.138722,48.398086,0
                35.14002,48.397872,0
                35.140986,48.397858,0
                35.142027,48.397765,0
                35.142756,48.397594,0
                35.143271,48.397359,0
                35.143615,48.397152,0
                35.143829,48.396775,0
                35.144752,48.396526,0
                35.145674,48.396369,0
                35.14708,48.396946,0
                35.14767,48.39743,0
                35.148153,48.398613,0
                35.147949,48.399204,0
                35.147563,48.400102,0
                35.147928,48.4005,0
                35.147906,48.402203,0
                35.146683,48.40429,0
                35.146501,48.405444,0
                35.14649,48.406298,0
                35.14634,48.407231,0
                35.145803,48.407765,0
                35.143771,48.411613,0
                35.141582,48.415501,0
                35.140606,48.416883,0
                35.139876,48.417737,0
                35.140027,48.419218,0
                35.139941,48.421511,0
                35.138825,48.423975,0
                35.13728,48.426025,0
                35.136722,48.427905,0
                35.135435,48.429556,0
                35.135778,48.433913,0
                35.134727,48.436803,0
                35.13374,48.437998,0
                35.133118,48.439835,0
                35.132753,48.440831,0
                35.132152,48.44207,0
                35.131831,48.442867,0
                35.132045,48.443607,0
                35.132045,48.444532,0
                35.132195,48.446297,0
                35.132543,48.447214,0
              </coordinates>
            </LinearRing>
          </outerBoundaryIs>
        </Polygon>
      </Placemark>
      <Placemark>
        <name>Лівий берег</name>
        <description><![CDATA[Доставляємо за 60-90 хвилин<br>Безкоштовна доставка від 1199 грн, якщо замовлення 699-1198 грн – доставка 29 грн, 251-698 грн – доставка 89 грн, менше 250 грн – тільки самовивіз]]></description>
        <styleUrl>#poly-F48FB1-2000-61</styleUrl>
        <Polygon>
          <outerBoundaryIs>
            <LinearRing>
              <tessellate>1</tessellate>
              <coordinates>
                35.059833,48.539193,0
                35.056333,48.53797,0
                35.04643,48.534127,0
                35.043431,48.53277,0
                35.0412,48.531764,0
                35.035047,48.534926,0
                35.032289,48.536361,0
                35.032107,48.536247,0
                35.03001,48.534944,0
                35.027542,48.536201,0
                35.025353,48.537068,0
                35.022607,48.53856,0
                35.019409,48.540016,0
                35.010858,48.541387,0
                35.009743,48.540748,0
                35.008659,48.540002,0
                35.006004,48.538272,0
                35.004378,48.537242,0
                35.002694,48.5364,0
                35.001573,48.535777,0
                35.000876,48.535585,0
                35.000222,48.535155,0
                34.999041,48.534285,0
                34.998553,48.534086,0
                34.997158,48.533262,0
                34.996617,48.532953,0
                34.996171,48.532825,0
                34.99563,48.532377,0
                34.995007,48.532328,0
                34.994675,48.532086,0
                34.993473,48.531319,0
                34.992304,48.530544,0
                34.991499,48.529986,0
                34.991117,48.52973,0
                34.990634,48.529393,0
                34.990232,48.529204,0
                34.989588,48.528622,0
                34.989491,48.52844,0
                34.989164,48.52822,0
                34.988123,48.527296,0
                34.987962,48.527204,0
                34.98682,48.526259,0
                34.986557,48.526035,0
                34.985994,48.525462,0
                34.985728,48.525181,0
                34.985519,48.525028,0
                34.985253,48.524926,0
                34.984905,48.524642,0
                34.984518,48.524496,0
                34.984366,48.524397,0
                34.984301,48.524244,0
                34.983891,48.523938,0
                34.983692,48.523558,0
                34.982984,48.522898,0
                34.981203,48.521142,0
                34.980205,48.520918,0
                34.980184,48.520616,0
                34.9797,48.519834,0
                34.979292,48.519458,0
                34.9786,48.518893,0
                34.977736,48.518424,0
                34.977543,48.518246,0
                34.97749,48.517958,0
                34.977345,48.517951,0
                34.977216,48.51788,0
                34.977149,48.517704,0
                34.977098,48.517361,0
                34.977205,48.517077,0
                34.97668,48.516714,0
                34.974662,48.515037,0
                34.972656,48.513602,0
                34.969638,48.511702,0
                34.967063,48.5092,0
                34.973071,48.504764,0
                34.972195,48.504056,0
                34.967636,48.500353,0
                34.975328,48.498368,0
                34.994361,48.493377,0
                35.013436,48.488414,0
                35.032662,48.483422,0
                35.049271,48.479084,0
                35.066351,48.474603,0
                35.081328,48.470691,0
                35.090126,48.468394,0
                35.092074,48.467881,0
                35.0929,48.467675,0
                35.093162,48.468091,0
                35.093388,48.468408,0
                35.093559,48.468714,0
                35.093752,48.468849,0
                35.094053,48.469052,0
                35.094321,48.469315,0
                35.093946,48.469624,0
                35.094166,48.469941,0
                35.094251,48.470087,0
                35.094541,48.470535,0
                35.094412,48.470666,0
                35.094058,48.470887,0
                35.094144,48.470972,0
                35.09409,48.471193,0
                35.09409,48.471356,0
                35.094466,48.471652,0
                35.09452,48.471911,0
                35.094573,48.472028,0
                35.094825,48.472181,0
                35.095265,48.472199,0
                35.095534,48.4721,0
                35.095646,48.472246,0
                35.095796,48.472409,0
                35.095872,48.472519,0
                35.096124,48.472868,0
                35.095877,48.473007,0
                35.096032,48.473152,0
                35.096081,48.473138,0
                35.096301,48.473021,0
                35.096413,48.47317,0
                35.09658,48.473302,0
                35.09666,48.47343,0
                35.096746,48.473536,0
                35.096896,48.473672,0
                35.096735,48.473792,0
                35.096891,48.47391,0
                35.096773,48.473992,0
                35.096612,48.474074,0
                35.096574,48.47417,0
                35.09681,48.474322,0
                35.096676,48.47445,0
                35.097041,48.474639,0
                35.097475,48.474842,0
                35.098184,48.475418,0
                35.098523,48.476449,0
                35.098696,48.476703,0
                35.098978,48.476883,0
                35.098978,48.477409,0
                35.099342,48.477793,0
                35.100007,48.478754,0
                35.100651,48.479401,0
                35.100823,48.48078,0
                35.100844,48.481314,0
                35.101467,48.481918,0
                35.101744,48.482844,0
                35.101079,48.483349,0
                35.101186,48.484082,0
                35.10183,48.484928,0
                35.102784,48.48613,0
                35.103546,48.486912,0
                35.104383,48.48758,0
                35.106196,48.489045,0
                35.107033,48.490076,0
                35.107301,48.490417,0
                35.107763,48.49088,0
                35.10802,48.490972,0
                35.108439,48.491171,0
                35.108954,48.491648,0
                35.109082,48.492195,0
                35.109072,48.49238,0
                35.109211,48.492558,0
                35.109823,48.493134,0
                35.110552,48.493944,0
                35.111271,48.494612,0
                35.111882,48.495259,0
                35.112541,48.495956,0
                35.112485,48.495989,0
                35.112536,48.496039,0
                35.11228,48.496468,0
                35.111196,48.497272,0
                35.111582,48.497769,0
                35.112241,48.498318,0
                35.113097,48.49961,0
                35.113722,48.500927,0
                35.113346,48.501169,0
                35.112295,48.501858,0
                35.111683,48.501972,0
                35.110278,48.502278,0
                35.109741,48.502541,0
                35.109259,48.50291,0
                35.109355,48.503493,0
                35.108368,48.503692,0
                35.106995,48.504048,0
                35.105718,48.504574,0
                35.103883,48.504872,0
                35.102456,48.505235,0
                35.101791,48.505804,0
                35.101802,48.506145,0
                35.101824,48.506635,0
                35.10148,48.507126,0
                35.101373,48.508035,0
                35.100289,48.50827,0
                35.100311,48.508974,0
                35.100257,48.509407,0
                35.1003,48.510289,0
                35.100085,48.510317,0
                35.099528,48.510381,0
                35.09957,48.510914,0
                35.099581,48.511703,0
                35.09898,48.511824,0
                35.098111,48.512194,0
                35.098015,48.513054,0
                35.098283,48.513388,0
                35.098337,48.51424,0
                35.098648,48.514766,0
                35.098776,48.516046,0
                35.098433,48.51606,0
                35.096502,48.516067,0
                35.095474,48.51672,0
                35.095775,48.517643,0
                35.096322,48.519022,0
                35.096934,48.520315,0
                35.097502,48.522064,0
                35.097792,48.52308,0
                35.096955,48.523286,0
                35.095571,48.523549,0
                35.095539,48.523741,0
                35.096279,48.525922,0
                35.09629,48.526647,0
                35.095754,48.52767,0
                35.094305,48.528274,0
                35.093318,48.528558,0
                35.092288,48.528722,0
                35.090743,48.529027,0
                35.090507,48.529532,0
                35.090217,48.531556,0
                35.089971,48.532736,0
                35.089434,48.534327,0
                35.089016,48.535336,0
                35.088233,48.536686,0
                35.087546,48.537368,0
                35.086291,48.53773,0
                35.082578,48.538469,0
                35.077697,48.539485,0
                35.075572,48.539946,0
                35.074457,48.540238,0
                35.074682,48.541481,0
                35.072558,48.541836,0
                35.070487,48.542283,0
                35.068728,48.54271,0
                35.067837,48.542532,0
                35.067365,48.541871,0
                35.065242,48.54076,0
                35.062237,48.540017,0
                35.059833,48.539193,0
              </coordinates>
            </LinearRing>
          </outerBoundaryIs>
        </Polygon>
      </Placemark>
      <Placemark>
        <name>Північний район
вул. Князя Ярослава Мудрого 29</name>
        <description><![CDATA[Доставляємо за 1.5-2 години.<br>Безкоштовна доставка від 1199 грн, якщо замовлення 699-1198 грн – доставка 29 грн, 251-698 грн – доставка 89 грн, менше 250 грн – тільки самовивіз]]></description>
        <styleUrl>#poly-C2185B-2000-77</styleUrl>
        <Polygon>
          <outerBoundaryIs>
            <LinearRing>
              <tessellate>1</tessellate>
              <coordinates>
                35.113735,48.500923,0
                35.113694,48.500833,0
                35.113614,48.500651,0
                35.113405,48.500155,0
                35.113169,48.499718,0
                35.1129,48.49928,0
                35.112254,48.498314,0
                35.112037,48.498122,0
                35.111595,48.497765,0
                35.111209,48.497268,0
                35.112287,48.49649,0
                35.112549,48.496035,0
                35.112498,48.495985,0
                35.112554,48.495952,0
                35.111834,48.495188,0
                35.111639,48.494976,0
                35.111504,48.494845,0
                35.111432,48.494762,0
                35.111317,48.494635,0
                35.111258,48.49458,0
                35.110941,48.494294,0
                35.110525,48.493903,0
                35.110373,48.493729,0
                35.109965,48.49327,0
                35.109815,48.493105,0
                35.109563,48.492884,0
                35.109224,48.492554,0
                35.109085,48.492376,0
                35.109095,48.492191,0
                35.108967,48.491644,0
                35.108452,48.491167,0
                35.108339,48.491117,0
                35.107999,48.490949,0
                35.107776,48.490876,0
                35.107505,48.490614,0
                35.107314,48.490413,0
                35.107012,48.490021,0
                35.106209,48.489041,0
                35.105268,48.488264,0
                35.103559,48.486908,0
                35.102797,48.486126,0
                35.101199,48.484078,0
                35.101092,48.483345,0
                35.101757,48.48284,0
                35.10148,48.481914,0
                35.100857,48.48131,0
                35.100735,48.479954,0
                35.100705,48.479728,0
                35.100664,48.479397,0
                35.100329,48.479058,0
                35.100117,48.478848,0
                35.10002,48.47875,0
                35.099958,48.478657,0
                35.099718,48.478313,0
                35.099533,48.478045,0
                35.099355,48.477789,0
                35.099247,48.477674,0
                35.098991,48.477405,0
                35.098992,48.477165,0
                35.098991,48.476879,0
                35.098709,48.476699,0
                35.098536,48.476445,0
                35.098446,48.47617,0
                35.098197,48.475414,0
                35.097488,48.474838,0
                35.097054,48.474635,0
                35.096689,48.474446,0
                35.096823,48.474318,0
                35.096587,48.474166,0
                35.096625,48.47407,0
                35.096786,48.473988,0
                35.096904,48.473906,0
                35.096748,48.473788,0
                35.096909,48.473668,0
                35.096719,48.473486,0
                35.096593,48.473298,0
                35.096426,48.473166,0
                35.096314,48.473017,0
                35.096045,48.473148,0
                35.09589,48.473003,0
                35.096137,48.472864,0
                35.095809,48.472405,0
                35.095697,48.472281,0
                35.095547,48.472096,0
                35.095278,48.472195,0
                35.094838,48.472177,0
                35.094586,48.472024,0
                35.094533,48.471907,0
                35.094479,48.471648,0
                35.094103,48.471352,0
                35.094103,48.471189,0
                35.094157,48.470968,0
                35.094071,48.470883,0
                35.094425,48.470662,0
                35.094554,48.470531,0
                35.093959,48.46962,0
                35.094334,48.469311,0
                35.094066,48.469048,0
                35.093572,48.46871,0
                35.093503,48.468571,0
                35.093401,48.468404,0
                35.093318,48.468278,0
                35.092913,48.467671,0
                35.095346,48.467346,0
                35.099659,48.467076,0
                35.101901,48.46714,0
                35.104746,48.46723,0
                35.108179,48.46712,0
                35.110755,48.467521,0
                35.115026,48.468973,0
                35.127235,48.472913,0
                35.135303,48.475517,0
                35.146284,48.479311,0
                35.148446,48.480068,0
                35.14858,48.481498,0
                35.148848,48.483503,0
                35.149927,48.485128,0
                35.150522,48.486696,0
                35.14991,48.487873,0
                35.14932,48.489125,0
                35.148795,48.490284,0
                35.147689,48.491112,0
                35.146236,48.492079,0
                35.144278,48.493338,0
                35.1421,48.494546,0
                35.14181,48.494425,0
                35.138323,48.493416,0
                35.135367,48.493793,0
                35.133179,48.494205,0
                35.129907,48.496232,0
                35.129118,48.497067,0
                35.128035,48.497533,0
                35.126672,48.497903,0
                35.126538,48.498557,0
                35.125835,48.498585,0
                35.124371,48.498525,0
                35.12318,48.498706,0
                35.121109,48.498873,0
                35.11935,48.499346,0
                35.119285,48.499879,0
                35.119124,48.500032,0
                35.118894,48.499975,0
                35.117467,48.4999,0
                35.116249,48.499968,0
                35.116249,48.500067,0
                35.116319,48.501482,0
                35.114184,48.501532,0
                35.113735,48.500923,0
              </coordinates>
            </LinearRing>
          </outerBoundaryIs>
        </Polygon>
      </Placemark>
      <Placemark>
        <name>Золоті Ключі
вул. Князя Ярослава Мудрого 29</name>
        <description><![CDATA[Доставляємо за 1.5-2 години.<br>Безкоштовна доставка від 1899 грн, якщо замовлення від 1199-1898 грн — доставка 89 грн, від 699-1198 грн — доставка 150 грн, менше 699 грн – тільки самовивіз]]></description>
        <styleUrl>#poly-E65100-2000-77</styleUrl>
        <Polygon>
          <outerBoundaryIs>
            <LinearRing>
              <tessellate>1</tessellate>
              <coordinates>
                35.09154,48.547716,0
                35.088214,48.548085,0
                35.086133,48.548426,0
                35.083901,48.548327,0
                35.083343,48.547347,0
                35.082978,48.545884,0
                35.082174,48.544967,0
                35.081198,48.544676,0
                35.079374,48.54479,0
                35.077839,48.544839,0
                35.077099,48.544598,0
                35.076606,48.543987,0
                35.076241,48.543092,0
                35.075179,48.54224,0
                35.074685,48.541608,0
                35.075125,48.540656,0
                35.082217,48.539384,0
                35.087549,48.538411,0
                35.088386,48.538205,0
                35.089534,48.541011,0
                35.090285,48.542801,0
                35.091798,48.546658,0
                35.092173,48.547609,0
                35.09154,48.547716,0
              </coordinates>
            </LinearRing>
          </outerBoundaryIs>
        </Polygon>
      </Placemark>
      <Placemark>
        <name>Самарівка
вул. Князя Ярослава Мудрого 29 </name>
        <description><![CDATA[Доставляємо за 1.5-2 години.<br>Безкоштовна доставка від 1899 грн, якщо замовлення від 1199-1898 грн — доставка 89 грн, від 699-1198 грн — доставка 150 грн, менше 699 грн – тільки самовивіз]]></description>
        <styleUrl>#poly-E65100-2000-77</styleUrl>
        <Polygon>
          <outerBoundaryIs>
            <LinearRing>
              <tessellate>1</tessellate>
              <coordinates>
                35.09543,48.528318,0
                35.098093,48.528028,0
                35.099144,48.528099,0
                35.100711,48.528163,0
                35.102427,48.528092,0
                35.103479,48.527701,0
                35.104112,48.527474,0
                35.104766,48.527126,0
                35.105667,48.5267,0
                35.107223,48.526152,0
                35.108178,48.525954,0
                35.109369,48.525989,0
                35.109916,48.526103,0
                35.109809,48.526529,0
                35.109401,48.527048,0
                35.109487,48.527446,0
                35.109658,48.527943,0
                35.110104,48.528643,0
                35.110554,48.529176,0
                35.111359,48.52887,0
                35.111498,48.528984,0
                35.111649,48.529325,0
                35.111649,48.529623,0
                35.111509,48.529865,0
                35.11079,48.530178,0
                35.110994,48.530483,0
                35.111466,48.530803,0
                35.111863,48.531122,0
                35.111906,48.531343,0
                35.111316,48.531449,0
                35.110672,48.531194,0
                35.108902,48.531826,0
                35.107647,48.532622,0
                35.106295,48.533332,0
                35.105737,48.533254,0
                35.104836,48.533133,0
                35.104224,48.532707,0
                35.102221,48.531118,0
                35.100376,48.529626,0
                35.098702,48.529562,0
                35.096278,48.529739,0
                35.09543,48.528318,0
              </coordinates>
            </LinearRing>
          </outerBoundaryIs>
        </Polygon>
      </Placemark>
    </Folder>
    <Folder>
      <name>Харьков</name>
      <Placemark>
        <name>[РЕСТОРАН] пл. Конституції 18</name>
        <styleUrl>#icon-1899-0288D1-nodesc</styleUrl>
        <Point>
          <coordinates>
            36.232987,49.99096,0
          </coordinates>
        </Point>
      </Placemark>
      <Placemark>
        <name>Нові Будинки, Садовий проїзд 9</name>
        <styleUrl>#icon-1899-0288D1-nodesc</styleUrl>
        <Point>
          <coordinates>
            36.308185,49.951708,0
          </coordinates>
        </Point>
      </Placemark>
      <Placemark>
        <name>ФК холодная гора, полтавский шлях 140/2</name>
        <styleUrl>#icon-1899-0288D1-nodesc</styleUrl>
        <Point>
          <coordinates>
            36.18452,49.983709,0
          </coordinates>
        </Point>
      </Placemark>
      <Placemark>
        <name>ФК григоренко, петра григоренко,2/146</name>
        <styleUrl>#icon-1899-0288D1-nodesc</styleUrl>
        <Point>
          <coordinates>
            36.319881,49.964488,0
          </coordinates>
        </Point>
      </Placemark>
      <Placemark>
        <name>Пісочин
[РЕСТОРАН] пл. Конституції 18</name>
        <description><![CDATA[Доставляємо за 1.5-2 години .<br>Безкоштовна доставка від 1199 грн, якщо замовлення 699-1198 грн – доставка 29 грн, 251-698 грн – доставка 89 грн, менше 250 грн – тільки самовивіз]]></description>
        <styleUrl>#poly-0097A7-2000-77</styleUrl>
        <Polygon>
          <outerBoundaryIs>
            <LinearRing>
              <tessellate>1</tessellate>
              <coordinates>
                36.129906,49.930875,0
                36.133526,49.940744,0
                36.132662,49.945026,0
                36.132727,49.945364,0
                36.13086,49.947546,0
                36.131643,49.948816,0
                36.127759,49.953083,0
                36.127609,49.953642,0
                36.129314,49.953786,0
                36.128766,49.955229,0
                36.129831,49.964361,0
                36.125825,49.963845,0
                36.12453,49.963504,0
                36.123446,49.963039,0
                36.122555,49.962729,0
                36.122029,49.963212,0
                36.116254,49.962164,0
                36.114628,49.963088,0
                36.113706,49.962975,0
                36.112928,49.963599,0
                36.10994,49.965076,0
                36.108868,49.965537,0
                36.09565,49.967856,0
                36.08768,49.964922,0
                36.083592,49.963018,0
                36.083667,49.962165,0
                36.069296,49.954954,0
                36.072225,49.944859,0
                36.088272,49.948511,0
                36.089546,49.946781,0
                36.090495,49.944651,0
                36.092625,49.942013,0
                36.095017,49.9397,0
                36.098461,49.936413,0
                36.100542,49.934549,0
                36.10919,49.933976,0
                36.129906,49.930875,0
              </coordinates>
            </LinearRing>
          </outerBoundaryIs>
        </Polygon>
      </Placemark>
      <Placemark>
        <name>Бабаї,Гути,Покотилівка
Нові Будинки, Садовий проїзд 9</name>
        <description><![CDATA[Доставляємо 1.5-2 години<br>Безкоштовна доставка від 1499 грн, якщо замовлення від 999-1498 грн — доставка 89 грн, від 699-998 грн — доставка 200 грн, менше 699 грн — тільки самовивіз]]></description>
        <styleUrl>#poly-E65100-2000-77</styleUrl>
        <Polygon>
          <outerBoundaryIs>
            <LinearRing>
              <tessellate>1</tessellate>
              <coordinates>
                36.20434,49.934466,0
                36.201317,49.934899,0
                36.199961,49.935313,0
                36.198963,49.936094,0
                36.196049,49.934863,0
                36.193689,49.93344,0
                36.192058,49.932349,0
                36.190664,49.930913,0
                36.187852,49.927142,0
                36.187938,49.926576,0
                36.167893,49.92654,0
                36.165661,49.926661,0
                36.162035,49.926423,0
                36.151836,49.926368,0
                36.149345,49.915059,0
                36.141277,49.905276,0
                36.146203,49.898177,0
                36.148918,49.89637,0
                36.152179,49.894206,0
                36.153534,49.893432,0
                36.17688,49.887516,0
                36.19634,49.891569,0
                36.200213,49.891742,0
                36.202638,49.891963,0
                36.202536,49.892875,0
                36.205531,49.893498,0
                36.20216,49.898785,0
                36.198922,49.903837,0
                36.207192,49.912252,0
                36.208092,49.913138,0
                36.209806,49.91509,0
                36.210912,49.917036,0
                36.212701,49.918501,0
                36.220733,49.928444,0
                36.217796,49.929729,0
                36.214727,49.930492,0
                36.213341,49.930724,0
                36.212823,49.930689,0
                36.212302,49.931456,0
                36.20434,49.934466,0
              </coordinates>
            </LinearRing>
          </outerBoundaryIs>
        </Polygon>
      </Placemark>
      <Placemark>
        <name>Cолоницівка, Подвірки, Надточії
[РЕСТОРАН] пл. Конституції 18</name>
        <description><![CDATA[Доставляємо 1.5-2 години<br>Безкоштовна доставка від 1499 грн, якщо замовлення від 999-1498 грн — доставка 89 грн, від 699-998 грн — доставка 200 грн, менше 699 грн — тільки самовивіз]]></description>
        <styleUrl>#poly-E65100-2000-77</styleUrl>
        <Polygon>
          <outerBoundaryIs>
            <LinearRing>
              <tessellate>1</tessellate>
              <coordinates>
                36.106293,49.979184,0
                36.106893,49.98382,0
                36.100628,49.987297,0
                36.09728,49.99116,0
                36.090242,49.98967,0
                36.080458,49.995243,0
                36.079084,49.999933,0
                36.070759,50.006608,0
                36.052648,50.010304,0
                36.039842,50.004262,0
                36.039713,50.003597,0
                36.038898,50.002546,0
                36.036924,49.998711,0
                36.036512,49.997616,0
                36.036941,49.993974,0
                36.040744,49.987472,0
                36.041269,49.985196,0
                36.047499,49.981116,0
                36.048297,49.980794,0
                36.053764,49.979957,0
                36.063721,49.967702,0
                36.07814,49.95942,0
                36.083667,49.962165,0
                36.083592,49.963018,0
                36.08768,49.964922,0
                36.09565,49.967856,0
                36.108868,49.965537,0
                36.10994,49.965076,0
                36.112928,49.963599,0
                36.113706,49.962975,0
                36.114628,49.963088,0
                36.116254,49.962164,0
                36.122029,49.963212,0
                36.122555,49.962729,0
                36.123446,49.963039,0
                36.12453,49.963504,0
                36.125825,49.963845,0
                36.129831,49.964361,0
                36.129402,49.967563,0
                36.127385,49.974519,0
                36.126892,49.977694,0
                36.106293,49.979184,0
              </coordinates>
            </LinearRing>
          </outerBoundaryIs>
        </Polygon>
      </Placemark>
      <Placemark>
        <name>Нові Будинки, Садовий проїзд 9</name>
        <description><![CDATA[Доставляємо за 60-90 хвилин, самовивіз протягом 40 хвилин<br>Безкоштовна доставка від 1199 грн, якщо замовлення 699-1198 грн – доставка 29 грн, 251-698 грн – доставка 89 грн, менше 250 грн – тільки самовивіз]]></description>
        <styleUrl>#poly-880E4F-2000-77</styleUrl>
        <Polygon>
          <outerBoundaryIs>
            <LinearRing>
              <tessellate>1</tessellate>
              <coordinates>
                36.302517,50.029394,0
                36.309834,50.029047,0
                36.318288,50.028909,0
                36.322279,50.028302,0
                36.298719,50.012806,0
                36.303207,50.0109,0
                36.303207,50.010438,0
                36.314252,50.006716,0
                36.305411,50.00136,0
                36.303266,49.999506,0
                36.292639,49.992651,0
                36.285236,49.989051,0
                36.275375,49.984785,0
                36.273352,49.98596,0
                36.267934,49.986536,0
                36.267156,49.983714,0
                36.266969,49.983739,0
                36.265235,49.977892,0
                36.265005,49.977022,0
                36.262226,49.97744,0
                36.261523,49.975691,0
                36.259281,49.967873,0
                36.258723,49.96443,0
                36.25867,49.963495,0
                36.256862,49.962622,0
                36.249917,49.957126,0
                36.240175,49.954006,0
                36.232355,49.946839,0
                36.228514,49.94253,0
                36.23397,49.940377,0
                36.251944,49.91381,0
                36.260575,49.912066,0
                36.271658,49.911742,0
                36.269685,49.910255,0
                36.274509,49.908745,0
                36.283128,49.910946,0
                36.284294,49.911453,0
                36.28507,49.912765,0
                36.284276,49.913739,0
                36.287623,49.914706,0
                36.286411,49.91586,0
                36.285667,49.918086,0
                36.290992,49.920295,0
                36.292859,49.92082,0
                36.296081,49.921957,0
                36.302845,49.924651,0
                36.306965,49.916914,0
                36.323479,49.905544,0
                36.342716,49.901107,0
                36.347179,49.911941,0
                36.354732,49.91791,0
                36.354276,49.918532,0
                36.352474,49.919616,0
                36.35581,49.921806,0
                36.361969,49.924631,0
                36.366148,49.927159,0
                36.36858,49.928008,0
                36.371021,49.928319,0
                36.372322,49.929166,0
                36.372686,49.929242,0
                36.373362,49.929736,0
                36.375167,49.928695,0
                36.377618,49.930307,0
                36.380515,49.92981,0
                36.382757,49.929603,0
                36.380611,49.925411,0
                36.38177,49.924872,0
                36.384784,49.925321,0
                36.393303,49.922917,0
                36.393249,49.920962,0
                36.398187,49.915206,0
                36.404734,49.910366,0
                36.409251,49.909405,0
                36.410517,49.910041,0
                36.409433,49.911913,0
                36.420664,49.914842,0
                36.412697,49.924902,0
                36.415014,49.927154,0
                36.416119,49.927603,0
                36.417964,49.927907,0
                36.426075,49.928694,0
                36.428028,49.929109,0
                36.428553,49.928749,0
                36.429111,49.928901,0
                36.430034,49.929274,0
                36.431118,49.930607,0
                36.432394,49.931864,0
                36.431,49.927949,0
                36.432706,49.926609,0
                36.437462,49.925799,0
                36.447901,49.926849,0
                36.446227,49.930026,0
                36.433875,49.934219,0
                36.430817,49.936892,0
                36.429433,49.937202,0
                36.429873,49.937927,0
                36.428897,49.938652,0
                36.428596,49.939405,0
                36.427588,49.940344,0
                36.426944,49.940538,0
                36.426161,49.941138,0
                36.424798,49.941573,0
                36.423736,49.944156,0
                36.419595,49.947276,0
                36.419562,49.948264,0
                36.415335,49.952951,0
                36.407499,49.960151,0
                36.403145,49.964467,0
                36.39881,49.965391,0
                36.399958,49.967579,0
                36.396021,49.968635,0
                36.396954,49.970498,0
                36.392931,49.973934,0
                36.401577,49.97705,0
                36.402911,49.984807,0
                36.401849,49.985662,0
                36.402986,49.986269,0
                36.403506,49.986638,0
                36.403474,49.98759,0
                36.402975,49.987859,0
                36.403855,49.988335,0
                36.404516,49.991776,0
                36.403658,49.993714,0
                36.405117,49.994604,0
                36.408192,50.010281,0
                36.386883,50.026954,0
                36.360684,50.054476,0
                36.357368,50.050291,0
                36.350577,50.052947,0
                36.347009,50.05005,0
                36.345481,50.049165,0
                36.345084,50.048541,0
                36.342117,50.048682,0
                36.338555,50.047552,0
                36.337252,50.047229,0
                36.331281,50.046667,0
                36.32921,50.04625,0
                36.32714,50.045441,0
                36.32406,50.044604,0
                36.321469,50.044083,0
                36.317544,50.045264,0
                36.315226,50.046356,0
                36.314143,50.044271,0
                36.313306,50.043155,0
                36.310919,50.040493,0
                36.30887,50.035394,0
                36.307025,50.034278,0
                36.304857,50.03221,0
                36.302517,50.029394,0
              </coordinates>
            </LinearRing>
          </outerBoundaryIs>
        </Polygon>
      </Placemark>
      <Placemark>
        <name>Доставка
пл. Конституції 18 (РЕСТОРАН)</name>
        <description><![CDATA[Доставляємо за 60-90 хвилин, самовивіз протягом 40 хвилин<br>Безкоштовна доставка від 1199 грн, якщо замовлення 699-1198 грн – доставка 29 грн, 251-698 грн – доставка 89 грн, менше 250 грн – тільки самовивіз]]></description>
        <styleUrl>#poly-097138-2000-77</styleUrl>
        <Polygon>
          <outerBoundaryIs>
            <LinearRing>
              <tessellate>1</tessellate>
              <coordinates>
                36.304857,50.03221,0
                36.307025,50.034278,0
                36.30887,50.035394,0
                36.310919,50.040493,0
                36.313306,50.043155,0
                36.314143,50.044271,0
                36.315226,50.046356,0
                36.317544,50.045264,0
                36.321469,50.044083,0
                36.32406,50.044604,0
                36.32714,50.045441,0
                36.32921,50.04625,0
                36.331281,50.046667,0
                36.337252,50.047229,0
                36.338555,50.047552,0
                36.342117,50.048682,0
                36.345084,50.048541,0
                36.345481,50.049165,0
                36.347009,50.05005,0
                36.350577,50.052947,0
                36.357368,50.050291,0
                36.360684,50.054476,0
                36.356671,50.058791,0
                36.351918,50.062423,0
                36.329532,50.077367,0
                36.23653,50.070138,0
                36.218763,50.069642,0
                36.207605,50.074655,0
                36.201946,50.067371,0
                36.199028,50.06463,0
                36.18405,50.055152,0
                36.179716,50.053361,0
                36.147444,50.042944,0
                36.141521,50.039665,0
                36.137444,50.036357,0
                36.133711,50.032084,0
                36.130472,50.025382,0
                36.126892,49.977694,0
                36.127385,49.974519,0
                36.129402,49.967563,0
                36.129831,49.964361,0
                36.128766,49.955229,0
                36.129314,49.953786,0
                36.127609,49.953642,0
                36.127759,49.953083,0
                36.131643,49.948816,0
                36.13086,49.947546,0
                36.132727,49.945364,0
                36.132662,49.945026,0
                36.133526,49.940744,0
                36.129906,49.930875,0
                36.136198,49.928198,0
                36.136617,49.92739,0
                36.138284,49.927322,0
                36.142406,49.928294,0
                36.143635,49.925383,0
                36.146852,49.92405,0
                36.148472,49.923787,0
                36.149528,49.924401,0
                36.151836,49.926368,0
                36.162035,49.926423,0
                36.165661,49.926661,0
                36.167893,49.92654,0
                36.187938,49.926576,0
                36.187852,49.927142,0
                36.190664,49.930913,0
                36.192058,49.932349,0
                36.193689,49.93344,0
                36.196049,49.934863,0
                36.198963,49.936094,0
                36.20141,49.936688,0
                36.214601,49.947292,0
                36.228514,49.94253,0
                36.232355,49.946839,0
                36.240175,49.954006,0
                36.249917,49.957126,0
                36.256862,49.962622,0
                36.25867,49.963495,0
                36.258722,49.964347,0
                36.259281,49.967873,0
                36.261523,49.975691,0
                36.262226,49.97744,0
                36.265005,49.977022,0
                36.266969,49.983739,0
                36.267156,49.983714,0
                36.267934,49.986536,0
                36.273352,49.98596,0
                36.275375,49.984785,0
                36.285236,49.989051,0
                36.292639,49.992651,0
                36.303266,49.999506,0
                36.305411,50.00136,0
                36.314252,50.006716,0
                36.311108,50.007774,0
                36.303207,50.010438,0
                36.303207,50.0109,0
                36.298719,50.012806,0
                36.322279,50.028302,0
                36.318288,50.028909,0
                36.309834,50.029047,0
                36.302517,50.029394,0
                36.304857,50.03221,0
              </coordinates>
            </LinearRing>
          </outerBoundaryIs>
        </Polygon>
      </Placemark>
      <Placemark>
        <name>Жихор
Нові Будинки, Садовий проїзд 9</name>
        <description><![CDATA[Доставляємо 1.5-2 години<br>Безкоштовна доставка від 1499 грн, якщо замовлення від 999-1498 грн — доставка 89 грн, від 699-998 грн — доставка 200 грн, менше 699 грн — тільки самовивіз]]></description>
        <styleUrl>#poly-E65100-2000-77</styleUrl>
        <Polygon>
          <outerBoundaryIs>
            <LinearRing>
              <tessellate>1</tessellate>
              <coordinates>
                36.207151,49.912193,0
                36.209976,49.911924,0
                36.214787,49.911896,0
                36.224317,49.911965,0
                36.245936,49.913651,0
                36.251944,49.91381,0
                36.23397,49.940377,0
                36.228514,49.94253,0
                36.214601,49.947292,0
                36.20141,49.936688,0
                36.198963,49.936094,0
                36.199961,49.935313,0
                36.201317,49.934899,0
                36.20434,49.934466,0
                36.212302,49.931456,0
                36.212823,49.930689,0
                36.213341,49.930724,0
                36.214727,49.930492,0
                36.217796,49.929729,0
                36.220733,49.928444,0
                36.212701,49.918501,0
                36.210912,49.917036,0
                36.209806,49.91509,0
                36.208092,49.913138,0
                36.207151,49.912193,0
              </coordinates>
            </LinearRing>
          </outerBoundaryIs>
        </Polygon>
      </Placemark>
      <Placemark>
        <name>Лелюки,Борове,Пономаренки,Хроли
Нові Будинки, Садовий проїзд 9</name>
        <description><![CDATA[Доставляємо за 1.5-2 години .<br>Безкоштовна доставка від 1499 грн, якщо замовлення від 999-1498 грн — доставка 89 грн, від 699-998 грн — доставка 200 грн, менше 699 грн — тільки самовивіз]]></description>
        <styleUrl>#poly-E65100-2000-77</styleUrl>
        <Polygon>
          <outerBoundaryIs>
            <LinearRing>
              <tessellate>1</tessellate>
              <coordinates>
                36.382757,49.929603,0
                36.380515,49.92981,0
                36.377618,49.930307,0
                36.375167,49.928695,0
                36.373362,49.929736,0
                36.372686,49.929242,0
                36.372322,49.929166,0
                36.371021,49.928319,0
                36.36858,49.928008,0
                36.366148,49.927159,0
                36.361969,49.924631,0
                36.35581,49.921806,0
                36.352474,49.919616,0
                36.354276,49.918532,0
                36.354732,49.91791,0
                36.347179,49.911941,0
                36.342716,49.901107,0
                36.349239,49.897789,0
                36.35668,49.89947,0
                36.360886,49.899159,0
                36.361503,49.899366,0
                36.36447,49.899864,0
                36.366492,49.900482,0
                36.366937,49.900721,0
                36.367629,49.900603,0
                36.368493,49.900748,0
                36.369308,49.90109,0
                36.404734,49.910366,0
                36.398187,49.915206,0
                36.393249,49.920962,0
                36.393303,49.922917,0
                36.384784,49.925321,0
                36.38177,49.924872,0
                36.380611,49.925411,0
                36.382757,49.929603,0
              </coordinates>
            </LinearRing>
          </outerBoundaryIs>
        </Polygon>
      </Placemark>
      <Placemark>
        <name>Безлюдівка,Підборівка.Мовчани
Нові Будинки, Садовий проїзд 9</name>
        <description><![CDATA[Доставляємо 1.5-2 години<br>Безкоштовна доставка від 1499 грн, якщо замовлення від 999-1498 грн — доставка 89 грн, від 699-998 грн — доставка 200 грн, менше 699 грн — тільки самовивіз]]></description>
        <styleUrl>#poly-E65100-2000-77</styleUrl>
        <Polygon>
          <outerBoundaryIs>
            <LinearRing>
              <tessellate>1</tessellate>
              <coordinates>
                36.323479,49.905544,0
                36.306965,49.916914,0
                36.302845,49.924651,0
                36.296282,49.922036,0
                36.292859,49.92082,0
                36.290992,49.920295,0
                36.285667,49.918086,0
                36.286411,49.91586,0
                36.287623,49.914706,0
                36.284276,49.913739,0
                36.28507,49.912765,0
                36.284294,49.911453,0
                36.283128,49.910946,0
                36.274509,49.908745,0
                36.269685,49.910255,0
                36.271658,49.911742,0
                36.260575,49.912066,0
                36.251944,49.91381,0
                36.25042,49.884586,0
                36.249626,49.883556,0
                36.25031,49.882365,0
                36.251182,49.879298,0
                36.253006,49.876608,0
                36.259577,49.876729,0
                36.260462,49.876279,0
                36.264046,49.874136,0
                36.267115,49.874247,0
                36.267973,49.874406,0
                36.268906,49.874841,0
                36.272836,49.875224,0
                36.275057,49.873578,0
                36.276333,49.872348,0
                36.276162,49.870702,0
                36.274381,49.869658,0
                36.273244,49.867113,0
                36.273898,49.866974,0
                36.274499,49.866767,0
                36.275724,49.864552,0
                36.27732,49.864395,0
                36.284764,49.866335,0
                36.29206,49.861024,0
                36.294648,49.862355,0
                36.296117,49.863344,0
                36.326816,49.879225,0
                36.323479,49.905544,0
              </coordinates>
            </LinearRing>
          </outerBoundaryIs>
        </Polygon>
      </Placemark>
    </Folder>
    <Folder>
      <name>Київ </name>
      <Placemark>
        <name>вул. Авіаконструктора Антонова, 43</name>
        <styleUrl>#icon-1899-0288D1-nodesc</styleUrl>
        <Point>
          <coordinates>
            30.450006,50.432431,0
          </coordinates>
        </Point>
      </Placemark>
      <Placemark>
        <name>вул. Михайла Драгоманова, 38</name>
        <styleUrl>#icon-1899-880E4F-nodesc</styleUrl>
        <Point>
          <coordinates>
            30.637741,50.406862,0
          </coordinates>
        </Point>
      </Placemark>
      <Placemark>
        <name>Січових Стрільців, 26 (зона підвищеного часу)</name>
        <description><![CDATA[Доставляємо за 1.5-2 години<br>самовивіз протягом 40 хвилин<br>Безкоштовна доставка – 1199 грн, якщо замовлення від 251-698 грн – доставка 89, від 699 до 1199 - доставка 29 грн, менше 250 грн – тільки самовивіз]]></description>
        <styleUrl>#poly-1A237E-2000-77</styleUrl>
        <Polygon>
          <outerBoundaryIs>
            <LinearRing>
              <tessellate>1</tessellate>
              <coordinates>
                30.40592,50.491323,0
                30.417595,50.491952,0
                30.4414,50.493711,0
                30.442751,50.492959,0
                30.445417,50.493176,0
                30.447782,50.493939,0
                30.449946,50.49475,0
                30.45234,50.495611,0
                30.453541,50.496376,0
                30.454142,50.49665,0
                30.456282,50.49707,0
                30.457277,50.497268,0
                30.457974,50.497484,0
                30.458796,50.497739,0
                30.460384,50.498321,0
                30.461858,50.498894,0
                30.465282,50.499821,0
                30.469432,50.50022,0
                30.473141,50.500278,0
                30.470621,50.502957,0
                30.468834,50.504671,0
                30.468758,50.50579,0
                30.468876,50.507113,0
                30.468821,50.507652,0
                30.46881,50.507972,0
                30.468831,50.508422,0
                30.468815,50.508773,0
                30.468766,50.509254,0
                30.468787,50.509698,0
                30.468795,50.510412,0
                30.468798,50.51124,0
                30.46881,50.51152,0
                30.468748,50.511788,0
                30.468754,50.512126,0
                30.468753,50.512683,0
                30.468725,50.512933,0
                30.468744,50.513567,0
                30.46883,50.513859,0
                30.468834,50.514287,0
                30.468774,50.515047,0
                30.468796,50.515707,0
                30.468803,50.516639,0
                30.468811,50.51729,0
                30.46883,50.517868,0
                30.483678,50.517734,0
                30.489681,50.517974,0
                30.494214,50.522497,0
                30.49528,50.522733,0
                30.502627,50.522701,0
                30.50822,50.522644,0
                30.511017,50.522595,0
                30.512694,50.522693,0
                30.513814,50.522941,0
                30.51583,50.524684,0
                30.516313,50.525222,0
                30.516455,50.525344,0
                30.51767,50.525343,0
                30.521249,50.525332,0
                30.519899,50.52764,0
                30.518882,50.529343,0
                30.499218,50.529722,0
                30.479898,50.529691,0
                30.459925,50.530284,0
                30.431139,50.526016,0
                30.420482,50.523058,0
                30.407644,50.52192,0
                30.405534,50.520945,0
                30.396148,50.50929,0
                30.395038,50.505714,0
                30.40324,50.496227,0
                30.403322,50.491345,0
                30.40592,50.491323,0
              </coordinates>
            </LinearRing>
          </outerBoundaryIs>
        </Polygon>
      </Placemark>
      <Placemark>
        <name>[Солом’янський] Авіаконструктора Антонова 43 (правий берег)</name>
        <description><![CDATA[Доставляємо за 60-90 хвилин, самовивіз протягом 40 хвилин<br>Безкоштовна доставка – 1199 грн, якщо замовлення від 251-698 грн – доставка 89, від 699 до 1199 - доставка 29  грн, менше 250 грн – тільки самовивіз]]></description>
        <styleUrl>#poly-9C27B0-2000-77</styleUrl>
        <Polygon>
          <outerBoundaryIs>
            <LinearRing>
              <tessellate>1</tessellate>
              <coordinates>
                30.367602,50.436732,0
                30.374148,50.425946,0
                30.377179,50.423359,0
                30.380896,50.4211,0
                30.389018,50.417128,0
                30.393101,50.416046,0
                30.39448,50.415428,0
                30.395091,50.414739,0
                30.395719,50.413428,0
                30.396389,50.412321,0
                30.398417,50.410545,0
                30.400438,50.409329,0
                30.402867,50.408414,0
                30.404495,50.408055,0
                30.406122,50.407833,0
                30.409377,50.407991,0
                30.409658,50.407641,0
                30.409574,50.40684,0
                30.408827,50.405757,0
                30.413069,50.403969,0
                30.415297,50.403,0
                30.415722,50.402578,0
                30.416881,50.401404,0
                30.417772,50.400626,0
                30.419059,50.399289,0
                30.419439,50.399063,0
                30.421576,50.400308,0
                30.422178,50.400267,0
                30.421886,50.400254,0
                30.424536,50.400002,0
                30.42577,50.399338,0
                30.424324,50.398674,0
                30.422706,50.398242,0
                30.42888,50.395618,0
                30.429022,50.395396,0
                30.429614,50.39505,0
                30.430584,50.39455,0
                30.432501,50.393714,0
                30.433325,50.394611,0
                30.43432,50.394325,0
                30.435888,50.393663,0
                30.437457,50.392755,0
                30.440629,50.394241,0
                30.440723,50.394297,0
                30.443241,50.393117,0
                30.444583,50.392055,0
                30.445157,50.392166,0
                30.445444,50.392204,0
                30.445525,50.392236,0
                30.446473,50.390582,0
                30.447121,50.389899,0
                30.448352,50.389367,0
                30.450043,50.387825,0
                30.449675,50.386366,0
                30.453836,50.384207,0
                30.451732,50.383012,0
                30.455113,50.380542,0
                30.459063,50.38284,0
                30.468305,50.377488,0
                30.483363,50.383676,0
                30.498994,50.389895,0
                30.502374,50.391163,0
                30.505656,50.392725,0
                30.515775,50.403221,0
                30.517675,50.407325,0
                30.517634,50.410504,0
                30.515468,50.412996,0
                30.514846,50.413231,0
                30.514116,50.413237,0
                30.51356,50.413281,0
                30.513317,50.413229,0
                30.512939,50.41329,0
                30.512289,50.41331,0
                30.511926,50.413316,0
                30.511677,50.413239,0
                30.511462,50.413264,0
                30.51109,50.41332,0
                30.510553,50.413414,0
                30.510104,50.413633,0
                30.508001,50.415288,0
                30.503377,50.413984,0
                30.499096,50.414431,0
                30.498516,50.417868,0
                30.499996,50.421196,0
                30.502613,50.42248,0
                30.503901,50.422206,0
                30.50506,50.425206,0
                30.503989,50.426291,0
                30.505322,50.426658,0
                30.500937,50.430404,0
                30.493385,50.434346,0
                30.491197,50.437191,0
                30.488965,50.437358,0
                30.48818,50.437844,0
                30.486778,50.438527,0
                30.484676,50.439806,0
                30.482835,50.441072,0
                30.482464,50.4413,0
                30.481998,50.441539,0
                30.480265,50.442104,0
                30.481863,50.446834,0
                30.482197,50.44778,0
                30.48253,50.448672,0
                30.480341,50.44902,0
                30.471384,50.450449,0
                30.465044,50.451406,0
                30.454851,50.453128,0
                30.439125,50.455692,0
                30.428032,50.457544,0
                30.422944,50.459285,0
                30.422976,50.459392,0
                30.423223,50.459455,0
                30.423029,50.459748,0
                30.423074,50.45985,0
                30.423172,50.45991,0
                30.423154,50.460058,0
                30.423073,50.460168,0
                30.422794,50.460196,0
                30.422987,50.460471,0
                30.423062,50.460808,0
                30.423062,50.461141,0
                30.422912,50.461228,0
                30.422429,50.461558,0
                30.421892,50.464794,0
                30.409896,50.462732,0
                30.405959,50.462684,0
                30.405969,50.464221,0
                30.396272,50.464494,0
                30.396078,50.458129,0
                30.387667,50.457556,0
                30.389727,50.443851,0
                30.384232,50.44228,0
                30.37949,50.440122,0
                30.367602,50.436732,0
              </coordinates>
            </LinearRing>
          </outerBoundaryIs>
        </Polygon>
      </Placemark>
      <Placemark>
        <name>[Позняки] вул.Драгоманова 38 (лівий берег)</name>
        <description><![CDATA[Доставляємо за 60-90 хвилин, самовивіз протягом 40 хвилин<br>Безкоштовна доставка – 1199 грн, якщо замовлення від 251-698 грн – доставка 89, від 699 до 1199 - доставка 29 грн, менше 250 грн – тільки самовивіз]]></description>
        <styleUrl>#poly-817717-2000-77</styleUrl>
        <Polygon>
          <outerBoundaryIs>
            <LinearRing>
              <tessellate>1</tessellate>
              <coordinates>
                30.595411,50.381308,0
                30.623404,50.384521,0
                30.625979,50.385342,0
                30.62788,50.384642,0
                30.653525,50.38747,0
                30.65432,50.388214,0
                30.65741,50.383452,0
                30.668225,50.388104,0
                30.670027,50.386627,0
                30.679383,50.390567,0
                30.67758,50.391716,0
                30.688395,50.399157,0
                30.684885,50.402331,0
                30.684627,50.40333,0
                30.69115,50.407446,0
                30.695207,50.408942,0
                30.693895,50.410146,0
                30.693625,50.410078,0
                30.681871,50.417179,0
                30.686596,50.41963,0
                30.692841,50.424094,0
                30.681918,50.426275,0
                30.679498,50.426516,0
                30.678506,50.426569,0
                30.678334,50.426815,0
                30.677174,50.425133,0
                30.677601,50.426432,0
                30.677942,50.426747,0
                30.651053,50.431539,0
                30.650366,50.434164,0
                30.64881,50.436726,0
                30.650946,50.43814,0
                30.646181,50.441511,0
                30.642232,50.44225,0
                30.629729,50.460431,0
                30.619513,50.457548,0
                30.606162,50.454001,0
                30.598995,50.451692,0
                30.589919,50.449109,0
                30.593352,50.417536,0
                30.5967,50.41234,0
                30.603325,50.40856,0
                30.61246,50.406145,0
                30.61452,50.403191,0
                30.599113,50.402808,0
                30.604306,50.399197,0
                30.603338,50.397364,0
                30.600677,50.397036,0
                30.599488,50.385686,0
                30.595411,50.381308,0
              </coordinates>
            </LinearRing>
          </outerBoundaryIs>
        </Polygon>
      </Placemark>
      <Placemark>
        <name>вул. Січових Стрільців, 26</name>
        <styleUrl>#icon-1899-FF5252-nodesc</styleUrl>
        <Point>
          <coordinates>
            30.49902,50.456563,0
          </coordinates>
        </Point>
      </Placemark>
      <Placemark>
        <name><![CDATA[[Лук'янівка] вул.Січових Стрільців 26 (правий берег)]]></name>
        <description><![CDATA[Доставляємо за 60-90 хвилин, самовивіз протягом 40 хвилин<br>Безкоштовна доставка – 1199 грн, якщо замовлення від 251-698 грн – доставка 89, від 699 до 1199 - доставка 29 грн, менше 250 грн – тільки самовивіз]]></description>
        <styleUrl>#poly-006064-2000-77</styleUrl>
        <Polygon>
          <outerBoundaryIs>
            <LinearRing>
              <tessellate>1</tessellate>
              <coordinates>
                30.517705,50.40737,0
                30.520011,50.407817,0
                30.5219,50.40847,0
                30.524474,50.409786,0
                30.528509,50.411701,0
                30.532355,50.412876,0
                30.535117,50.413697,0
                30.536904,50.41435,0
                30.538894,50.415191,0
                30.54112,50.416316,0
                30.543813,50.417679,0
                30.545323,50.418498,0
                30.545735,50.419047,0
                30.546323,50.419252,0
                30.547705,50.419995,0
                30.547971,50.419757,0
                30.552627,50.422065,0
                30.554076,50.422604,0
                30.555632,50.423094,0
                30.558851,50.423924,0
                30.561114,50.424495,0
                30.563527,50.42458,0
                30.565566,50.424648,0
                30.56752,50.42499,0
                30.56722,50.426794,0
                30.566554,50.42784,0
                30.566532,50.428257,0
                30.566554,50.428599,0
                30.566383,50.429269,0
                30.565995,50.429856,0
                30.565759,50.430868,0
                30.565439,50.431894,0
                30.564901,50.432659,0
                30.56445,50.434231,0
                30.562821,50.436308,0
                30.560652,50.438563,0
                30.559912,50.439486,0
                30.559001,50.440791,0
                30.557692,50.442158,0
                30.552885,50.445273,0
                30.551039,50.446544,0
                30.548959,50.447665,0
                30.539345,50.452282,0
                30.535654,50.453758,0
                30.532865,50.454536,0
                30.530763,50.455861,0
                30.528101,50.456258,0
                30.527629,50.457064,0
                30.525697,50.458621,0
                30.524561,50.459386,0
                30.526599,50.460506,0
                30.525741,50.463347,0
                30.525075,50.466339,0
                30.524561,50.468114,0
                30.527457,50.46948,0
                30.53207,50.473332,0
                30.53619,50.477456,0
                30.53795,50.481681,0
                30.537918,50.483986,0
                30.535977,50.485512,0
                30.534399,50.486017,0
                30.53258,50.485915,0
                30.530375,50.485881,0
                30.524585,50.487573,0
                30.526132,50.491114,0
                30.528525,50.491594,0
                30.527404,50.492236,0
                30.52682,50.492592,0
                30.528389,50.494855,0
                30.527108,50.496531,0
                30.525397,50.498207,0
                30.524808,50.499485,0
                30.523769,50.500824,0
                30.522386,50.501672,0
                30.518126,50.501861,0
                30.516419,50.503088,0
                30.513892,50.505796,0
                30.512245,50.512257,0
                30.518337,50.517097,0
                30.522006,50.520663,0
                30.52273,50.521814,0
                30.522681,50.523128,0
                30.52127,50.525275,0
                30.518842,50.525301,0
                30.516556,50.5253,0
                30.515075,50.52381,0
                30.513781,50.52282,0
                30.511809,50.522449,0
                30.509034,50.522519,0
                30.505895,50.522545,0
                30.500842,50.522578,0
                30.494936,50.522487,0
                30.494455,50.522238,0
                30.492695,50.520696,0
                30.491429,50.519454,0
                30.489798,50.517761,0
                30.484497,50.517568,0
                30.482222,50.517578,0
                30.477308,50.517655,0
                30.471422,50.517719,0
                30.469034,50.517769,0
                30.468891,50.512665,0
                30.469048,50.50793,0
                30.469028,50.504797,0
                30.473417,50.500187,0
                30.469566,50.500108,0
                30.466096,50.499491,0
                30.462544,50.498776,0
                30.459218,50.497781,0
                30.456168,50.496884,0
                30.453658,50.496039,0
                30.450765,50.49472,0
                30.447897,50.493611,0
                30.442915,50.491628,0
                30.438665,50.488843,0
                30.435919,50.487041,0
                30.431199,50.481907,0
                30.429567,50.476827,0
                30.424197,50.47033,0
                30.422115,50.468459,0
                30.421966,50.464853,0
                30.422643,50.461614,0
                30.423136,50.46122,0
                30.423035,50.460428,0
                30.422896,50.460284,0
                30.423102,50.46029,0
                30.423239,50.459941,0
                30.423086,50.45984,0
                30.423401,50.459394,0
                30.423019,50.459344,0
                30.428106,50.457603,0
                30.439199,50.455751,0
                30.444508,50.454899,0
                30.450847,50.453829,0
                30.465118,50.451465,0
                30.473732,50.450112,0
                30.478176,50.44944,0
                30.47929,50.449227,0
                30.480387,50.449065,0
                30.482604,50.448731,0
                30.482414,50.448178,0
                30.480295,50.442149,0
                30.482266,50.441474,0
                30.483401,50.440812,0
                30.485603,50.439302,0
                30.489017,50.437417,0
                30.490123,50.437334,0
                30.491249,50.43725,0
                30.493415,50.434391,0
                30.500967,50.430449,0
                30.505487,50.426597,0
                30.504146,50.426283,0
                30.505144,50.425285,0
                30.503931,50.422128,0
                30.502601,50.422423,0
                30.501621,50.421924,0
                30.49989,50.420934,0
                30.498547,50.417913,0
                30.499127,50.414476,0
                30.503407,50.414029,0
                30.508031,50.415333,0
                30.509982,50.413802,0
                30.510179,50.413628,0
                30.510516,50.413471,0
                30.511678,50.413261,0
                30.511907,50.413335,0
                30.513081,50.413327,0
                30.514295,50.413284,0
                30.514849,50.413248,0
                30.515499,50.413041,0
                30.517665,50.410549,0
                30.517705,50.40737,0
              </coordinates>
            </LinearRing>
          </outerBoundaryIs>
        </Polygon>
      </Placemark>
      <Placemark>
        <name>вул. Миколи Лаврухіна, 12</name>
        <styleUrl>#icon-1899-673AB7-nodesc</styleUrl>
        <Point>
          <coordinates>
            30.597856,50.517703,0
          </coordinates>
        </Point>
      </Placemark>
      <Placemark>
        <name>[Троєщина] вул.Миколи Лаврухіна 12 (лівий берег)</name>
        <description><![CDATA[Доставляємо за 60-90 хвилин, самовивіз протягом 40 хвилин<br>Безкоштовна доставка – 1199 грн, якщо замовлення від 251-698 грн – доставка 89, від 699 до 1199 - доставка 29 грн, менше 250 грн – тільки самовивіз]]></description>
        <styleUrl>#poly-000000-2000-77</styleUrl>
        <Polygon>
          <outerBoundaryIs>
            <LinearRing>
              <tessellate>1</tessellate>
              <coordinates>
                30.600473,50.456078,0
                30.601245,50.45534,0
                30.60176,50.454384,0
                30.602576,50.453646,0
                30.604721,50.453728,0
                30.615236,50.456734,0
                30.624634,50.45922,0
                30.630857,50.460942,0
                30.638496,50.462908,0
                30.646585,50.46519,0
                30.646499,50.4653,0
                30.645435,50.466804,0
                30.643333,50.469672,0
                30.641745,50.472022,0
                30.641058,50.472896,0
                30.637839,50.477428,0
                30.635786,50.479942,0
                30.634762,50.482454,0
                30.644718,50.485294,0
                30.640972,50.487532,0
                30.639213,50.488324,0
                30.636037,50.488898,0
                30.63269,50.48898,0
                30.627583,50.48827,0
                30.626724,50.486658,0
                30.625437,50.484966,0
                30.624836,50.484228,0
                30.624814,50.483928,0
                30.623785,50.482468,0
                30.615545,50.48147,0
                30.61224,50.486496,0
                30.614686,50.488106,0
                30.616704,50.491438,0
                30.618935,50.495068,0
                30.62121,50.498562,0
                30.623785,50.502712,0
                30.62902,50.506342,0
                30.634943,50.50656,0
                30.645409,50.5077,0
                30.651472,50.513638,0
                30.658553,50.518576,0
                30.660828,50.52125,0
                30.661857,50.528154,0
                30.661428,50.532164,0
                30.637396,50.532736,0
                30.623277,50.531918,0
                30.616968,50.532164,0
                30.61671,50.533254,0
                30.609286,50.5344,0
                30.60459,50.535304,0
                30.602208,50.535234,0
                30.599845,50.535068,0
                30.597436,50.534912,0
                30.593622,50.5341,0
                30.590532,50.533608,0
                30.5827,50.534086,0
                30.572572,50.534386,0
                30.57137,50.534222,0
                30.572229,50.530212,0
                30.572701,50.52713,0
                30.571499,50.52522,0
                30.568152,50.523802,0
                30.56798,50.522274,0
                30.568753,50.520254,0
                30.568667,50.518918,0
                30.567766,50.516352,0
                30.56768,50.513624,0
                30.567036,50.512614,0
                30.567294,50.51073,0
                30.57137,50.510348,0
                30.572615,50.510676,0
                30.575104,50.50833,0
                30.577679,50.50489,0
                30.576821,50.504508,0
                30.576177,50.502624,0
                30.574761,50.500578,0
                30.569396,50.498394,0
                30.564075,50.4958,0
                30.562653,50.496171,0
                30.561917,50.497088,0
                30.561578,50.498113,0
                30.558623,50.498742,0
                30.557257,50.497583,0
                30.556758,50.497097,0
                30.55635,50.49681,0
                30.556329,50.496442,0
                30.556064,50.49576,0
                30.555877,50.494784,0
                30.556361,50.493237,0
                30.556459,50.492236,0
                30.557413,50.490755,0
                30.557976,50.489851,0
                30.55974,50.489712,0
                30.560599,50.491104,0
                30.56253,50.493124,0
                30.565706,50.494462,0
                30.568066,50.493998,0
                30.569396,50.49378,0
                30.570898,50.493452,0
                30.571113,50.490722,0
                30.57205,50.4912,0
                30.573122,50.49163,0
                30.573788,50.49161,0
                30.573788,50.489418,0
                30.573873,50.487896,0
                30.573884,50.485786,0
                30.573884,50.48449,0
                30.573755,50.483862,0
                30.574281,50.483308,0
                30.575139,50.482654,0
                30.578315,50.481506,0
                30.58089,50.479266,0
                30.586255,50.474898,0
                30.588357,50.470472,0
                30.591962,50.466538,0
                30.595395,50.462606,0
                30.598056,50.459054,0
                30.600473,50.456078,0
              </coordinates>
            </LinearRing>
          </outerBoundaryIs>
        </Polygon>
      </Placemark>
    </Folder>
  </Document>
</kml>
