<?xml version="1.0" encoding="UTF-8"?>
<kml xmlns="http://www.opengis.net/kml/2.2">
  <Document>
    <name>Мерефа / Берестин / Чугуев</name>
    <description/>
    <Style id="icon-1577-DB4436-normal">
      <IconStyle>
        <color>ff3644db</color>
        <scale>1</scale>
        <Icon>
          <href>https://www.gstatic.com/mapspro/images/stock/503-wht-blank_maps.png</href>
        </Icon>
      </IconStyle>
      <LabelStyle>
        <scale>0</scale>
      </LabelStyle>
    </Style>
    <Style id="icon-1577-DB4436-highlight">
      <IconStyle>
        <color>ff3644db</color>
        <scale>1</scale>
        <Icon>
          <href>https://www.gstatic.com/mapspro/images/stock/503-wht-blank_maps.png</href>
        </Icon>
      </IconStyle>
      <LabelStyle>
        <scale>1</scale>
      </LabelStyle>
    </Style>
    <StyleMap id="icon-1577-DB4436">
      <Pair>
        <key>normal</key>
        <styleUrl>#icon-1577-DB4436-normal</styleUrl>
      </Pair>
      <Pair>
        <key>highlight</key>
        <styleUrl>#icon-1577-DB4436-highlight</styleUrl>
      </Pair>
    </StyleMap>
    <Style id="line-000000-2000-nodesc-normal">
      <LineStyle>
        <color>ff000000</color>
        <width>2</width>
      </LineStyle>
      <BalloonStyle>
        <text><![CDATA[<h3>$[name]</h3>]]></text>
      </BalloonStyle>
    </Style>
    <Style id="line-000000-2000-nodesc-highlight">
      <LineStyle>
        <color>ff000000</color>
        <width>3</width>
      </LineStyle>
      <BalloonStyle>
        <text><![CDATA[<h3>$[name]</h3>]]></text>
      </BalloonStyle>
    </Style>
    <StyleMap id="line-000000-2000-nodesc">
      <Pair>
        <key>normal</key>
        <styleUrl>#line-000000-2000-nodesc-normal</styleUrl>
      </Pair>
      <Pair>
        <key>highlight</key>
        <styleUrl>#line-000000-2000-nodesc-highlight</styleUrl>
      </Pair>
    </StyleMap>
    <Style id="poly-000000-1200-77-normal">
      <LineStyle>
        <color>ff000000</color>
        <width>1.2</width>
      </LineStyle>
      <PolyStyle>
        <color>4d000000</color>
        <fill>1</fill>
        <outline>1</outline>
      </PolyStyle>
    </Style>
    <Style id="poly-000000-1200-77-highlight">
      <LineStyle>
        <color>ff000000</color>
        <width>1.8</width>
      </LineStyle>
      <PolyStyle>
        <color>4d000000</color>
        <fill>1</fill>
        <outline>1</outline>
      </PolyStyle>
    </Style>
    <StyleMap id="poly-000000-1200-77">
      <Pair>
        <key>normal</key>
        <styleUrl>#poly-000000-1200-77-normal</styleUrl>
      </Pair>
      <Pair>
        <key>highlight</key>
        <styleUrl>#poly-000000-1200-77-highlight</styleUrl>
      </Pair>
    </StyleMap>
    <Style id="poly-000000-2000-77-normal">
      <LineStyle>
        <color>ff000000</color>
        <width>2</width>
      </LineStyle>
      <PolyStyle>
        <color>4d000000</color>
        <fill>1</fill>
        <outline>1</outline>
      </PolyStyle>
    </Style>
    <Style id="poly-000000-2000-77-highlight">
      <LineStyle>
        <color>ff000000</color>
        <width>3</width>
      </LineStyle>
      <PolyStyle>
        <color>4d000000</color>
        <fill>1</fill>
        <outline>1</outline>
      </PolyStyle>
    </Style>
    <StyleMap id="poly-000000-2000-77">
      <Pair>
        <key>normal</key>
        <styleUrl>#poly-000000-2000-77-normal</styleUrl>
      </Pair>
      <Pair>
        <key>highlight</key>
        <styleUrl>#poly-000000-2000-77-highlight</styleUrl>
      </Pair>
    </StyleMap>
    <Style id="poly-000000-2301-77-normal">
      <LineStyle>
        <color>ff000000</color>
        <width>2.301</width>
      </LineStyle>
      <PolyStyle>
        <color>4d000000</color>
        <fill>1</fill>
        <outline>1</outline>
      </PolyStyle>
    </Style>
    <Style id="poly-000000-2301-77-highlight">
      <LineStyle>
        <color>ff000000</color>
        <width>3.4515</width>
      </LineStyle>
      <PolyStyle>
        <color>4d000000</color>
        <fill>1</fill>
        <outline>1</outline>
      </PolyStyle>
    </Style>
    <StyleMap id="poly-000000-2301-77">
      <Pair>
        <key>normal</key>
        <styleUrl>#poly-000000-2301-77-normal</styleUrl>
      </Pair>
      <Pair>
        <key>highlight</key>
        <styleUrl>#poly-000000-2301-77-highlight</styleUrl>
      </Pair>
    </StyleMap>
    <Style id="poly-0097A7-2301-77-normal">
      <LineStyle>
        <color>ffa79700</color>
        <width>2.301</width>
      </LineStyle>
      <PolyStyle>
        <color>4da79700</color>
        <fill>1</fill>
        <outline>1</outline>
      </PolyStyle>
    </Style>
    <Style id="poly-0097A7-2301-77-highlight">
      <LineStyle>
        <color>ffa79700</color>
        <width>3.4515</width>
      </LineStyle>
      <PolyStyle>
        <color>4da79700</color>
        <fill>1</fill>
        <outline>1</outline>
      </PolyStyle>
    </Style>
    <StyleMap id="poly-0097A7-2301-77">
      <Pair>
        <key>normal</key>
        <styleUrl>#poly-0097A7-2301-77-normal</styleUrl>
      </Pair>
      <Pair>
        <key>highlight</key>
        <styleUrl>#poly-0097A7-2301-77-highlight</styleUrl>
      </Pair>
    </StyleMap>
    <Style id="poly-01579B-1200-77-normal">
      <LineStyle>
        <color>ff9b5701</color>
        <width>1.2</width>
      </LineStyle>
      <PolyStyle>
        <color>4d9b5701</color>
        <fill>1</fill>
        <outline>1</outline>
      </PolyStyle>
    </Style>
    <Style id="poly-01579B-1200-77-highlight">
      <LineStyle>
        <color>ff9b5701</color>
        <width>1.8</width>
      </LineStyle>
      <PolyStyle>
        <color>4d9b5701</color>
        <fill>1</fill>
        <outline>1</outline>
      </PolyStyle>
    </Style>
    <StyleMap id="poly-01579B-1200-77">
      <Pair>
        <key>normal</key>
        <styleUrl>#poly-01579B-1200-77-normal</styleUrl>
      </Pair>
      <Pair>
        <key>highlight</key>
        <styleUrl>#poly-01579B-1200-77-highlight</styleUrl>
      </Pair>
    </StyleMap>
    <Style id="poly-01579B-2000-77-normal">
      <LineStyle>
        <color>ff9b5701</color>
        <width>2</width>
      </LineStyle>
      <PolyStyle>
        <color>4d9b5701</color>
        <fill>1</fill>
        <outline>1</outline>
      </PolyStyle>
    </Style>
    <Style id="poly-01579B-2000-77-highlight">
      <LineStyle>
        <color>ff9b5701</color>
        <width>3</width>
      </LineStyle>
      <PolyStyle>
        <color>4d9b5701</color>
        <fill>1</fill>
        <outline>1</outline>
      </PolyStyle>
    </Style>
    <StyleMap id="poly-01579B-2000-77">
      <Pair>
        <key>normal</key>
        <styleUrl>#poly-01579B-2000-77-normal</styleUrl>
      </Pair>
      <Pair>
        <key>highlight</key>
        <styleUrl>#poly-01579B-2000-77-highlight</styleUrl>
      </Pair>
    </StyleMap>
    <Style id="poly-0288D1-1200-102-normal">
      <LineStyle>
        <color>ffd18802</color>
        <width>1.2</width>
      </LineStyle>
      <PolyStyle>
        <color>66d18802</color>
        <fill>1</fill>
        <outline>1</outline>
      </PolyStyle>
    </Style>
    <Style id="poly-0288D1-1200-102-highlight">
      <LineStyle>
        <color>ffd18802</color>
        <width>1.8</width>
      </LineStyle>
      <PolyStyle>
        <color>66d18802</color>
        <fill>1</fill>
        <outline>1</outline>
      </PolyStyle>
    </Style>
    <StyleMap id="poly-0288D1-1200-102">
      <Pair>
        <key>normal</key>
        <styleUrl>#poly-0288D1-1200-102-normal</styleUrl>
      </Pair>
      <Pair>
        <key>highlight</key>
        <styleUrl>#poly-0288D1-1200-102-highlight</styleUrl>
      </Pair>
    </StyleMap>
    <Style id="poly-0288D1-1200-89-normal">
      <LineStyle>
        <color>ffd18802</color>
        <width>1.2</width>
      </LineStyle>
      <PolyStyle>
        <color>59d18802</color>
        <fill>1</fill>
        <outline>1</outline>
      </PolyStyle>
    </Style>
    <Style id="poly-0288D1-1200-89-highlight">
      <LineStyle>
        <color>ffd18802</color>
        <width>1.8</width>
      </LineStyle>
      <PolyStyle>
        <color>59d18802</color>
        <fill>1</fill>
        <outline>1</outline>
      </PolyStyle>
    </Style>
    <StyleMap id="poly-0288D1-1200-89">
      <Pair>
        <key>normal</key>
        <styleUrl>#poly-0288D1-1200-89-normal</styleUrl>
      </Pair>
      <Pair>
        <key>highlight</key>
        <styleUrl>#poly-0288D1-1200-89-highlight</styleUrl>
      </Pair>
    </StyleMap>
    <Style id="poly-0288D1-2601-77-normal">
      <LineStyle>
        <color>ffd18802</color>
        <width>2.601</width>
      </LineStyle>
      <PolyStyle>
        <color>4dd18802</color>
        <fill>1</fill>
        <outline>1</outline>
      </PolyStyle>
    </Style>
    <Style id="poly-0288D1-2601-77-highlight">
      <LineStyle>
        <color>ffd18802</color>
        <width>3.9015</width>
      </LineStyle>
      <PolyStyle>
        <color>4dd18802</color>
        <fill>1</fill>
        <outline>1</outline>
      </PolyStyle>
    </Style>
    <StyleMap id="poly-0288D1-2601-77">
      <Pair>
        <key>normal</key>
        <styleUrl>#poly-0288D1-2601-77-normal</styleUrl>
      </Pair>
      <Pair>
        <key>highlight</key>
        <styleUrl>#poly-0288D1-2601-77-highlight</styleUrl>
      </Pair>
    </StyleMap>
    <Style id="poly-097138-1200-77-normal">
      <LineStyle>
        <color>ff387109</color>
        <width>1.2</width>
      </LineStyle>
      <PolyStyle>
        <color>4d387109</color>
        <fill>1</fill>
        <outline>1</outline>
      </PolyStyle>
    </Style>
    <Style id="poly-097138-1200-77-highlight">
      <LineStyle>
        <color>ff387109</color>
        <width>1.8</width>
      </LineStyle>
      <PolyStyle>
        <color>4d387109</color>
        <fill>1</fill>
        <outline>1</outline>
      </PolyStyle>
    </Style>
    <StyleMap id="poly-097138-1200-77">
      <Pair>
        <key>normal</key>
        <styleUrl>#poly-097138-1200-77-normal</styleUrl>
      </Pair>
      <Pair>
        <key>highlight</key>
        <styleUrl>#poly-097138-1200-77-highlight</styleUrl>
      </Pair>
    </StyleMap>
    <Style id="poly-097138-2000-77-normal">
      <LineStyle>
        <color>ff387109</color>
        <width>2</width>
      </LineStyle>
      <PolyStyle>
        <color>4d387109</color>
        <fill>1</fill>
        <outline>1</outline>
      </PolyStyle>
    </Style>
    <Style id="poly-097138-2000-77-highlight">
      <LineStyle>
        <color>ff387109</color>
        <width>3</width>
      </LineStyle>
      <PolyStyle>
        <color>4d387109</color>
        <fill>1</fill>
        <outline>1</outline>
      </PolyStyle>
    </Style>
    <StyleMap id="poly-097138-2000-77">
      <Pair>
        <key>normal</key>
        <styleUrl>#poly-097138-2000-77-normal</styleUrl>
      </Pair>
      <Pair>
        <key>highlight</key>
        <styleUrl>#poly-097138-2000-77-highlight</styleUrl>
      </Pair>
    </StyleMap>
    <Style id="poly-097138-2201-77-normal">
      <LineStyle>
        <color>ff387109</color>
        <width>2.201</width>
      </LineStyle>
      <PolyStyle>
        <color>4d387109</color>
        <fill>1</fill>
        <outline>1</outline>
      </PolyStyle>
    </Style>
    <Style id="poly-097138-2201-77-highlight">
      <LineStyle>
        <color>ff387109</color>
        <width>3.3015</width>
      </LineStyle>
      <PolyStyle>
        <color>4d387109</color>
        <fill>1</fill>
        <outline>1</outline>
      </PolyStyle>
    </Style>
    <StyleMap id="poly-097138-2201-77">
      <Pair>
        <key>normal</key>
        <styleUrl>#poly-097138-2201-77-normal</styleUrl>
      </Pair>
      <Pair>
        <key>highlight</key>
        <styleUrl>#poly-097138-2201-77-highlight</styleUrl>
      </Pair>
    </StyleMap>
    <Style id="poly-0F9D58-1200-97-normal">
      <LineStyle>
        <color>ff589d0f</color>
        <width>1.2</width>
      </LineStyle>
      <PolyStyle>
        <color>61589d0f</color>
        <fill>1</fill>
        <outline>1</outline>
      </PolyStyle>
    </Style>
    <Style id="poly-0F9D58-1200-97-highlight">
      <LineStyle>
        <color>ff589d0f</color>
        <width>1.8</width>
      </LineStyle>
      <PolyStyle>
        <color>61589d0f</color>
        <fill>1</fill>
        <outline>1</outline>
      </PolyStyle>
    </Style>
    <StyleMap id="poly-0F9D58-1200-97">
      <Pair>
        <key>normal</key>
        <styleUrl>#poly-0F9D58-1200-97-normal</styleUrl>
      </Pair>
      <Pair>
        <key>highlight</key>
        <styleUrl>#poly-0F9D58-1200-97-highlight</styleUrl>
      </Pair>
    </StyleMap>
    <Style id="poly-3949AB-1200-110-normal">
      <LineStyle>
        <color>ffab4939</color>
        <width>1.2</width>
      </LineStyle>
      <PolyStyle>
        <color>6eab4939</color>
        <fill>1</fill>
        <outline>1</outline>
      </PolyStyle>
    </Style>
    <Style id="poly-3949AB-1200-110-highlight">
      <LineStyle>
        <color>ffab4939</color>
        <width>1.8</width>
      </LineStyle>
      <PolyStyle>
        <color>6eab4939</color>
        <fill>1</fill>
        <outline>1</outline>
      </PolyStyle>
    </Style>
    <StyleMap id="poly-3949AB-1200-110">
      <Pair>
        <key>normal</key>
        <styleUrl>#poly-3949AB-1200-110-normal</styleUrl>
      </Pair>
      <Pair>
        <key>highlight</key>
        <styleUrl>#poly-3949AB-1200-110-highlight</styleUrl>
      </Pair>
    </StyleMap>
    <Style id="poly-4E342E-1200-77-normal">
      <LineStyle>
        <color>ff2e344e</color>
        <width>1.2</width>
      </LineStyle>
      <PolyStyle>
        <color>4d2e344e</color>
        <fill>1</fill>
        <outline>1</outline>
      </PolyStyle>
    </Style>
    <Style id="poly-4E342E-1200-77-highlight">
      <LineStyle>
        <color>ff2e344e</color>
        <width>1.8</width>
      </LineStyle>
      <PolyStyle>
        <color>4d2e344e</color>
        <fill>1</fill>
        <outline>1</outline>
      </PolyStyle>
    </Style>
    <StyleMap id="poly-4E342E-1200-77">
      <Pair>
        <key>normal</key>
        <styleUrl>#poly-4E342E-1200-77-normal</styleUrl>
      </Pair>
      <Pair>
        <key>highlight</key>
        <styleUrl>#poly-4E342E-1200-77-highlight</styleUrl>
      </Pair>
    </StyleMap>
    <Style id="poly-4E342E-2000-133-normal">
      <LineStyle>
        <color>ff2e344e</color>
        <width>2</width>
      </LineStyle>
      <PolyStyle>
        <color>852e344e</color>
        <fill>1</fill>
        <outline>1</outline>
      </PolyStyle>
    </Style>
    <Style id="poly-4E342E-2000-133-highlight">
      <LineStyle>
        <color>ff2e344e</color>
        <width>3</width>
      </LineStyle>
      <PolyStyle>
        <color>852e344e</color>
        <fill>1</fill>
        <outline>1</outline>
      </PolyStyle>
    </Style>
    <StyleMap id="poly-4E342E-2000-133">
      <Pair>
        <key>normal</key>
        <styleUrl>#poly-4E342E-2000-133-normal</styleUrl>
      </Pair>
      <Pair>
        <key>highlight</key>
        <styleUrl>#poly-4E342E-2000-133-highlight</styleUrl>
      </Pair>
    </StyleMap>
    <Style id="poly-4E342E-2000-77-normal">
      <LineStyle>
        <color>ff2e344e</color>
        <width>2</width>
      </LineStyle>
      <PolyStyle>
        <color>4d2e344e</color>
        <fill>1</fill>
        <outline>1</outline>
      </PolyStyle>
    </Style>
    <Style id="poly-4E342E-2000-77-highlight">
      <LineStyle>
        <color>ff2e344e</color>
        <width>3</width>
      </LineStyle>
      <PolyStyle>
        <color>4d2e344e</color>
        <fill>1</fill>
        <outline>1</outline>
      </PolyStyle>
    </Style>
    <StyleMap id="poly-4E342E-2000-77">
      <Pair>
        <key>normal</key>
        <styleUrl>#poly-4E342E-2000-77-normal</styleUrl>
      </Pair>
      <Pair>
        <key>highlight</key>
        <styleUrl>#poly-4E342E-2000-77-highlight</styleUrl>
      </Pair>
    </StyleMap>
    <Style id="poly-4E342E-2101-77-normal">
      <LineStyle>
        <color>ff2e344e</color>
        <width>2.101</width>
      </LineStyle>
      <PolyStyle>
        <color>4d2e344e</color>
        <fill>1</fill>
        <outline>1</outline>
      </PolyStyle>
    </Style>
    <Style id="poly-4E342E-2101-77-highlight">
      <LineStyle>
        <color>ff2e344e</color>
        <width>3.1515</width>
      </LineStyle>
      <PolyStyle>
        <color>4d2e344e</color>
        <fill>1</fill>
        <outline>1</outline>
      </PolyStyle>
    </Style>
    <StyleMap id="poly-4E342E-2101-77">
      <Pair>
        <key>normal</key>
        <styleUrl>#poly-4E342E-2101-77-normal</styleUrl>
      </Pair>
      <Pair>
        <key>highlight</key>
        <styleUrl>#poly-4E342E-2101-77-highlight</styleUrl>
      </Pair>
    </StyleMap>
    <Style id="poly-558B2F-1200-77-normal">
      <LineStyle>
        <color>ff2f8b55</color>
        <width>1.2</width>
      </LineStyle>
      <PolyStyle>
        <color>4d2f8b55</color>
        <fill>1</fill>
        <outline>1</outline>
      </PolyStyle>
    </Style>
    <Style id="poly-558B2F-1200-77-highlight">
      <LineStyle>
        <color>ff2f8b55</color>
        <width>1.8</width>
      </LineStyle>
      <PolyStyle>
        <color>4d2f8b55</color>
        <fill>1</fill>
        <outline>1</outline>
      </PolyStyle>
    </Style>
    <StyleMap id="poly-558B2F-1200-77">
      <Pair>
        <key>normal</key>
        <styleUrl>#poly-558B2F-1200-77-normal</styleUrl>
      </Pair>
      <Pair>
        <key>highlight</key>
        <styleUrl>#poly-558B2F-1200-77-highlight</styleUrl>
      </Pair>
    </StyleMap>
    <Style id="poly-558B2F-2601-77-normal">
      <LineStyle>
        <color>ff2f8b55</color>
        <width>2.601</width>
      </LineStyle>
      <PolyStyle>
        <color>4d2f8b55</color>
        <fill>1</fill>
        <outline>1</outline>
      </PolyStyle>
    </Style>
    <Style id="poly-558B2F-2601-77-highlight">
      <LineStyle>
        <color>ff2f8b55</color>
        <width>3.9015</width>
      </LineStyle>
      <PolyStyle>
        <color>4d2f8b55</color>
        <fill>1</fill>
        <outline>1</outline>
      </PolyStyle>
    </Style>
    <StyleMap id="poly-558B2F-2601-77">
      <Pair>
        <key>normal</key>
        <styleUrl>#poly-558B2F-2601-77-normal</styleUrl>
      </Pair>
      <Pair>
        <key>highlight</key>
        <styleUrl>#poly-558B2F-2601-77-highlight</styleUrl>
      </Pair>
    </StyleMap>
    <Style id="poly-673AB7-2101-77-normal">
      <LineStyle>
        <color>ffb73a67</color>
        <width>2.101</width>
      </LineStyle>
      <PolyStyle>
        <color>4db73a67</color>
        <fill>1</fill>
        <outline>1</outline>
      </PolyStyle>
    </Style>
    <Style id="poly-673AB7-2101-77-highlight">
      <LineStyle>
        <color>ffb73a67</color>
        <width>3.1515</width>
      </LineStyle>
      <PolyStyle>
        <color>4db73a67</color>
        <fill>1</fill>
        <outline>1</outline>
      </PolyStyle>
    </Style>
    <StyleMap id="poly-673AB7-2101-77">
      <Pair>
        <key>normal</key>
        <styleUrl>#poly-673AB7-2101-77-normal</styleUrl>
      </Pair>
      <Pair>
        <key>highlight</key>
        <styleUrl>#poly-673AB7-2101-77-highlight</styleUrl>
      </Pair>
    </StyleMap>
    <Style id="poly-673AB7-3201-77-normal">
      <LineStyle>
        <color>ffb73a67</color>
        <width>3.201</width>
      </LineStyle>
      <PolyStyle>
        <color>4db73a67</color>
        <fill>1</fill>
        <outline>1</outline>
      </PolyStyle>
    </Style>
    <Style id="poly-673AB7-3201-77-highlight">
      <LineStyle>
        <color>ffb73a67</color>
        <width>4.8015</width>
      </LineStyle>
      <PolyStyle>
        <color>4db73a67</color>
        <fill>1</fill>
        <outline>1</outline>
      </PolyStyle>
    </Style>
    <StyleMap id="poly-673AB7-3201-77">
      <Pair>
        <key>normal</key>
        <styleUrl>#poly-673AB7-3201-77-normal</styleUrl>
      </Pair>
      <Pair>
        <key>highlight</key>
        <styleUrl>#poly-673AB7-3201-77-highlight</styleUrl>
      </Pair>
    </StyleMap>
    <Style id="poly-795548-1200-110-normal">
      <LineStyle>
        <color>ff485579</color>
        <width>1.2</width>
      </LineStyle>
      <PolyStyle>
        <color>6e485579</color>
        <fill>1</fill>
        <outline>1</outline>
      </PolyStyle>
    </Style>
    <Style id="poly-795548-1200-110-highlight">
      <LineStyle>
        <color>ff485579</color>
        <width>1.8</width>
      </LineStyle>
      <PolyStyle>
        <color>6e485579</color>
        <fill>1</fill>
        <outline>1</outline>
      </PolyStyle>
    </Style>
    <StyleMap id="poly-795548-1200-110">
      <Pair>
        <key>normal</key>
        <styleUrl>#poly-795548-1200-110-normal</styleUrl>
      </Pair>
      <Pair>
        <key>highlight</key>
        <styleUrl>#poly-795548-1200-110-highlight</styleUrl>
      </Pair>
    </StyleMap>
    <Style id="poly-795548-1200-140-normal">
      <LineStyle>
        <color>ff485579</color>
        <width>1.2</width>
      </LineStyle>
      <PolyStyle>
        <color>8c485579</color>
        <fill>1</fill>
        <outline>1</outline>
      </PolyStyle>
    </Style>
    <Style id="poly-795548-1200-140-highlight">
      <LineStyle>
        <color>ff485579</color>
        <width>1.8</width>
      </LineStyle>
      <PolyStyle>
        <color>8c485579</color>
        <fill>1</fill>
        <outline>1</outline>
      </PolyStyle>
    </Style>
    <StyleMap id="poly-795548-1200-140">
      <Pair>
        <key>normal</key>
        <styleUrl>#poly-795548-1200-140-normal</styleUrl>
      </Pair>
      <Pair>
        <key>highlight</key>
        <styleUrl>#poly-795548-1200-140-highlight</styleUrl>
      </Pair>
    </StyleMap>
    <Style id="poly-7CB342-1200-138-normal">
      <LineStyle>
        <color>ff42b37c</color>
        <width>1.2</width>
      </LineStyle>
      <PolyStyle>
        <color>8a42b37c</color>
        <fill>1</fill>
        <outline>1</outline>
      </PolyStyle>
    </Style>
    <Style id="poly-7CB342-1200-138-highlight">
      <LineStyle>
        <color>ff42b37c</color>
        <width>1.8</width>
      </LineStyle>
      <PolyStyle>
        <color>8a42b37c</color>
        <fill>1</fill>
        <outline>1</outline>
      </PolyStyle>
    </Style>
    <StyleMap id="poly-7CB342-1200-138">
      <Pair>
        <key>normal</key>
        <styleUrl>#poly-7CB342-1200-138-normal</styleUrl>
      </Pair>
      <Pair>
        <key>highlight</key>
        <styleUrl>#poly-7CB342-1200-138-highlight</styleUrl>
      </Pair>
    </StyleMap>
    <Style id="poly-7CB342-2000-77-normal">
      <LineStyle>
        <color>ff42b37c</color>
        <width>2</width>
      </LineStyle>
      <PolyStyle>
        <color>4d42b37c</color>
        <fill>1</fill>
        <outline>1</outline>
      </PolyStyle>
    </Style>
    <Style id="poly-7CB342-2000-77-highlight">
      <LineStyle>
        <color>ff42b37c</color>
        <width>3</width>
      </LineStyle>
      <PolyStyle>
        <color>4d42b37c</color>
        <fill>1</fill>
        <outline>1</outline>
      </PolyStyle>
    </Style>
    <StyleMap id="poly-7CB342-2000-77">
      <Pair>
        <key>normal</key>
        <styleUrl>#poly-7CB342-2000-77-normal</styleUrl>
      </Pair>
      <Pair>
        <key>highlight</key>
        <styleUrl>#poly-7CB342-2000-77-highlight</styleUrl>
      </Pair>
    </StyleMap>
    <Style id="poly-817717-2000-77-normal">
      <LineStyle>
        <color>ff177781</color>
        <width>2</width>
      </LineStyle>
      <PolyStyle>
        <color>4d177781</color>
        <fill>1</fill>
        <outline>1</outline>
      </PolyStyle>
    </Style>
    <Style id="poly-817717-2000-77-highlight">
      <LineStyle>
        <color>ff177781</color>
        <width>3</width>
      </LineStyle>
      <PolyStyle>
        <color>4d177781</color>
        <fill>1</fill>
        <outline>1</outline>
      </PolyStyle>
    </Style>
    <StyleMap id="poly-817717-2000-77">
      <Pair>
        <key>normal</key>
        <styleUrl>#poly-817717-2000-77-normal</styleUrl>
      </Pair>
      <Pair>
        <key>highlight</key>
        <styleUrl>#poly-817717-2000-77-highlight</styleUrl>
      </Pair>
    </StyleMap>
    <Style id="poly-817717-2501-77-normal">
      <LineStyle>
        <color>ff177781</color>
        <width>2.501</width>
      </LineStyle>
      <PolyStyle>
        <color>4d177781</color>
        <fill>1</fill>
        <outline>1</outline>
      </PolyStyle>
    </Style>
    <Style id="poly-817717-2501-77-highlight">
      <LineStyle>
        <color>ff177781</color>
        <width>3.7515</width>
      </LineStyle>
      <PolyStyle>
        <color>4d177781</color>
        <fill>1</fill>
        <outline>1</outline>
      </PolyStyle>
    </Style>
    <StyleMap id="poly-817717-2501-77">
      <Pair>
        <key>normal</key>
        <styleUrl>#poly-817717-2501-77-normal</styleUrl>
      </Pair>
      <Pair>
        <key>highlight</key>
        <styleUrl>#poly-817717-2501-77-highlight</styleUrl>
      </Pair>
    </StyleMap>
    <Style id="poly-87CEAC-1200-77-normal">
      <LineStyle>
        <color>ffacce87</color>
        <width>1.2</width>
      </LineStyle>
      <PolyStyle>
        <color>4dacce87</color>
        <fill>1</fill>
        <outline>1</outline>
      </PolyStyle>
    </Style>
    <Style id="poly-87CEAC-1200-77-highlight">
      <LineStyle>
        <color>ffacce87</color>
        <width>1.8</width>
      </LineStyle>
      <PolyStyle>
        <color>4dacce87</color>
        <fill>1</fill>
        <outline>1</outline>
      </PolyStyle>
    </Style>
    <StyleMap id="poly-87CEAC-1200-77">
      <Pair>
        <key>normal</key>
        <styleUrl>#poly-87CEAC-1200-77-normal</styleUrl>
      </Pair>
      <Pair>
        <key>highlight</key>
        <styleUrl>#poly-87CEAC-1200-77-highlight</styleUrl>
      </Pair>
    </StyleMap>
    <Style id="poly-87CEAC-4901-77-normal">
      <LineStyle>
        <color>ffacce87</color>
        <width>4.901</width>
      </LineStyle>
      <PolyStyle>
        <color>4dacce87</color>
        <fill>1</fill>
        <outline>1</outline>
      </PolyStyle>
    </Style>
    <Style id="poly-87CEAC-4901-77-highlight">
      <LineStyle>
        <color>ffacce87</color>
        <width>7.3515</width>
      </LineStyle>
      <PolyStyle>
        <color>4dacce87</color>
        <fill>1</fill>
        <outline>1</outline>
      </PolyStyle>
    </Style>
    <StyleMap id="poly-87CEAC-4901-77">
      <Pair>
        <key>normal</key>
        <styleUrl>#poly-87CEAC-4901-77-normal</styleUrl>
      </Pair>
      <Pair>
        <key>highlight</key>
        <styleUrl>#poly-87CEAC-4901-77-highlight</styleUrl>
      </Pair>
    </StyleMap>
    <Style id="poly-880E4F-1200-77-normal">
      <LineStyle>
        <color>ff4f0e88</color>
        <width>1.2</width>
      </LineStyle>
      <PolyStyle>
        <color>4d4f0e88</color>
        <fill>1</fill>
        <outline>1</outline>
      </PolyStyle>
    </Style>
    <Style id="poly-880E4F-1200-77-highlight">
      <LineStyle>
        <color>ff4f0e88</color>
        <width>1.8</width>
      </LineStyle>
      <PolyStyle>
        <color>4d4f0e88</color>
        <fill>1</fill>
        <outline>1</outline>
      </PolyStyle>
    </Style>
    <StyleMap id="poly-880E4F-1200-77">
      <Pair>
        <key>normal</key>
        <styleUrl>#poly-880E4F-1200-77-normal</styleUrl>
      </Pair>
      <Pair>
        <key>highlight</key>
        <styleUrl>#poly-880E4F-1200-77-highlight</styleUrl>
      </Pair>
    </StyleMap>
    <Style id="poly-880E4F-1200-87-normal">
      <LineStyle>
        <color>ff4f0e88</color>
        <width>1.2</width>
      </LineStyle>
      <PolyStyle>
        <color>574f0e88</color>
        <fill>1</fill>
        <outline>1</outline>
      </PolyStyle>
    </Style>
    <Style id="poly-880E4F-1200-87-highlight">
      <LineStyle>
        <color>ff4f0e88</color>
        <width>1.8</width>
      </LineStyle>
      <PolyStyle>
        <color>574f0e88</color>
        <fill>1</fill>
        <outline>1</outline>
      </PolyStyle>
    </Style>
    <StyleMap id="poly-880E4F-1200-87">
      <Pair>
        <key>normal</key>
        <styleUrl>#poly-880E4F-1200-87-normal</styleUrl>
      </Pair>
      <Pair>
        <key>highlight</key>
        <styleUrl>#poly-880E4F-1200-87-highlight</styleUrl>
      </Pair>
    </StyleMap>
    <Style id="poly-880E4F-1200-94-normal">
      <LineStyle>
        <color>ff4f0e88</color>
        <width>1.2</width>
      </LineStyle>
      <PolyStyle>
        <color>5e4f0e88</color>
        <fill>1</fill>
        <outline>1</outline>
      </PolyStyle>
    </Style>
    <Style id="poly-880E4F-1200-94-highlight">
      <LineStyle>
        <color>ff4f0e88</color>
        <width>1.8</width>
      </LineStyle>
      <PolyStyle>
        <color>5e4f0e88</color>
        <fill>1</fill>
        <outline>1</outline>
      </PolyStyle>
    </Style>
    <StyleMap id="poly-880E4F-1200-94">
      <Pair>
        <key>normal</key>
        <styleUrl>#poly-880E4F-1200-94-normal</styleUrl>
      </Pair>
      <Pair>
        <key>highlight</key>
        <styleUrl>#poly-880E4F-1200-94-highlight</styleUrl>
      </Pair>
    </StyleMap>
    <Style id="poly-880E4F-2000-77-normal">
      <LineStyle>
        <color>ff4f0e88</color>
        <width>2</width>
      </LineStyle>
      <PolyStyle>
        <color>4d4f0e88</color>
        <fill>1</fill>
        <outline>1</outline>
      </PolyStyle>
    </Style>
    <Style id="poly-880E4F-2000-77-highlight">
      <LineStyle>
        <color>ff4f0e88</color>
        <width>3</width>
      </LineStyle>
      <PolyStyle>
        <color>4d4f0e88</color>
        <fill>1</fill>
        <outline>1</outline>
      </PolyStyle>
    </Style>
    <StyleMap id="poly-880E4F-2000-77">
      <Pair>
        <key>normal</key>
        <styleUrl>#poly-880E4F-2000-77-normal</styleUrl>
      </Pair>
      <Pair>
        <key>highlight</key>
        <styleUrl>#poly-880E4F-2000-77-highlight</styleUrl>
      </Pair>
    </StyleMap>
    <Style id="poly-9C27B0-1200-122-normal">
      <LineStyle>
        <color>ffb0279c</color>
        <width>1.2</width>
      </LineStyle>
      <PolyStyle>
        <color>7ab0279c</color>
        <fill>1</fill>
        <outline>1</outline>
      </PolyStyle>
    </Style>
    <Style id="poly-9C27B0-1200-122-highlight">
      <LineStyle>
        <color>ffb0279c</color>
        <width>1.8</width>
      </LineStyle>
      <PolyStyle>
        <color>7ab0279c</color>
        <fill>1</fill>
        <outline>1</outline>
      </PolyStyle>
    </Style>
    <StyleMap id="poly-9C27B0-1200-122">
      <Pair>
        <key>normal</key>
        <styleUrl>#poly-9C27B0-1200-122-normal</styleUrl>
      </Pair>
      <Pair>
        <key>highlight</key>
        <styleUrl>#poly-9C27B0-1200-122-highlight</styleUrl>
      </Pair>
    </StyleMap>
    <Style id="poly-9C27B0-2000-77-normal">
      <LineStyle>
        <color>ffb0279c</color>
        <width>2</width>
      </LineStyle>
      <PolyStyle>
        <color>4db0279c</color>
        <fill>1</fill>
        <outline>1</outline>
      </PolyStyle>
    </Style>
    <Style id="poly-9C27B0-2000-77-highlight">
      <LineStyle>
        <color>ffb0279c</color>
        <width>3</width>
      </LineStyle>
      <PolyStyle>
        <color>4db0279c</color>
        <fill>1</fill>
        <outline>1</outline>
      </PolyStyle>
    </Style>
    <StyleMap id="poly-9C27B0-2000-77">
      <Pair>
        <key>normal</key>
        <styleUrl>#poly-9C27B0-2000-77-normal</styleUrl>
      </Pair>
      <Pair>
        <key>highlight</key>
        <styleUrl>#poly-9C27B0-2000-77-highlight</styleUrl>
      </Pair>
    </StyleMap>
    <Style id="poly-9C27B0-2601-77-normal">
      <LineStyle>
        <color>ffb0279c</color>
        <width>2.601</width>
      </LineStyle>
      <PolyStyle>
        <color>4db0279c</color>
        <fill>1</fill>
        <outline>1</outline>
      </PolyStyle>
    </Style>
    <Style id="poly-9C27B0-2601-77-highlight">
      <LineStyle>
        <color>ffb0279c</color>
        <width>3.9015</width>
      </LineStyle>
      <PolyStyle>
        <color>4db0279c</color>
        <fill>1</fill>
        <outline>1</outline>
      </PolyStyle>
    </Style>
    <StyleMap id="poly-9C27B0-2601-77">
      <Pair>
        <key>normal</key>
        <styleUrl>#poly-9C27B0-2601-77-normal</styleUrl>
      </Pair>
      <Pair>
        <key>highlight</key>
        <styleUrl>#poly-9C27B0-2601-77-highlight</styleUrl>
      </Pair>
    </StyleMap>
    <Style id="poly-9FA8DA-2000-77-normal">
      <LineStyle>
        <color>ffdaa89f</color>
        <width>2</width>
      </LineStyle>
      <PolyStyle>
        <color>4ddaa89f</color>
        <fill>1</fill>
        <outline>1</outline>
      </PolyStyle>
    </Style>
    <Style id="poly-9FA8DA-2000-77-highlight">
      <LineStyle>
        <color>ffdaa89f</color>
        <width>3</width>
      </LineStyle>
      <PolyStyle>
        <color>4ddaa89f</color>
        <fill>1</fill>
        <outline>1</outline>
      </PolyStyle>
    </Style>
    <StyleMap id="poly-9FA8DA-2000-77">
      <Pair>
        <key>normal</key>
        <styleUrl>#poly-9FA8DA-2000-77-normal</styleUrl>
      </Pair>
      <Pair>
        <key>highlight</key>
        <styleUrl>#poly-9FA8DA-2000-77-highlight</styleUrl>
      </Pair>
    </StyleMap>
    <Style id="poly-9FA8DA-3501-102-normal">
      <LineStyle>
        <color>ffdaa89f</color>
        <width>3.501</width>
      </LineStyle>
      <PolyStyle>
        <color>66daa89f</color>
        <fill>1</fill>
        <outline>1</outline>
      </PolyStyle>
    </Style>
    <Style id="poly-9FA8DA-3501-102-highlight">
      <LineStyle>
        <color>ffdaa89f</color>
        <width>5.2515</width>
      </LineStyle>
      <PolyStyle>
        <color>66daa89f</color>
        <fill>1</fill>
        <outline>1</outline>
      </PolyStyle>
    </Style>
    <StyleMap id="poly-9FA8DA-3501-102">
      <Pair>
        <key>normal</key>
        <styleUrl>#poly-9FA8DA-3501-102-normal</styleUrl>
      </Pair>
      <Pair>
        <key>highlight</key>
        <styleUrl>#poly-9FA8DA-3501-102-highlight</styleUrl>
      </Pair>
    </StyleMap>
    <Style id="poly-A52714-1200-102-normal">
      <LineStyle>
        <color>ff1427a5</color>
        <width>1.2</width>
      </LineStyle>
      <PolyStyle>
        <color>661427a5</color>
        <fill>1</fill>
        <outline>1</outline>
      </PolyStyle>
    </Style>
    <Style id="poly-A52714-1200-102-highlight">
      <LineStyle>
        <color>ff1427a5</color>
        <width>1.8</width>
      </LineStyle>
      <PolyStyle>
        <color>661427a5</color>
        <fill>1</fill>
        <outline>1</outline>
      </PolyStyle>
    </Style>
    <StyleMap id="poly-A52714-1200-102">
      <Pair>
        <key>normal</key>
        <styleUrl>#poly-A52714-1200-102-normal</styleUrl>
      </Pair>
      <Pair>
        <key>highlight</key>
        <styleUrl>#poly-A52714-1200-102-highlight</styleUrl>
      </Pair>
    </StyleMap>
    <Style id="poly-A52714-1200-69-normal">
      <LineStyle>
        <color>ff1427a5</color>
        <width>1.2</width>
      </LineStyle>
      <PolyStyle>
        <color>451427a5</color>
        <fill>1</fill>
        <outline>1</outline>
      </PolyStyle>
    </Style>
    <Style id="poly-A52714-1200-69-highlight">
      <LineStyle>
        <color>ff1427a5</color>
        <width>1.8</width>
      </LineStyle>
      <PolyStyle>
        <color>451427a5</color>
        <fill>1</fill>
        <outline>1</outline>
      </PolyStyle>
    </Style>
    <StyleMap id="poly-A52714-1200-69">
      <Pair>
        <key>normal</key>
        <styleUrl>#poly-A52714-1200-69-normal</styleUrl>
      </Pair>
      <Pair>
        <key>highlight</key>
        <styleUrl>#poly-A52714-1200-69-highlight</styleUrl>
      </Pair>
    </StyleMap>
    <Style id="poly-A52714-1200-77-normal">
      <LineStyle>
        <color>ff1427a5</color>
        <width>1.2</width>
      </LineStyle>
      <PolyStyle>
        <color>4d1427a5</color>
        <fill>1</fill>
        <outline>1</outline>
      </PolyStyle>
    </Style>
    <Style id="poly-A52714-1200-77-highlight">
      <LineStyle>
        <color>ff1427a5</color>
        <width>1.8</width>
      </LineStyle>
      <PolyStyle>
        <color>4d1427a5</color>
        <fill>1</fill>
        <outline>1</outline>
      </PolyStyle>
    </Style>
    <StyleMap id="poly-A52714-1200-77">
      <Pair>
        <key>normal</key>
        <styleUrl>#poly-A52714-1200-77-normal</styleUrl>
      </Pair>
      <Pair>
        <key>highlight</key>
        <styleUrl>#poly-A52714-1200-77-highlight</styleUrl>
      </Pair>
    </StyleMap>
    <Style id="poly-A52714-3201-77-normal">
      <LineStyle>
        <color>ff1427a5</color>
        <width>3.201</width>
      </LineStyle>
      <PolyStyle>
        <color>4d1427a5</color>
        <fill>1</fill>
        <outline>1</outline>
      </PolyStyle>
    </Style>
    <Style id="poly-A52714-3201-77-highlight">
      <LineStyle>
        <color>ff1427a5</color>
        <width>4.8015</width>
      </LineStyle>
      <PolyStyle>
        <color>4d1427a5</color>
        <fill>1</fill>
        <outline>1</outline>
      </PolyStyle>
    </Style>
    <StyleMap id="poly-A52714-3201-77">
      <Pair>
        <key>normal</key>
        <styleUrl>#poly-A52714-3201-77-normal</styleUrl>
      </Pair>
      <Pair>
        <key>highlight</key>
        <styleUrl>#poly-A52714-3201-77-highlight</styleUrl>
      </Pair>
    </StyleMap>
    <Style id="poly-AFB42B-1200-120-normal">
      <LineStyle>
        <color>ff2bb4af</color>
        <width>1.2</width>
      </LineStyle>
      <PolyStyle>
        <color>782bb4af</color>
        <fill>1</fill>
        <outline>1</outline>
      </PolyStyle>
    </Style>
    <Style id="poly-AFB42B-1200-120-highlight">
      <LineStyle>
        <color>ff2bb4af</color>
        <width>1.8</width>
      </LineStyle>
      <PolyStyle>
        <color>782bb4af</color>
        <fill>1</fill>
        <outline>1</outline>
      </PolyStyle>
    </Style>
    <StyleMap id="poly-AFB42B-1200-120">
      <Pair>
        <key>normal</key>
        <styleUrl>#poly-AFB42B-1200-120-normal</styleUrl>
      </Pair>
      <Pair>
        <key>highlight</key>
        <styleUrl>#poly-AFB42B-1200-120-highlight</styleUrl>
      </Pair>
    </StyleMap>
    <Style id="poly-AFB42B-3501-69-normal">
      <LineStyle>
        <color>ff2bb4af</color>
        <width>3.501</width>
      </LineStyle>
      <PolyStyle>
        <color>452bb4af</color>
        <fill>1</fill>
        <outline>1</outline>
      </PolyStyle>
    </Style>
    <Style id="poly-AFB42B-3501-69-highlight">
      <LineStyle>
        <color>ff2bb4af</color>
        <width>5.2515</width>
      </LineStyle>
      <PolyStyle>
        <color>452bb4af</color>
        <fill>1</fill>
        <outline>1</outline>
      </PolyStyle>
    </Style>
    <StyleMap id="poly-AFB42B-3501-69">
      <Pair>
        <key>normal</key>
        <styleUrl>#poly-AFB42B-3501-69-normal</styleUrl>
      </Pair>
      <Pair>
        <key>highlight</key>
        <styleUrl>#poly-AFB42B-3501-69-highlight</styleUrl>
      </Pair>
    </StyleMap>
    <Style id="poly-B2EBF2-2201-156-normal">
      <LineStyle>
        <color>fff2ebb2</color>
        <width>2.201</width>
      </LineStyle>
      <PolyStyle>
        <color>9cf2ebb2</color>
        <fill>1</fill>
        <outline>1</outline>
      </PolyStyle>
    </Style>
    <Style id="poly-B2EBF2-2201-156-highlight">
      <LineStyle>
        <color>fff2ebb2</color>
        <width>3.3015</width>
      </LineStyle>
      <PolyStyle>
        <color>9cf2ebb2</color>
        <fill>1</fill>
        <outline>1</outline>
      </PolyStyle>
    </Style>
    <StyleMap id="poly-B2EBF2-2201-156">
      <Pair>
        <key>normal</key>
        <styleUrl>#poly-B2EBF2-2201-156-normal</styleUrl>
      </Pair>
      <Pair>
        <key>highlight</key>
        <styleUrl>#poly-B2EBF2-2201-156-highlight</styleUrl>
      </Pair>
    </StyleMap>
    <Style id="poly-B2EBF2-5201-143-normal">
      <LineStyle>
        <color>fff2ebb2</color>
        <width>5.201</width>
      </LineStyle>
      <PolyStyle>
        <color>8ff2ebb2</color>
        <fill>1</fill>
        <outline>1</outline>
      </PolyStyle>
    </Style>
    <Style id="poly-B2EBF2-5201-143-highlight">
      <LineStyle>
        <color>fff2ebb2</color>
        <width>7.8015</width>
      </LineStyle>
      <PolyStyle>
        <color>8ff2ebb2</color>
        <fill>1</fill>
        <outline>1</outline>
      </PolyStyle>
    </Style>
    <StyleMap id="poly-B2EBF2-5201-143">
      <Pair>
        <key>normal</key>
        <styleUrl>#poly-B2EBF2-5201-143-normal</styleUrl>
      </Pair>
      <Pair>
        <key>highlight</key>
        <styleUrl>#poly-B2EBF2-5201-143-highlight</styleUrl>
      </Pair>
    </StyleMap>
    <Style id="poly-BCAAA4-1200-207-normal">
      <LineStyle>
        <color>ffa4aabc</color>
        <width>1.2</width>
      </LineStyle>
      <PolyStyle>
        <color>cfa4aabc</color>
        <fill>1</fill>
        <outline>1</outline>
      </PolyStyle>
    </Style>
    <Style id="poly-BCAAA4-1200-207-highlight">
      <LineStyle>
        <color>ffa4aabc</color>
        <width>1.8</width>
      </LineStyle>
      <PolyStyle>
        <color>cfa4aabc</color>
        <fill>1</fill>
        <outline>1</outline>
      </PolyStyle>
    </Style>
    <StyleMap id="poly-BCAAA4-1200-207">
      <Pair>
        <key>normal</key>
        <styleUrl>#poly-BCAAA4-1200-207-normal</styleUrl>
      </Pair>
      <Pair>
        <key>highlight</key>
        <styleUrl>#poly-BCAAA4-1200-207-highlight</styleUrl>
      </Pair>
    </StyleMap>
    <Style id="poly-C2185B-1200-77-normal">
      <LineStyle>
        <color>ff5b18c2</color>
        <width>1.2</width>
      </LineStyle>
      <PolyStyle>
        <color>4d5b18c2</color>
        <fill>1</fill>
        <outline>1</outline>
      </PolyStyle>
    </Style>
    <Style id="poly-C2185B-1200-77-highlight">
      <LineStyle>
        <color>ff5b18c2</color>
        <width>1.8</width>
      </LineStyle>
      <PolyStyle>
        <color>4d5b18c2</color>
        <fill>1</fill>
        <outline>1</outline>
      </PolyStyle>
    </Style>
    <StyleMap id="poly-C2185B-1200-77">
      <Pair>
        <key>normal</key>
        <styleUrl>#poly-C2185B-1200-77-normal</styleUrl>
      </Pair>
      <Pair>
        <key>highlight</key>
        <styleUrl>#poly-C2185B-1200-77-highlight</styleUrl>
      </Pair>
    </StyleMap>
    <Style id="poly-C2185B-2000-77-normal">
      <LineStyle>
        <color>ff5b18c2</color>
        <width>2</width>
      </LineStyle>
      <PolyStyle>
        <color>4d5b18c2</color>
        <fill>1</fill>
        <outline>1</outline>
      </PolyStyle>
    </Style>
    <Style id="poly-C2185B-2000-77-highlight">
      <LineStyle>
        <color>ff5b18c2</color>
        <width>3</width>
      </LineStyle>
      <PolyStyle>
        <color>4d5b18c2</color>
        <fill>1</fill>
        <outline>1</outline>
      </PolyStyle>
    </Style>
    <StyleMap id="poly-C2185B-2000-77">
      <Pair>
        <key>normal</key>
        <styleUrl>#poly-C2185B-2000-77-normal</styleUrl>
      </Pair>
      <Pair>
        <key>highlight</key>
        <styleUrl>#poly-C2185B-2000-77-highlight</styleUrl>
      </Pair>
    </StyleMap>
    <Style id="poly-CE93D8-1200-77-normal">
      <LineStyle>
        <color>ffd893ce</color>
        <width>1.2</width>
      </LineStyle>
      <PolyStyle>
        <color>4dd893ce</color>
        <fill>1</fill>
        <outline>1</outline>
      </PolyStyle>
    </Style>
    <Style id="poly-CE93D8-1200-77-highlight">
      <LineStyle>
        <color>ffd893ce</color>
        <width>1.8</width>
      </LineStyle>
      <PolyStyle>
        <color>4dd893ce</color>
        <fill>1</fill>
        <outline>1</outline>
      </PolyStyle>
    </Style>
    <StyleMap id="poly-CE93D8-1200-77">
      <Pair>
        <key>normal</key>
        <styleUrl>#poly-CE93D8-1200-77-normal</styleUrl>
      </Pair>
      <Pair>
        <key>highlight</key>
        <styleUrl>#poly-CE93D8-1200-77-highlight</styleUrl>
      </Pair>
    </StyleMap>
    <Style id="poly-E65100-1200-77-normal">
      <LineStyle>
        <color>ff0051e6</color>
        <width>1.2</width>
      </LineStyle>
      <PolyStyle>
        <color>4d0051e6</color>
        <fill>1</fill>
        <outline>1</outline>
      </PolyStyle>
    </Style>
    <Style id="poly-E65100-1200-77-highlight">
      <LineStyle>
        <color>ff0051e6</color>
        <width>1.8</width>
      </LineStyle>
      <PolyStyle>
        <color>4d0051e6</color>
        <fill>1</fill>
        <outline>1</outline>
      </PolyStyle>
    </Style>
    <StyleMap id="poly-E65100-1200-77">
      <Pair>
        <key>normal</key>
        <styleUrl>#poly-E65100-1200-77-normal</styleUrl>
      </Pair>
      <Pair>
        <key>highlight</key>
        <styleUrl>#poly-E65100-1200-77-highlight</styleUrl>
      </Pair>
    </StyleMap>
    <Style id="poly-E65100-2000-77-normal">
      <LineStyle>
        <color>ff0051e6</color>
        <width>2</width>
      </LineStyle>
      <PolyStyle>
        <color>4d0051e6</color>
        <fill>1</fill>
        <outline>1</outline>
      </PolyStyle>
    </Style>
    <Style id="poly-E65100-2000-77-highlight">
      <LineStyle>
        <color>ff0051e6</color>
        <width>3</width>
      </LineStyle>
      <PolyStyle>
        <color>4d0051e6</color>
        <fill>1</fill>
        <outline>1</outline>
      </PolyStyle>
    </Style>
    <StyleMap id="poly-E65100-2000-77">
      <Pair>
        <key>normal</key>
        <styleUrl>#poly-E65100-2000-77-normal</styleUrl>
      </Pair>
      <Pair>
        <key>highlight</key>
        <styleUrl>#poly-E65100-2000-77-highlight</styleUrl>
      </Pair>
    </StyleMap>
    <Style id="poly-E6EE9C-3501-110-normal">
      <LineStyle>
        <color>ff9ceee6</color>
        <width>3.501</width>
      </LineStyle>
      <PolyStyle>
        <color>6e9ceee6</color>
        <fill>1</fill>
        <outline>1</outline>
      </PolyStyle>
    </Style>
    <Style id="poly-E6EE9C-3501-110-highlight">
      <LineStyle>
        <color>ff9ceee6</color>
        <width>5.2515</width>
      </LineStyle>
      <PolyStyle>
        <color>6e9ceee6</color>
        <fill>1</fill>
        <outline>1</outline>
      </PolyStyle>
    </Style>
    <StyleMap id="poly-E6EE9C-3501-110">
      <Pair>
        <key>normal</key>
        <styleUrl>#poly-E6EE9C-3501-110-normal</styleUrl>
      </Pair>
      <Pair>
        <key>highlight</key>
        <styleUrl>#poly-E6EE9C-3501-110-highlight</styleUrl>
      </Pair>
    </StyleMap>
    <Style id="poly-E6EE9C-3601-79-normal">
      <LineStyle>
        <color>ff9ceee6</color>
        <width>3.601</width>
      </LineStyle>
      <PolyStyle>
        <color>4f9ceee6</color>
        <fill>1</fill>
        <outline>1</outline>
      </PolyStyle>
    </Style>
    <Style id="poly-E6EE9C-3601-79-highlight">
      <LineStyle>
        <color>ff9ceee6</color>
        <width>5.4015</width>
      </LineStyle>
      <PolyStyle>
        <color>4f9ceee6</color>
        <fill>1</fill>
        <outline>1</outline>
      </PolyStyle>
    </Style>
    <StyleMap id="poly-E6EE9C-3601-79">
      <Pair>
        <key>normal</key>
        <styleUrl>#poly-E6EE9C-3601-79-normal</styleUrl>
      </Pair>
      <Pair>
        <key>highlight</key>
        <styleUrl>#poly-E6EE9C-3601-79-highlight</styleUrl>
      </Pair>
    </StyleMap>
    <Style id="poly-EDA29B-1200-77-normal">
      <LineStyle>
        <color>ff9ba2ed</color>
        <width>1.2</width>
      </LineStyle>
      <PolyStyle>
        <color>4d9ba2ed</color>
        <fill>1</fill>
        <outline>1</outline>
      </PolyStyle>
    </Style>
    <Style id="poly-EDA29B-1200-77-highlight">
      <LineStyle>
        <color>ff9ba2ed</color>
        <width>1.8</width>
      </LineStyle>
      <PolyStyle>
        <color>4d9ba2ed</color>
        <fill>1</fill>
        <outline>1</outline>
      </PolyStyle>
    </Style>
    <StyleMap id="poly-EDA29B-1200-77">
      <Pair>
        <key>normal</key>
        <styleUrl>#poly-EDA29B-1200-77-normal</styleUrl>
      </Pair>
      <Pair>
        <key>highlight</key>
        <styleUrl>#poly-EDA29B-1200-77-highlight</styleUrl>
      </Pair>
    </StyleMap>
    <Style id="poly-EDA29B-3301-77-normal">
      <LineStyle>
        <color>ff9ba2ed</color>
        <width>3.301</width>
      </LineStyle>
      <PolyStyle>
        <color>4d9ba2ed</color>
        <fill>1</fill>
        <outline>1</outline>
      </PolyStyle>
    </Style>
    <Style id="poly-EDA29B-3301-77-highlight">
      <LineStyle>
        <color>ff9ba2ed</color>
        <width>4.9515</width>
      </LineStyle>
      <PolyStyle>
        <color>4d9ba2ed</color>
        <fill>1</fill>
        <outline>1</outline>
      </PolyStyle>
    </Style>
    <StyleMap id="poly-EDA29B-3301-77">
      <Pair>
        <key>normal</key>
        <styleUrl>#poly-EDA29B-3301-77-normal</styleUrl>
      </Pair>
      <Pair>
        <key>highlight</key>
        <styleUrl>#poly-EDA29B-3301-77-highlight</styleUrl>
      </Pair>
    </StyleMap>
    <Style id="poly-F48FB1-1200-77-normal">
      <LineStyle>
        <color>ffb18ff4</color>
        <width>1.2</width>
      </LineStyle>
      <PolyStyle>
        <color>4db18ff4</color>
        <fill>1</fill>
        <outline>1</outline>
      </PolyStyle>
    </Style>
    <Style id="poly-F48FB1-1200-77-highlight">
      <LineStyle>
        <color>ffb18ff4</color>
        <width>1.8</width>
      </LineStyle>
      <PolyStyle>
        <color>4db18ff4</color>
        <fill>1</fill>
        <outline>1</outline>
      </PolyStyle>
    </Style>
    <StyleMap id="poly-F48FB1-1200-77">
      <Pair>
        <key>normal</key>
        <styleUrl>#poly-F48FB1-1200-77-normal</styleUrl>
      </Pair>
      <Pair>
        <key>highlight</key>
        <styleUrl>#poly-F48FB1-1200-77-highlight</styleUrl>
      </Pair>
    </StyleMap>
    <Style id="poly-F48FB1-3201-77-normal">
      <LineStyle>
        <color>ffb18ff4</color>
        <width>3.201</width>
      </LineStyle>
      <PolyStyle>
        <color>4db18ff4</color>
        <fill>1</fill>
        <outline>1</outline>
      </PolyStyle>
    </Style>
    <Style id="poly-F48FB1-3201-77-highlight">
      <LineStyle>
        <color>ffb18ff4</color>
        <width>4.8015</width>
      </LineStyle>
      <PolyStyle>
        <color>4db18ff4</color>
        <fill>1</fill>
        <outline>1</outline>
      </PolyStyle>
    </Style>
    <StyleMap id="poly-F48FB1-3201-77">
      <Pair>
        <key>normal</key>
        <styleUrl>#poly-F48FB1-3201-77-normal</styleUrl>
      </Pair>
      <Pair>
        <key>highlight</key>
        <styleUrl>#poly-F48FB1-3201-77-highlight</styleUrl>
      </Pair>
    </StyleMap>
    <Style id="poly-F57C00-1200-107-normal">
      <LineStyle>
        <color>ff007cf5</color>
        <width>1.2</width>
      </LineStyle>
      <PolyStyle>
        <color>6b007cf5</color>
        <fill>1</fill>
        <outline>1</outline>
      </PolyStyle>
    </Style>
    <Style id="poly-F57C00-1200-107-highlight">
      <LineStyle>
        <color>ff007cf5</color>
        <width>1.8</width>
      </LineStyle>
      <PolyStyle>
        <color>6b007cf5</color>
        <fill>1</fill>
        <outline>1</outline>
      </PolyStyle>
    </Style>
    <StyleMap id="poly-F57C00-1200-107">
      <Pair>
        <key>normal</key>
        <styleUrl>#poly-F57C00-1200-107-normal</styleUrl>
      </Pair>
      <Pair>
        <key>highlight</key>
        <styleUrl>#poly-F57C00-1200-107-highlight</styleUrl>
      </Pair>
    </StyleMap>
    <Style id="poly-F57C00-2000-77-normal">
      <LineStyle>
        <color>ff007cf5</color>
        <width>2</width>
      </LineStyle>
      <PolyStyle>
        <color>4d007cf5</color>
        <fill>1</fill>
        <outline>1</outline>
      </PolyStyle>
    </Style>
    <Style id="poly-F57C00-2000-77-highlight">
      <LineStyle>
        <color>ff007cf5</color>
        <width>3</width>
      </LineStyle>
      <PolyStyle>
        <color>4d007cf5</color>
        <fill>1</fill>
        <outline>1</outline>
      </PolyStyle>
    </Style>
    <StyleMap id="poly-F57C00-2000-77">
      <Pair>
        <key>normal</key>
        <styleUrl>#poly-F57C00-2000-77-normal</styleUrl>
      </Pair>
      <Pair>
        <key>highlight</key>
        <styleUrl>#poly-F57C00-2000-77-highlight</styleUrl>
      </Pair>
    </StyleMap>
    <Style id="poly-F9A825-1200-77-normal">
      <LineStyle>
        <color>ff25a8f9</color>
        <width>1.2</width>
      </LineStyle>
      <PolyStyle>
        <color>4d25a8f9</color>
        <fill>1</fill>
        <outline>1</outline>
      </PolyStyle>
    </Style>
    <Style id="poly-F9A825-1200-77-highlight">
      <LineStyle>
        <color>ff25a8f9</color>
        <width>1.8</width>
      </LineStyle>
      <PolyStyle>
        <color>4d25a8f9</color>
        <fill>1</fill>
        <outline>1</outline>
      </PolyStyle>
    </Style>
    <StyleMap id="poly-F9A825-1200-77">
      <Pair>
        <key>normal</key>
        <styleUrl>#poly-F9A825-1200-77-normal</styleUrl>
      </Pair>
      <Pair>
        <key>highlight</key>
        <styleUrl>#poly-F9A825-1200-77-highlight</styleUrl>
      </Pair>
    </StyleMap>
    <Style id="poly-F9A825-2106-77-normal">
      <LineStyle>
        <color>ff25a8f9</color>
        <width>2.106</width>
      </LineStyle>
      <PolyStyle>
        <color>4d25a8f9</color>
        <fill>1</fill>
        <outline>1</outline>
      </PolyStyle>
    </Style>
    <Style id="poly-F9A825-2106-77-highlight">
      <LineStyle>
        <color>ff25a8f9</color>
        <width>3.159</width>
      </LineStyle>
      <PolyStyle>
        <color>4d25a8f9</color>
        <fill>1</fill>
        <outline>1</outline>
      </PolyStyle>
    </Style>
    <StyleMap id="poly-F9A825-2106-77">
      <Pair>
        <key>normal</key>
        <styleUrl>#poly-F9A825-2106-77-normal</styleUrl>
      </Pair>
      <Pair>
        <key>highlight</key>
        <styleUrl>#poly-F9A825-2106-77-highlight</styleUrl>
      </Pair>
    </StyleMap>
    <Style id="poly-FADA80-1200-77-normal">
      <LineStyle>
        <color>ff80dafa</color>
        <width>1.2</width>
      </LineStyle>
      <PolyStyle>
        <color>4d80dafa</color>
        <fill>1</fill>
        <outline>1</outline>
      </PolyStyle>
    </Style>
    <Style id="poly-FADA80-1200-77-highlight">
      <LineStyle>
        <color>ff80dafa</color>
        <width>1.8</width>
      </LineStyle>
      <PolyStyle>
        <color>4d80dafa</color>
        <fill>1</fill>
        <outline>1</outline>
      </PolyStyle>
    </Style>
    <StyleMap id="poly-FADA80-1200-77">
      <Pair>
        <key>normal</key>
        <styleUrl>#poly-FADA80-1200-77-normal</styleUrl>
      </Pair>
      <Pair>
        <key>highlight</key>
        <styleUrl>#poly-FADA80-1200-77-highlight</styleUrl>
      </Pair>
    </StyleMap>
    <Style id="poly-FF5252-1200-77-normal">
      <LineStyle>
        <color>ff5252ff</color>
        <width>1.2</width>
      </LineStyle>
      <PolyStyle>
        <color>4d5252ff</color>
        <fill>1</fill>
        <outline>1</outline>
      </PolyStyle>
    </Style>
    <Style id="poly-FF5252-1200-77-highlight">
      <LineStyle>
        <color>ff5252ff</color>
        <width>1.8</width>
      </LineStyle>
      <PolyStyle>
        <color>4d5252ff</color>
        <fill>1</fill>
        <outline>1</outline>
      </PolyStyle>
    </Style>
    <StyleMap id="poly-FF5252-1200-77">
      <Pair>
        <key>normal</key>
        <styleUrl>#poly-FF5252-1200-77-normal</styleUrl>
      </Pair>
      <Pair>
        <key>highlight</key>
        <styleUrl>#poly-FF5252-1200-77-highlight</styleUrl>
      </Pair>
    </StyleMap>
    <Style id="poly-FF5252-1200-99-normal">
      <LineStyle>
        <color>ff5252ff</color>
        <width>1.2</width>
      </LineStyle>
      <PolyStyle>
        <color>635252ff</color>
        <fill>1</fill>
        <outline>1</outline>
      </PolyStyle>
    </Style>
    <Style id="poly-FF5252-1200-99-highlight">
      <LineStyle>
        <color>ff5252ff</color>
        <width>1.8</width>
      </LineStyle>
      <PolyStyle>
        <color>635252ff</color>
        <fill>1</fill>
        <outline>1</outline>
      </PolyStyle>
    </Style>
    <StyleMap id="poly-FF5252-1200-99">
      <Pair>
        <key>normal</key>
        <styleUrl>#poly-FF5252-1200-99-normal</styleUrl>
      </Pair>
      <Pair>
        <key>highlight</key>
        <styleUrl>#poly-FF5252-1200-99-highlight</styleUrl>
      </Pair>
    </StyleMap>
    <Style id="poly-FF5252-2000-77-normal">
      <LineStyle>
        <color>ff5252ff</color>
        <width>2</width>
      </LineStyle>
      <PolyStyle>
        <color>4d5252ff</color>
        <fill>1</fill>
        <outline>1</outline>
      </PolyStyle>
    </Style>
    <Style id="poly-FF5252-2000-77-highlight">
      <LineStyle>
        <color>ff5252ff</color>
        <width>3</width>
      </LineStyle>
      <PolyStyle>
        <color>4d5252ff</color>
        <fill>1</fill>
        <outline>1</outline>
      </PolyStyle>
    </Style>
    <StyleMap id="poly-FF5252-2000-77">
      <Pair>
        <key>normal</key>
        <styleUrl>#poly-FF5252-2000-77-normal</styleUrl>
      </Pair>
      <Pair>
        <key>highlight</key>
        <styleUrl>#poly-FF5252-2000-77-highlight</styleUrl>
      </Pair>
    </StyleMap>
    <Style id="poly-FFD600-1200-120-normal">
      <LineStyle>
        <color>ff00d6ff</color>
        <width>1.2</width>
      </LineStyle>
      <PolyStyle>
        <color>7800d6ff</color>
        <fill>1</fill>
        <outline>1</outline>
      </PolyStyle>
    </Style>
    <Style id="poly-FFD600-1200-120-highlight">
      <LineStyle>
        <color>ff00d6ff</color>
        <width>1.8</width>
      </LineStyle>
      <PolyStyle>
        <color>7800d6ff</color>
        <fill>1</fill>
        <outline>1</outline>
      </PolyStyle>
    </Style>
    <StyleMap id="poly-FFD600-1200-120">
      <Pair>
        <key>normal</key>
        <styleUrl>#poly-FFD600-1200-120-normal</styleUrl>
      </Pair>
      <Pair>
        <key>highlight</key>
        <styleUrl>#poly-FFD600-1200-120-highlight</styleUrl>
      </Pair>
    </StyleMap>
    <Style id="poly-FFD600-1200-56-normal">
      <LineStyle>
        <color>ff00d6ff</color>
        <width>1.2</width>
      </LineStyle>
      <PolyStyle>
        <color>3800d6ff</color>
        <fill>1</fill>
        <outline>1</outline>
      </PolyStyle>
    </Style>
    <Style id="poly-FFD600-1200-56-highlight">
      <LineStyle>
        <color>ff00d6ff</color>
        <width>1.8</width>
      </LineStyle>
      <PolyStyle>
        <color>3800d6ff</color>
        <fill>1</fill>
        <outline>1</outline>
      </PolyStyle>
    </Style>
    <StyleMap id="poly-FFD600-1200-56">
      <Pair>
        <key>normal</key>
        <styleUrl>#poly-FFD600-1200-56-normal</styleUrl>
      </Pair>
      <Pair>
        <key>highlight</key>
        <styleUrl>#poly-FFD600-1200-56-highlight</styleUrl>
      </Pair>
    </StyleMap>
    <Style id="poly-FFD600-1200-66-normal">
      <LineStyle>
        <color>ff00d6ff</color>
        <width>1.2</width>
      </LineStyle>
      <PolyStyle>
        <color>4200d6ff</color>
        <fill>1</fill>
        <outline>1</outline>
      </PolyStyle>
    </Style>
    <Style id="poly-FFD600-1200-66-highlight">
      <LineStyle>
        <color>ff00d6ff</color>
        <width>1.8</width>
      </LineStyle>
      <PolyStyle>
        <color>4200d6ff</color>
        <fill>1</fill>
        <outline>1</outline>
      </PolyStyle>
    </Style>
    <StyleMap id="poly-FFD600-1200-66">
      <Pair>
        <key>normal</key>
        <styleUrl>#poly-FFD600-1200-66-normal</styleUrl>
      </Pair>
      <Pair>
        <key>highlight</key>
        <styleUrl>#poly-FFD600-1200-66-highlight</styleUrl>
      </Pair>
    </StyleMap>
    <Style id="poly-FFD600-1200-77-normal">
      <LineStyle>
        <color>ff00d6ff</color>
        <width>1.2</width>
      </LineStyle>
      <PolyStyle>
        <color>4d00d6ff</color>
        <fill>1</fill>
        <outline>1</outline>
      </PolyStyle>
    </Style>
    <Style id="poly-FFD600-1200-77-highlight">
      <LineStyle>
        <color>ff00d6ff</color>
        <width>1.8</width>
      </LineStyle>
      <PolyStyle>
        <color>4d00d6ff</color>
        <fill>1</fill>
        <outline>1</outline>
      </PolyStyle>
    </Style>
    <StyleMap id="poly-FFD600-1200-77">
      <Pair>
        <key>normal</key>
        <styleUrl>#poly-FFD600-1200-77-normal</styleUrl>
      </Pair>
      <Pair>
        <key>highlight</key>
        <styleUrl>#poly-FFD600-1200-77-highlight</styleUrl>
      </Pair>
    </StyleMap>
    <Style id="poly-FFD600-2000-77-normal">
      <LineStyle>
        <color>ff00d6ff</color>
        <width>2</width>
      </LineStyle>
      <PolyStyle>
        <color>4d00d6ff</color>
        <fill>1</fill>
        <outline>1</outline>
      </PolyStyle>
    </Style>
    <Style id="poly-FFD600-2000-77-highlight">
      <LineStyle>
        <color>ff00d6ff</color>
        <width>3</width>
      </LineStyle>
      <PolyStyle>
        <color>4d00d6ff</color>
        <fill>1</fill>
        <outline>1</outline>
      </PolyStyle>
    </Style>
    <StyleMap id="poly-FFD600-2000-77">
      <Pair>
        <key>normal</key>
        <styleUrl>#poly-FFD600-2000-77-normal</styleUrl>
      </Pair>
      <Pair>
        <key>highlight</key>
        <styleUrl>#poly-FFD600-2000-77-highlight</styleUrl>
      </Pair>
    </StyleMap>
    <Style id="poly-FFEA00-1200-117-normal">
      <LineStyle>
        <color>ff00eaff</color>
        <width>1.2</width>
      </LineStyle>
      <PolyStyle>
        <color>7500eaff</color>
        <fill>1</fill>
        <outline>1</outline>
      </PolyStyle>
    </Style>
    <Style id="poly-FFEA00-1200-117-highlight">
      <LineStyle>
        <color>ff00eaff</color>
        <width>1.8</width>
      </LineStyle>
      <PolyStyle>
        <color>7500eaff</color>
        <fill>1</fill>
        <outline>1</outline>
      </PolyStyle>
    </Style>
    <StyleMap id="poly-FFEA00-1200-117">
      <Pair>
        <key>normal</key>
        <styleUrl>#poly-FFEA00-1200-117-normal</styleUrl>
      </Pair>
      <Pair>
        <key>highlight</key>
        <styleUrl>#poly-FFEA00-1200-117-highlight</styleUrl>
      </Pair>
    </StyleMap>
    <Style id="poly-FFEA00-1200-97-normal">
      <LineStyle>
        <color>ff00eaff</color>
        <width>1.2</width>
      </LineStyle>
      <PolyStyle>
        <color>6100eaff</color>
        <fill>1</fill>
        <outline>1</outline>
      </PolyStyle>
    </Style>
    <Style id="poly-FFEA00-1200-97-highlight">
      <LineStyle>
        <color>ff00eaff</color>
        <width>1.8</width>
      </LineStyle>
      <PolyStyle>
        <color>6100eaff</color>
        <fill>1</fill>
        <outline>1</outline>
      </PolyStyle>
    </Style>
    <StyleMap id="poly-FFEA00-1200-97">
      <Pair>
        <key>normal</key>
        <styleUrl>#poly-FFEA00-1200-97-normal</styleUrl>
      </Pair>
      <Pair>
        <key>highlight</key>
        <styleUrl>#poly-FFEA00-1200-97-highlight</styleUrl>
      </Pair>
    </StyleMap>
    <Style id="poly-FFFF8D-2401-77-normal">
      <LineStyle>
        <color>ff8dffff</color>
        <width>2.401</width>
      </LineStyle>
      <PolyStyle>
        <color>4d8dffff</color>
        <fill>1</fill>
        <outline>1</outline>
      </PolyStyle>
    </Style>
    <Style id="poly-FFFF8D-2401-77-highlight">
      <LineStyle>
        <color>ff8dffff</color>
        <width>3.6015</width>
      </LineStyle>
      <PolyStyle>
        <color>4d8dffff</color>
        <fill>1</fill>
        <outline>1</outline>
      </PolyStyle>
    </Style>
    <StyleMap id="poly-FFFF8D-2401-77">
      <Pair>
        <key>normal</key>
        <styleUrl>#poly-FFFF8D-2401-77-normal</styleUrl>
      </Pair>
      <Pair>
        <key>highlight</key>
        <styleUrl>#poly-FFFF8D-2401-77-highlight</styleUrl>
      </Pair>
    </StyleMap>
    <Folder>
      <name>Мерефа</name>
      <Placemark>
        <name>Мерефа - Ігоря Савченка, 22</name>
        <description>Навпроти 1 ліцею/школи/ за ринком</description>
        <styleUrl>#icon-1577-DB4436</styleUrl>
        <Point>
          <coordinates>
            36.0588515,49.8068515,0
          </coordinates>
        </Point>
      </Placemark>
      <Placemark>
        <name>Яковлівка</name>
        <description>120</description>
        <styleUrl>#poly-880E4F-1200-77</styleUrl>
        <Polygon>
          <outerBoundaryIs>
            <LinearRing>
              <tessellate>1</tessellate>
              <coordinates>
                36.1303756,49.8261194,0
                36.130204,49.8209143,0
                36.1386154,49.8199176,0
                36.1394737,49.824569,0
                36.1432502,49.8255657,0
                36.149945,49.8205821,0
                36.1554382,49.8242368,0
                36.1454818,49.8285556,0
                36.1475418,49.8327634,0
                36.1447952,49.8363065,0
                36.1334655,49.8339813,0
                36.1228225,49.8370815,0
                36.1188743,49.8346457,0
                36.1303756,49.8261194,0
              </coordinates>
            </LinearRing>
          </outerBoundaryIs>
        </Polygon>
      </Placemark>
      <Placemark>
        <name>Утківка</name>
        <description>100</description>
        <styleUrl>#poly-A52714-3201-77</styleUrl>
        <Polygon>
          <outerBoundaryIs>
            <LinearRing>
              <tessellate>1</tessellate>
              <coordinates>
                36.0258618,49.7985132,0
                36.022214,49.7966157,0
                36.0186091,49.7988318,0
                36.0243812,49.8031461,0
                36.0177723,49.8057772,0
                36.011056,49.8017126,0
                36.0076228,49.7916291,0
                36.0194674,49.7895235,0
                36.0268489,49.7884152,0
                36.0360328,49.79361,0
                36.0258618,49.7985132,0
              </coordinates>
            </LinearRing>
          </outerBoundaryIs>
        </Polygon>
      </Placemark>
      <Placemark>
        <name>Таранівка</name>
        <description>370 грн / до 19:00</description>
        <styleUrl>#poly-F9A825-2106-77</styleUrl>
        <MultiGeometry>
          <Polygon>
            <outerBoundaryIs>
              <LinearRing>
                <tessellate>1</tessellate>
                <coordinates>
                  36.1412918,49.6519976,0
                  36.138194,49.651086,0
                  36.1410021,49.649841,0
                  36.1412918,49.6519976,0
                </coordinates>
              </LinearRing>
            </outerBoundaryIs>
          </Polygon>
          <Polygon>
            <outerBoundaryIs>
              <LinearRing>
                <tessellate>1</tessellate>
                <coordinates>
                  36.1419706,49.6521974,0
                  36.1399106,49.6564206,0
                  36.1347607,49.6555315,0
                  36.1414198,49.6529508,0
                  36.1412918,49.6519976,0
                  36.1419706,49.6521974,0
                </coordinates>
              </LinearRing>
            </outerBoundaryIs>
          </Polygon>
          <Polygon>
            <outerBoundaryIs>
              <LinearRing>
                <tessellate>1</tessellate>
                <coordinates>
                  36.1410021,49.649841,0
                  36.1407332,49.6478381,0
                  36.1266564,49.6445035,0
                  36.1300899,49.6396122,0
                  36.1393598,49.6431695,0
                  36.1431365,49.6385005,0
                  36.1256265,49.6311626,0
                  36.1191031,49.6316073,0
                  36.1166997,49.6291611,0
                  36.1294032,49.6242683,0
                  36.1321498,49.609587,0
                  36.1402182,49.6061106,0
                  36.1386732,49.6022447,0
                  36.1417631,49.5986844,0
                  36.1541231,49.6017997,0
                  36.1603031,49.6035798,0
                  36.1620197,49.6129241,0
                  36.1710751,49.608864,0
                  36.1739936,49.6132299,0
                  36.1780277,49.6130631,0
                  36.1821905,49.6162331,0
                  36.1827915,49.6183462,0
                  36.1826198,49.6215437,0
                  36.1676418,49.6214612,0
                  36.1528785,49.6212101,0
                  36.1589298,49.6240459,0
                  36.1548098,49.630273,0
                  36.1613331,49.6367217,0
                  36.1585865,49.6389452,0
                  36.1493165,49.6396122,0
                  36.1486299,49.6413909,0
                  36.1544664,49.6407239,0
                  36.1585865,49.6458374,0
                  36.1510331,49.6453927,0
                  36.1410021,49.649841,0
                </coordinates>
              </LinearRing>
            </outerBoundaryIs>
          </Polygon>
        </MultiGeometry>
      </Placemark>
      <Placemark>
        <name>Спасів скит/Велетень (по новому)</name>
        <description>370 грн / до 19:00</description>
        <styleUrl>#poly-817717-2501-77</styleUrl>
        <Polygon>
          <outerBoundaryIs>
            <LinearRing>
              <tessellate>1</tessellate>
              <coordinates>
                36.1274844,49.6882091,0
                36.1190729,49.6867654,0
                36.1213045,49.682656,0
                36.1166697,49.6805457,0
                36.1194163,49.6785463,0
                36.1235361,49.6769912,0
                36.1261111,49.6779909,0
                36.1304026,49.6725477,0
                36.1365824,49.6735476,0
                36.1350375,49.676769,0
                36.1372691,49.6803235,0
                36.1352091,49.6838778,0
                36.1362391,49.6853216,0
                36.1400156,49.6846552,0
                36.1561518,49.6897639,0
                36.1511736,49.6935395,0
                36.1381274,49.6929843,0
                36.1355524,49.689986,0
                36.1290293,49.6885423,0
                36.1274844,49.6882091,0
              </coordinates>
            </LinearRing>
          </outerBoundaryIs>
        </Polygon>
      </Placemark>
      <Placemark>
        <name>Соколово</name>
        <description>370 грн / до 19:00</description>
        <styleUrl>#poly-FFD600-1200-77</styleUrl>
        <Polygon>
          <outerBoundaryIs>
            <LinearRing>
              <tessellate>1</tessellate>
              <coordinates>
                36.2235958,49.7055174,0
                36.2242825,49.7112899,0
                36.2146695,49.7126219,0
                36.2091763,49.7112899,0
                36.2026532,49.7123999,0
                36.184457,49.722389,0
                36.1810238,49.7217231,0
                36.1751873,49.7241646,0
                36.175874,49.7268279,0
                36.184457,49.726162,0
                36.1878903,49.7292691,0
                36.1741574,49.7319321,0
                36.1700375,49.7248304,0
                36.1617977,49.7192815,0
                36.1892636,49.703297,0
                36.1940701,49.7059615,0
                36.19613,49.7019648,0
                36.1896069,49.7001884,0
                36.1920102,49.6970795,0
                36.2074597,49.7059615,0
                36.2115795,49.7026309,0
                36.2235958,49.7055174,0
              </coordinates>
            </LinearRing>
          </outerBoundaryIs>
        </Polygon>
      </Placemark>
      <Placemark>
        <name>Рокитне / Ракитне</name>
        <description>300 грн / до 19:00</description>
        <styleUrl>#poly-097138-1200-77</styleUrl>
        <Polygon>
          <outerBoundaryIs>
            <LinearRing>
              <tessellate>1</tessellate>
              <coordinates>
                35.9585797,49.8056616,0
                35.9621846,49.8036674,0
                35.970081,49.8017839,0
                35.9717976,49.8028919,0
                35.9673344,49.8041106,0
                35.9676777,49.8066587,0
                35.969566,49.8058832,0
                35.9707676,49.8066587,0
                35.9772908,49.80544,0
                35.9798657,49.80544,0
                35.9783207,49.806991,0
                35.9762608,49.8082097,0
                35.9716259,49.8082097,0
                35.971111,49.8108683,0
                35.9652745,49.8114222,0
                35.9608113,49.8135269,0
                35.9572064,49.8128622,0
                35.9566914,49.8154099,0
                35.957378,49.8182897,0
                35.9558331,49.8191758,0
                35.9525715,49.8150776,0
                35.9544598,49.8119761,0
                35.9518849,49.8099821,0
                35.9383236,49.805994,0
                35.9359204,49.8039998,0
                35.9379803,49.8016731,0
                35.9546315,49.8044429,0
                35.9566914,49.8062155,0
                35.9585797,49.8056616,0
              </coordinates>
            </LinearRing>
          </outerBoundaryIs>
        </Polygon>
      </Placemark>
      <Placemark>
        <name>Просяне</name>
        <description>420 грн / до 19:00</description>
        <styleUrl>#poly-4E342E-2101-77</styleUrl>
        <Polygon>
          <outerBoundaryIs>
            <LinearRing>
              <tessellate>1</tessellate>
              <coordinates>
                35.8025252,49.7206537,0
                35.7942855,49.7215415,0
                35.7901656,49.7255366,0
                35.7795226,49.7262024,0
                35.7733428,49.7215415,0
                35.7733428,49.7190999,0
                35.7630431,49.7159922,0
                35.765103,49.7131063,0
                35.7681929,49.7131063,0
                35.7760894,49.7113303,0
                35.7860457,49.6988964,0
                35.7843291,49.6955653,0
                35.7867324,49.6929003,0
                35.7781493,49.6902352,0
                35.7716262,49.682461,0
                35.7795226,49.6822388,0
                35.7863891,49.6784623,0
                35.7905089,49.6815724,0
                35.7956588,49.682461,0
                35.7977187,49.6882362,0
                35.8011519,49.6855708,0
                35.8059585,49.6853487,0
                35.8104216,49.6875699,0
                35.8128249,49.692012,0
                35.8220946,49.6948991,0
                35.8361709,49.701339,0
                35.8313643,49.7035595,0
                35.8111083,49.6955653,0
                35.809735,49.7017831,0
                35.8063018,49.7044476,0
                35.8100783,49.7084441,0
                35.809735,49.7117743,0
                35.8210647,49.7159922,0
                35.8234679,49.7215415,0
                35.8179747,49.7253147,0
                35.8080184,49.7255366,0
                35.8025252,49.7206537,0
              </coordinates>
            </LinearRing>
          </outerBoundaryIs>
        </Polygon>
      </Placemark>
      <Placemark>
        <name>Покотилівка</name>
        <description>300 грн / до 19:00</description>
        <styleUrl>#poly-F48FB1-3201-77</styleUrl>
        <Polygon>
          <outerBoundaryIs>
            <LinearRing>
              <tessellate>1</tessellate>
              <coordinates>
                36.1950474,49.9131745,0
                36.1943608,49.9189223,0
                36.1916142,49.9213539,0
                36.188181,49.9262166,0
                36.1785679,49.9264376,0
                36.164835,49.9240063,0
                36.1600285,49.9171539,0
                36.1497288,49.9083105,0
                36.1572819,49.9036671,0
                36.1696415,49.9052149,0
                36.1950474,49.9131745,0
              </coordinates>
            </LinearRing>
          </outerBoundaryIs>
        </Polygon>
      </Placemark>
      <Placemark>
        <name>Південне</name>
        <description>200 / до 20:00</description>
        <styleUrl>#poly-000000-2301-77</styleUrl>
        <Polygon>
          <outerBoundaryIs>
            <LinearRing>
              <tessellate>1</tessellate>
              <coordinates>
                36.0618007,49.8752094,0
                36.0666072,49.8696777,0
                36.0714136,49.8718905,0
                36.0894387,49.8658898,0
                36.1012826,49.8669684,0
                36.1036851,49.8691251,0
                36.0954459,49.8752093,0
                36.0952743,49.875873,0
                36.0940566,49.8789307,0
                36.0916693,49.8853859,0
                36.0953061,49.8866498,0
                36.0911706,49.8920183,0
                36.0864767,49.8981866,0
                36.0760381,49.8944803,0
                36.0663393,49.8963602,0
                36.0607603,49.8966919,0
                36.0595687,49.8968874,0
                36.0477247,49.8895887,0
                36.0528745,49.8831738,0
                36.0618007,49.8752094,0
              </coordinates>
            </LinearRing>
          </outerBoundaryIs>
        </Polygon>
      </Placemark>
      <Placemark>
        <name>Вільхуватка / Ольховатка</name>
        <description>250 грн / до 19:00</description>
        <styleUrl>#poly-9C27B0-2601-77</styleUrl>
        <Polygon>
          <outerBoundaryIs>
            <LinearRing>
              <tessellate>1</tessellate>
              <coordinates>
                35.9424591,49.7725282,0
                35.9393692,49.7738586,0
                35.9307861,49.7656542,0
                35.9309578,49.762106,0
                35.9313011,49.7588902,0
                35.934391,49.7536779,0
                35.9359359,49.753456,0
                35.9369659,49.7556741,0
                35.934391,49.7575594,0
                35.934391,49.7622169,0
                35.9347343,49.7638801,0
                35.9371376,49.7642128,0
                35.9414291,49.7655434,0
                35.9405708,49.7666521,0
                35.9379959,49.7666521,0
                35.9364509,49.7684261,0
                35.9424591,49.7725282,0
              </coordinates>
            </LinearRing>
          </outerBoundaryIs>
        </Polygon>
      </Placemark>
      <Placemark>
        <name>Новоселівка</name>
        <description>300 грн / до 19:00</description>
        <styleUrl>#poly-9FA8DA-3501-102</styleUrl>
        <Polygon>
          <outerBoundaryIs>
            <LinearRing>
              <tessellate>1</tessellate>
              <coordinates>
                35.8646702,49.6624205,0
                35.8595203,49.6715311,0
                35.8615803,49.6753081,0
                35.8512806,49.6766411,0
                35.8578037,49.6830835,0
                35.8574604,49.6859711,0
                35.8574604,49.6906355,0
                35.8571171,49.6941889,0
                35.8481907,49.6968539,0
                35.8423542,49.6935227,0
                35.8440708,49.6906355,0
                35.8413242,49.6868596,0
                35.8385777,49.6835277,0
                35.8341145,49.6855269,0
                35.8269047,49.6864154,0
                35.828278,49.6837499,0
                35.8341145,49.6815285,0
                35.8334278,49.6779741,0
                35.8183216,49.6741973,0
                35.815575,49.6759746,0
                35.805962,49.6721976,0
                35.8066486,49.6666427,0
                35.8162617,49.6659761,0
                35.826218,49.6686425,0
                35.8382343,49.662865,0
                35.8385777,49.6650872,0
                35.8426975,49.6666427,0
                35.8437275,49.6641983,0
                35.8502506,49.664865,0
                35.8526539,49.6630872,0
                35.8533405,49.659087,0
                35.8646702,49.6624205,0
              </coordinates>
            </LinearRing>
          </outerBoundaryIs>
        </Polygon>
      </Placemark>
      <Placemark>
        <name>Нова Водолага</name>
        <description>300 грн / до 19:00</description>
        <styleUrl>#poly-E6EE9C-3501-110</styleUrl>
        <Polygon>
          <outerBoundaryIs>
            <LinearRing>
              <tessellate>1</tessellate>
              <coordinates>
                35.8234679,49.7215415,0
                35.8210647,49.7159922,0
                35.838921,49.7155044,0
                35.8399509,49.7103984,0
                35.8478474,49.7095103,0
                35.8447575,49.7021833,0
                35.849564,49.6999628,0
                35.8536839,49.7019613,0
                35.8519672,49.6968539,0
                35.8571171,49.6941889,0
                35.8574604,49.7028495,0
                35.8595203,49.705736,0
                35.8650135,49.7137284,0
                35.8687901,49.7072901,0
                35.8622669,49.7015172,0
                35.8629536,49.6959656,0
                35.859177,49.6888586,0
                35.8632969,49.6901913,0
                35.8691334,49.7024054,0
                35.8729099,49.700629,0
                35.8759998,49.7024054,0
                35.881493,49.6984084,0
                35.8959126,49.7075122,0
                35.8917927,49.7121744,0
                35.8935093,49.7139504,0
                35.9089588,49.7079562,0
                35.9113621,49.7077342,0
                35.8928226,49.7177242,0
                35.9168552,49.7350353,0
                35.9127354,49.7399168,0
                35.9079288,49.7388074,0
                35.9041523,49.7354791,0
                35.8972858,49.7310409,0
                35.8907627,49.7268244,0
                35.8759998,49.7206098,0
                35.8873295,49.7301533,0
                35.8866428,49.7319286,0
                35.8880161,49.7365885,0
                35.8928226,49.7383636,0
                35.8965992,49.7441322,0
                35.8928226,49.7454633,0
                35.8869862,49.7463507,0
                35.8897327,49.7436885,0
                35.8849262,49.7416917,0
                35.8852695,49.7383636,0
                35.8766865,49.7357009,0
                35.8756565,49.73326,0
                35.8660435,49.7345915,0
                35.8595203,49.7405824,0
                35.8660435,49.7465726,0
                35.8468174,49.7425792,0
                35.8550571,49.7365885,0
                35.8540272,49.7325943,0
                35.8430408,49.7339258,0
                35.8481907,49.730819,0
                35.8454441,49.7270463,0
                35.8375477,49.7305971,0
                35.8372044,49.7277121,0
                35.8409809,49.7261585,0
                35.8426975,49.7217196,0
                35.836861,49.7194999,0
                35.8234679,49.7215415,0
              </coordinates>
            </LinearRing>
          </outerBoundaryIs>
        </Polygon>
      </Placemark>
      <Placemark>
        <name>Липкуватівка</name>
        <description>350 грн / до 19:00</description>
        <styleUrl>#poly-87CEAC-1200-77</styleUrl>
        <Polygon>
          <outerBoundaryIs>
            <LinearRing>
              <tessellate>1</tessellate>
              <coordinates>
                35.9754372,49.722584,0
                35.9716607,49.7205864,0
                35.9762751,49.7184486,0
                35.978335,49.7178937,0
                35.9888064,49.7188926,0
                35.9896647,49.7150079,0
                36.000651,49.714453,0
                36.0020243,49.7182267,0
                36.001166,49.7197805,0
                36.0013377,49.7220001,0
                35.9991061,49.7239977,0
                35.9958445,49.7226659,0
                35.9946429,49.7241086,0
                35.9893214,49.7233318,0
                35.9862315,49.7208903,0
                35.9754372,49.722584,0
              </coordinates>
            </LinearRing>
          </outerBoundaryIs>
        </Polygon>
      </Placemark>
      <Placemark>
        <name>Комарівка</name>
        <description>120 / до 20:00</description>
        <styleUrl>#poly-0288D1-2601-77</styleUrl>
        <Polygon>
          <outerBoundaryIs>
            <LinearRing>
              <tessellate>1</tessellate>
              <coordinates>
                36.0652429,49.8506786,0
                36.0592777,49.8607292,0
                36.0608226,49.8623891,0
                36.0663157,49.8620571,0
                36.067174,49.8643808,0
                36.0754137,49.8649341,0
                36.0767601,49.870105,0
                36.0714136,49.8718905,0
                36.0666072,49.8696777,0
                36.061854,49.8751054,0
                36.0618526,49.8698024,0
                36.0472616,49.8711301,0
                36.044515,49.8608399,0
                36.0333572,49.8599546,0
                36.0338722,49.8563026,0
                36.04606,49.8577413,0
                36.0506947,49.8607292,0
                36.0554903,49.8493919,0
                36.0652429,49.8506786,0
              </coordinates>
            </LinearRing>
          </outerBoundaryIs>
        </Polygon>
      </Placemark>
      <Placemark>
        <name>Високий</name>
        <description>200 / до 20:00</description>
        <styleUrl>#poly-FFFF8D-2401-77</styleUrl>
        <Polygon>
          <outerBoundaryIs>
            <LinearRing>
              <tessellate>1</tessellate>
              <coordinates>
                36.0952743,49.875873,0
                36.0986723,49.8764128,0
                36.1050238,49.8748641,0
                36.1067404,49.876081,0
                36.110002,49.8746428,0
                36.1082854,49.8734259,0
                36.1113753,49.8727621,0
                36.1259665,49.8801739,0
                36.1278548,49.8786253,0
                36.1351933,49.8793167,0
                36.1338629,49.873578,0
                36.1377897,49.8698994,0
                36.1405791,49.8680601,0
                36.1503424,49.8727621,0
                36.1498274,49.8759703,0
                36.1484541,49.8778509,0
                36.1463942,49.8776297,0
                36.1465659,49.8795102,0
                36.1439909,49.8815013,0
                36.1399569,49.8808791,0
                36.1379828,49.8855938,0
                36.1465659,49.8881377,0
                36.1501707,49.8893542,0
                36.153089,49.8880271,0
                36.1572089,49.8848196,0
                36.1558356,49.8824968,0
                36.1592688,49.8811695,0
                36.1620154,49.8870317,0
                36.1594405,49.8891331,0
                36.1554922,49.8882483,0
                36.1532607,49.8897966,0
                36.1556639,49.8925614,0
                36.153604,49.8944414,0
                36.1553206,49.8968742,0
                36.1494841,49.900302,0
                36.1428,49.9006752,0
                36.1278977,49.8958686,0
                36.1160209,49.8920845,0
                36.1108056,49.8904259,0
                36.104423,49.888746,0
                36.0966634,49.8863698,0
                36.0957577,49.886089,0
                36.0953061,49.8866498,0
                36.0916693,49.8853859,0
                36.0941447,49.8787083,0
                36.0952743,49.875873,0
              </coordinates>
            </LinearRing>
          </outerBoundaryIs>
        </Polygon>
      </Placemark>
      <Placemark>
        <name>Ватутіне / Залужне (по новому)</name>
        <description>270 грн / до 19:00</description>
        <styleUrl>#poly-0097A7-2301-77</styleUrl>
        <Polygon>
          <outerBoundaryIs>
            <LinearRing>
              <tessellate>1</tessellate>
              <coordinates>
                35.9685536,49.7819045,0
                35.9549923,49.7796876,0
                35.9572239,49.7784683,0
                35.955679,49.7742558,0
                35.9568806,49.7739232,0
                35.9585972,49.7744775,0
                35.9623738,49.7735907,0
                35.9630604,49.7744775,0
                35.9695836,49.7734798,0
                35.9716435,49.7778032,0
                35.9745617,49.7774706,0
                35.9788533,49.7775815,0
                35.9829731,49.7795768,0
                35.9819432,49.782237,0
                35.9838315,49.7836779,0
                35.9778233,49.7833454,0
                35.9685536,49.7819045,0
              </coordinates>
            </LinearRing>
          </outerBoundaryIs>
        </Polygon>
      </Placemark>
      <Placemark>
        <name>Буди</name>
        <description>200 / до 20:00</description>
        <styleUrl>#poly-FADA80-1200-77</styleUrl>
        <Polygon>
          <outerBoundaryIs>
            <LinearRing>
              <tessellate>1</tessellate>
              <coordinates>
                36.048744,49.8782217,0
                36.0490873,49.8802129,0
                36.0453107,49.8837525,0
                36.0425642,49.8837525,0
                36.0387876,49.885854,0
                36.0386159,49.8878448,0
                36.0288312,49.8940379,0
                36.0356977,49.899014,0
                36.0377576,49.8980188,0
                36.0386159,49.8994563,0
                36.0346677,49.9014466,0
                36.0278013,49.8992352,0
                36.0250547,49.8985717,0
                36.0296896,49.9028839,0
                36.0265996,49.9039896,0
                36.0235097,49.9004514,0
                36.0188749,49.9023311,0
                36.0109785,49.9077485,0
                36.0084035,49.907638,0
                35.9970739,49.8965813,0
                36.0080602,49.8841949,0
                35.9977605,49.8824251,0
                35.9977605,49.878443,0
                36.0087469,49.8810978,0
                36.0190465,49.887513,0
                36.0293462,49.8837525,0
                36.0279729,49.8819827,0
                36.0334661,49.8780005,0
                36.0399892,49.8802129,0
                36.048744,49.8782217,0
              </coordinates>
            </LinearRing>
          </outerBoundaryIs>
        </Polygon>
      </Placemark>
      <Placemark>
        <name>Березівка / Нова Березівка</name>
        <description>250 грн / до 19:00</description>
        <styleUrl>#poly-87CEAC-4901-77</styleUrl>
        <Polygon>
          <outerBoundaryIs>
            <LinearRing>
              <tessellate>1</tessellate>
              <coordinates>
                36.0595687,49.8968874,0
                36.0607603,49.8966919,0
                36.0663393,49.8963602,0
                36.0760381,49.8944803,0
                36.0864767,49.8981866,0
                36.0957577,49.886089,0
                36.1071302,49.889483,0
                36.1107352,49.8904577,0
                36.1087825,49.8952267,0
                36.1096409,49.902497,0
                36.1103275,49.9073339,0
                36.0861661,49.9065324,0
                36.0835912,49.9073063,0
                36.0815313,49.9095173,0
                36.0779264,49.9086329,0
                36.0774114,49.909849,0
                36.0738065,49.909849,0
                36.0702016,49.9105123,0
                36.0683134,49.9101806,0
                36.0667684,49.9087435,0
                36.0647085,49.9143813,0
                36.0629919,49.9141602,0
                36.058357,49.9090751,0
                36.0574987,49.9074169,0
                36.0532072,49.9047635,0
                36.0509756,49.907638,0
                36.0430791,49.9047635,0
                36.0447958,49.9018888,0
                36.0475423,49.90211,0
                36.0499456,49.9024417,0
                36.0511472,49.9011149,0
                36.0547521,49.9023311,0
                36.0595687,49.8968874,0
              </coordinates>
            </LinearRing>
          </outerBoundaryIs>
        </Polygon>
      </Placemark>
      <Placemark>
        <name>Бірки верхні/Залізничні</name>
        <description>370 грн / до 19:00</description>
        <styleUrl>#poly-01579B-1200-77</styleUrl>
        <Polygon>
          <outerBoundaryIs>
            <LinearRing>
              <tessellate>1</tessellate>
              <coordinates>
                36.0788012,49.7049257,0
                36.0825778,49.706924,0
                36.0784579,49.7087002,0
                36.0832644,49.7193559,0
                36.0791445,49.7204657,0
                36.076398,49.7189119,0
                36.0633517,49.7204657,0
                36.0667849,49.7220194,0
                36.0736514,49.7224633,0
                36.0715914,49.7282338,0
                36.0650683,49.7288996,0
                36.0609484,49.730675,0
                36.0564852,49.7295654,0
                36.055112,49.7253487,0
                36.0485888,49.7295654,0
                36.044469,49.7295654,0
                36.042409,49.7273461,0
                36.0365725,49.7266803,0
                36.0334826,49.7324503,0
                36.0286761,49.7302311,0
                36.0300494,49.7253487,0
                36.0341693,49.7233511,0
                36.0314227,49.7191339,0
                36.0712481,49.7104763,0
                36.0705615,49.707368,0
                36.0788012,49.7049257,0
              </coordinates>
            </LinearRing>
          </outerBoundaryIs>
        </Polygon>
      </Placemark>
      <Placemark>
        <name>Бабаї</name>
        <description>300 / до 19:00</description>
        <styleUrl>#poly-673AB7-2101-77</styleUrl>
        <Polygon>
          <outerBoundaryIs>
            <LinearRing>
              <tessellate>1</tessellate>
              <coordinates>
                36.1950474,49.9131745,0
                36.1761314,49.9072193,0
                36.1697059,49.9051942,0
                36.1774374,49.9051075,0
                36.1731459,49.8875254,0
                36.1782958,49.8890737,0
                36.182759,49.8897373,0
                36.1890674,49.8903871,0
                36.1918569,49.8916174,0
                36.1943675,49.8925021,0
                36.2032724,49.893221,0
                36.204238,49.8957782,0
                36.1977364,49.9039189,0
                36.2000538,49.9083413,0
                36.1950474,49.9131745,0
              </coordinates>
            </LinearRing>
          </outerBoundaryIs>
        </Polygon>
      </Placemark>
      <Placemark>
        <name>Мерефа</name>
        <description>100</description>
        <styleUrl>#poly-097138-2201-77</styleUrl>
        <MultiGeometry>
          <Polygon>
            <outerBoundaryIs>
              <LinearRing>
                <tessellate>1</tessellate>
                <coordinates>
                  36.0444891,49.840716,0
                  36.0444886,49.8407214,0
                  36.044106,49.8406482,0
                  36.0439239,49.8406068,0
                  36.0444891,49.840716,0
                </coordinates>
              </LinearRing>
            </outerBoundaryIs>
          </Polygon>
          <Polygon>
            <outerBoundaryIs>
              <LinearRing>
                <tessellate>1</tessellate>
                <coordinates>
                  36.0444893,49.840716,0
                  36.0445094,49.8405101,0
                  36.0445092,49.8405428,0
                  36.0444893,49.840716,0
                </coordinates>
              </LinearRing>
            </outerBoundaryIs>
          </Polygon>
          <Polygon>
            <outerBoundaryIs>
              <LinearRing>
                <tessellate>1</tessellate>
                <coordinates>
                  36.0444893,49.840716,0
                  36.0445088,49.8406102,0
                  36.0445092,49.8405428,0
                  36.0445945,49.8398007,0
                  36.045013,49.8383477,0
                  36.0450129,49.8371852,0
                  36.0388331,49.8375173,0
                  36.0399787,49.833333,0
                  36.0346573,49.8312292,0
                  36.0271042,49.8349939,0
                  36.0243575,49.8327794,0
                  36.0305374,49.8256925,0
                  36.0298508,49.8208196,0
                  36.0353438,49.8192691,0
                  36.0350006,49.8132879,0
                  36.0380905,49.8119586,0
                  36.0258618,49.7985132,0
                  36.0360328,49.79361,0
                  36.0268475,49.7883965,0
                  36.0300042,49.7870676,0
                  36.0406471,49.7883975,0
                  36.0421922,49.78873,0
                  36.0432222,49.7876218,0
                  36.0394455,49.7850726,0
                  36.046827,49.7823017,0
                  36.05644,49.7851835,0
                  36.0607315,49.7898383,0
                  36.0593583,49.7932737,0
                  36.0605599,49.793052,0
                  36.0663964,49.7880096,0
                  36.0678126,49.7773967,0
                  36.0771681,49.7727407,0
                  36.0856224,49.7767593,0
                  36.0960939,49.7774245,0
                  36.0966087,49.7795306,0
                  36.0820175,49.7813041,0
                  36.0794427,49.7882867,0
                  36.0835626,49.7907249,0
                  36.0754945,49.7936061,0
                  36.0734345,49.7985925,0
                  36.0818459,49.8010301,0
                  36.0909439,49.7994789,0
                  36.089399,49.8038,0
                  36.0816742,49.8039108,0
                  36.0778977,49.8081207,0
                  36.0792925,49.808356,0
                  36.0739066,49.8138117,0
                  36.079271,49.8139917,0
                  36.0809876,49.8184223,0
                  36.0708595,49.8196406,0
                  36.069143,49.831047,0
                  36.0728336,49.832265,0
                  36.0742928,49.8317114,0
                  36.0790993,49.833483,0
                  36.0722328,49.8403474,0
                  36.0667397,49.8349224,0
                  36.065538,49.837026,0
                  36.0627916,49.8368046,0
                  36.0626198,49.8380224,0
                  36.0667397,49.8390189,0
                  36.0651947,49.841233,0
                  36.0652429,49.8506786,0
                  36.0620208,49.8502394,0
                  36.0604642,49.8500257,0
                  36.0554903,49.8493919,0
                  36.0558014,49.8483888,0
                  36.0521951,49.8480657,0
                  36.0421452,49.8463341,0
                  36.0425238,49.8428866,0
                  36.0416656,49.8401813,0
                  36.044106,49.8406482,0
                  36.0444871,49.8407348,0
                  36.0444886,49.8407214,0
                  36.0444893,49.840716,0
                </coordinates>
              </LinearRing>
            </outerBoundaryIs>
          </Polygon>
        </MultiGeometry>
      </Placemark>
      <Placemark>
        <name>Бірки нижні</name>
        <description>370 грн / до 19:00</description>
        <styleUrl>#poly-01579B-1200-77</styleUrl>
        <Polygon>
          <outerBoundaryIs>
            <LinearRing>
              <tessellate>1</tessellate>
              <coordinates>
                36.0471192,49.677125,0
                36.0501233,49.6804574,0
                36.048235,49.6823456,0
                36.0502949,49.6836784,0
                36.0525265,49.6812349,0
                36.0556164,49.681457,0
                36.0597363,49.6803463,0
                36.0626546,49.6804574,0
                36.0626546,49.6819013,0
                36.0580197,49.6837895,0
                36.0580197,49.6871213,0
                36.059393,49.6876766,0
                36.0621396,49.6887872,0
                36.0683194,49.6870103,0
                36.071066,49.686566,0
                36.0724392,49.6878987,0
                36.069006,49.6900087,0
                36.0662594,49.6893424,0
                36.0624829,49.6898977,0
                36.058363,49.690564,0
                36.0581914,49.6918966,0
                36.060423,49.6943396,0
                36.059393,49.695672,0
                36.0533848,49.6903419,0
                36.04875,49.6913413,0
                36.0448018,49.692896,0
                36.0393086,49.6941175,0
                36.0317555,49.6964493,0
                36.027979,49.7012237,0
                36.0243741,49.7014457,0
                36.0240307,49.6995582,0
                36.026434,49.6982259,0
                36.0290089,49.6960052,0
                36.0334721,49.6935623,0
                36.0408536,49.6913413,0
                36.0480633,49.6886761,0
                36.0501233,49.6873434,0
                36.0480633,49.6863439,0
                36.0384503,49.6902308,0
                36.0357037,49.6907861,0
                36.0286656,49.692896,0
                36.0276356,49.6912303,0
                36.0422268,49.6858997,0
                36.0401669,49.6850112,0
                36.0425702,49.6840116,0
                36.038107,49.6774583,0
                36.0399952,49.6769029,0
                36.0422268,49.6787912,0
                36.0471192,49.677125,0
              </coordinates>
            </LinearRing>
          </outerBoundaryIs>
        </Polygon>
      </Placemark>
      <Placemark>
        <name>Селекційне</name>
        <description>140</description>
        <styleUrl>#poly-B2EBF2-5201-143</styleUrl>
        <Polygon>
          <outerBoundaryIs>
            <LinearRing>
              <tessellate>1</tessellate>
              <coordinates>
                36.0166885,49.7705028,0
                36.0239841,49.7730804,0
                36.029649,49.7764616,0
                36.0336831,49.7746048,0
                36.0411932,49.7743553,0
                36.0428241,49.7770159,0
                36.0393479,49.7777642,0
                36.0398629,49.7790389,0
                36.0235549,49.7828076,0
                36.0218383,49.7820317,0
                36.0206367,49.783251,0
                36.0185768,49.783251,0
                36.0160018,49.7840268,0
                36.0125686,49.7836943,0
                36.0117103,49.7824751,0
                36.0060455,49.7840268,0
                36.0063888,49.7825859,0
                36.0190918,49.7792606,0
                36.0173751,49.7768219,0
                36.020465,49.7760459,0
                36.0178901,49.7738288,0
                36.0166885,49.7705028,0
              </coordinates>
            </LinearRing>
          </outerBoundaryIs>
        </Polygon>
      </Placemark>
      <Placemark>
        <name>УЧХОЗ (Першотравневе)/Наукове (по новому)</name>
        <description>120</description>
        <styleUrl>#poly-FF5252-1200-77</styleUrl>
        <Polygon>
          <outerBoundaryIs>
            <LinearRing>
              <tessellate>1</tessellate>
              <coordinates>
                36.095381,49.8589323,0
                36.0897162,49.8645759,0
                36.0850813,49.8642439,0
                36.083708,49.8630267,0
                36.0830214,49.8603709,0
                36.0816481,49.8562762,0
                36.0833647,49.8553908,0
                36.0862829,49.8561656,0
                36.0888579,49.8543948,0
                36.095381,49.8589323,0
              </coordinates>
            </LinearRing>
          </outerBoundaryIs>
        </Polygon>
      </Placemark>
      <Placemark>
        <name>Ржавець</name>
        <description>250 грн / до 19:00</description>
        <styleUrl>#poly-558B2F-2601-77</styleUrl>
        <Polygon>
          <outerBoundaryIs>
            <LinearRing>
              <tessellate>1</tessellate>
              <coordinates>
                36.1627317,49.8795847,0
                36.1562085,49.8751598,0
                36.1582685,49.8726153,0
                36.1603284,49.8730578,0
                36.1603284,49.871509,0
                36.1510158,49.8676642,0
                36.1460805,49.864981,0
                36.1405873,49.8679685,0
                36.137712,49.8697526,0
                36.1368752,49.8709005,0
                36.1344075,49.8731685,0
                36.1289573,49.8745513,0
                36.1205888,49.8697111,0
                36.1399007,49.8640957,0
                36.1328626,49.8575668,0
                36.1347509,49.8565707,0
                36.1302877,49.8553533,0
                36.1292577,49.8536932,0
                36.1308026,49.8525864,0
                36.1359525,49.8524757,0
                36.1386991,49.8542466,0
                36.1399007,49.8539146,0
                36.1443639,49.8562387,0
                36.1474538,49.8574561,0
                36.1499,49.8595587,0
                36.1570668,49.8608867,0
                36.16256,49.8646214,0
                36.16153,49.8700707,0
                36.1668515,49.8656449,0
                36.1695981,49.8692962,0
                36.1666799,49.8709558,0
                36.1677098,49.8733897,0
                36.1699414,49.8775936,0
                36.1627317,49.8795847,0
              </coordinates>
            </LinearRing>
          </outerBoundaryIs>
        </Polygon>
      </Placemark>
      <Placemark>
        <name>Хорошеве</name>
        <description>300 грн / до 19:00</description>
        <styleUrl>#poly-F9A825-1200-77</styleUrl>
        <Polygon>
          <outerBoundaryIs>
            <LinearRing>
              <tessellate>1</tessellate>
              <coordinates>
                36.2277231,49.8584992,0
                36.2144193,49.8643365,0
                36.2092265,49.862566,0
                36.2047204,49.8585822,0
                36.201845,49.8567561,0
                36.2026604,49.8559814,0
                36.2009009,49.854681,0
                36.1985406,49.8554834,0
                36.194764,49.854017,0
                36.2036475,49.8474036,0
                36.1981543,49.8446639,0
                36.2029608,49.8413151,0
                36.2319288,49.8471545,0
                36.236392,49.8413981,0
                36.2451468,49.8365268,0
                36.2541591,49.8389072,0
                36.2527858,49.8433908,0
                36.2542449,49.8441104,0
                36.2534724,49.8472099,0
                36.2533007,49.8518034,0
                36.2504683,49.8564518,0
                36.2338171,49.8531869,0
                36.2260065,49.8563964,0
                36.2277231,49.8584992,0
              </coordinates>
            </LinearRing>
          </outerBoundaryIs>
        </Polygon>
      </Placemark>
      <Placemark>
        <name>Озеряни</name>
        <description>120</description>
        <styleUrl>#poly-C2185B-1200-77</styleUrl>
        <Polygon>
          <outerBoundaryIs>
            <LinearRing>
              <tessellate>1</tessellate>
              <coordinates>
                36.0273379,49.8110516,0
                36.0280246,49.814707,0
                36.0172099,49.8171438,0
                36.014635,49.8203558,0
                36.0154933,49.8261146,0
                36.0122317,49.8274435,0
                36.0063952,49.8248964,0
                36.0087985,49.820688,0
                36.003992,49.8241212,0
                36.0051936,49.8253394,0
                36.0055369,49.8374088,0
                36.0132617,49.8417265,0
                36.0096568,49.8460438,0
                36.0031337,49.8439405,0
                36.0036486,49.8420586,0
                35.9984988,49.8405087,0
                35.9981555,49.8389588,0
                35.9966105,49.8380731,0
                35.9967822,49.8301011,0
                35.9919757,49.8310977,0
                35.9890574,49.8295474,0
                35.9940356,49.8248964,0
                35.9998721,49.8225708,0
                36.0033053,49.824232,0
                36.0096568,49.8195805,0
                36.0062236,49.8174761,0
                36.0079402,49.8119378,0
                36.0043353,49.8110516,0
                36.0053653,49.808836,0
                36.0122317,49.8092791,0
                36.0182399,49.8131562,0
                36.0273379,49.8110516,0
              </coordinates>
            </LinearRing>
          </outerBoundaryIs>
        </Polygon>
      </Placemark>
      <Placemark>
        <name>Новий Високий</name>
        <description>250 / до 20:00</description>
        <styleUrl>#poly-673AB7-3201-77</styleUrl>
        <Polygon>
          <outerBoundaryIs>
            <LinearRing>
              <tessellate>1</tessellate>
              <coordinates>
                36.1103275,49.9073339,0
                36.1087825,49.8952267,0
                36.1108056,49.8904259,0
                36.1386577,49.8993278,0
                36.1337224,49.9078412,0
                36.1103275,49.9073339,0
              </coordinates>
            </LinearRing>
          </outerBoundaryIs>
        </Polygon>
      </Placemark>
      <Placemark>
        <name>Кринички</name>
        <description>250 / до 19:00</description>
        <styleUrl>#poly-EDA29B-3301-77</styleUrl>
        <Polygon>
          <outerBoundaryIs>
            <LinearRing>
              <tessellate>1</tessellate>
              <coordinates>
                35.9714793,49.7719268,0
                35.9645271,49.7623915,0
                35.9651279,49.7540743,0
                35.9749126,49.7462549,0
                35.9786033,49.7527989,0
                35.9755134,49.7585103,0
                35.9780883,49.7626133,0
                35.9714793,49.7719268,0
              </coordinates>
            </LinearRing>
          </outerBoundaryIs>
        </Polygon>
      </Placemark>
      <Placemark>
        <name>Тимченки</name>
        <description>370 грн / до 19:00</description>
        <styleUrl>#poly-E65100-1200-77</styleUrl>
        <Polygon>
          <outerBoundaryIs>
            <LinearRing>
              <tessellate>1</tessellate>
              <coordinates>
                36.1409217,49.7599162,0
                36.1371451,49.7585855,0
                36.1350852,49.7550367,0
                36.1410933,49.7559239,0
                36.1405783,49.7537059,0
                36.1434966,49.7509331,0
                36.1512213,49.7499349,0
                36.150878,49.7464964,0
                36.1565428,49.7472729,0
                36.1652976,49.7488257,0
                36.1639243,49.7519313,0
                36.1544829,49.7578092,0
                36.1608344,49.7670128,0
                36.1561995,49.7687867,0
                36.1483031,49.7634646,0
                36.1409217,49.7599162,0
              </coordinates>
            </LinearRing>
          </outerBoundaryIs>
        </Polygon>
      </Placemark>
      <Placemark>
        <name>Щебетуни (поза зоною доставки, уточняти чи можна взяти замовлення)</name>
        <description>270 / до 19:00</description>
        <styleUrl>#poly-F48FB1-1200-77</styleUrl>
        <Polygon>
          <outerBoundaryIs>
            <LinearRing>
              <tessellate>1</tessellate>
              <coordinates>
                35.9389494,49.7427005,0
                35.9389574,49.7426416,0
                35.9389815,49.7425826,0
                35.939062,49.742489,0
                35.9396065,49.7426503,0
                35.9394483,49.7430992,0
                35.939278,49.743529,0
                35.9391613,49.7439589,0
                35.9391546,49.7441807,0
                35.939164,49.7443644,0
                35.9391693,49.7446118,0
                35.9391908,49.7449771,0
                35.9392819,49.745205,0
                35.9392726,49.7453446,0
                35.9396226,49.7456938,0
                35.9400249,49.7456765,0
                35.9400947,49.7458688,0
                35.9401182,49.7459633,0
                35.940139,49.7460092,0
                35.9405614,49.7462502,0
                35.9406037,49.746271,0
                35.9407022,49.7463229,0
                35.9409476,49.7464546,0
                35.9415183,49.7464971,0
                35.941936,49.7465361,0
                35.9422298,49.7466453,0
                35.9417818,49.7469712,0
                35.9417972,49.7470479,0
                35.9418395,49.747135,0
                35.9419669,49.7472953,0
                35.9419723,49.7474326,0
                35.9418945,49.7475613,0
                35.9417228,49.7476835,0
                35.9411676,49.747427,0
                35.9396763,49.7487806,0
                35.9376512,49.7502537,0
                35.9363637,49.7495657,0
                35.9370155,49.7488689,0
                35.9362725,49.7485899,0
                35.936404,49.7484079,0
                35.9364228,49.7482416,0
                35.9359292,49.7480353,0
                35.9372596,49.7461219,0
                35.9389494,49.7427005,0
              </coordinates>
            </LinearRing>
          </outerBoundaryIs>
        </Polygon>
      </Placemark>
      <Placemark>
        <name>Мокра Рокитна</name>
        <description>300 грн / до 19:00</description>
        <styleUrl>#poly-B2EBF2-2201-156</styleUrl>
        <Polygon>
          <outerBoundaryIs>
            <LinearRing>
              <tessellate>1</tessellate>
              <coordinates>
                35.9340392,49.8580785,0
                35.9336959,49.8620623,0
                35.9185897,49.8631689,0
                35.9161864,49.8589638,0
                35.9106933,49.8576358,0
                35.9096633,49.8525448,0
                35.8983337,49.8492243,0
                35.8907806,49.842804,0
                35.8962737,49.8348328,0
                35.9007369,49.8366043,0
                35.9027969,49.8228735,0
                35.9089767,49.8173358,0
                35.9134399,49.8180003,0
                35.9106933,49.823538,0
                35.9137832,49.8257528,0
                35.9100066,49.8337256,0
                35.9041702,49.83594,0
                35.9113799,49.843911,0
                35.9141265,49.8401471,0
                35.9113799,49.8363828,0
                35.9137832,49.8337256,0
                35.9216796,49.8361614,0
                35.9158431,49.8474533,0
                35.9288894,49.847896,0
                35.9330093,49.8463463,0
                35.9429656,49.8452394,0
                35.9446822,49.8474533,0
                35.942279,49.8487815,0
                35.9460555,49.8521021,0
                35.9505187,49.8543156,0
                35.9374725,49.8560864,0
                35.9350692,49.8538729,0
                35.9419357,49.8505525,0
                35.9388458,49.8487815,0
                35.9240829,49.8578571,0
                35.9340392,49.8580785,0
              </coordinates>
            </LinearRing>
          </outerBoundaryIs>
        </Polygon>
      </Placemark>
    </Folder>
    <Folder>
      <name>Чугуев</name>
      <Placemark>
        <name>Чугуев - Музейная 18а</name>
        <description>Рядом аптека оптовых цен и магазин Ласка</description>
        <styleUrl>#icon-1577-DB4436</styleUrl>
        <Point>
          <coordinates>
            36.690464,49.839849,0
          </coordinates>
        </Point>
      </Placemark>
      <Placemark>
        <name>Авіатор</name>
        <description>120</description>
        <styleUrl>#poly-E65100-2000-77</styleUrl>
        <Polygon>
          <outerBoundaryIs>
            <LinearRing>
              <tessellate>1</tessellate>
              <coordinates>
                36.6604367,49.8525802,0
                36.649236,49.843337,0
                36.649107,49.840957,0
                36.653839,49.841358,0
                36.658313,49.84169,0
                36.66254,49.845374,0
                36.66872,49.843049,0
                36.673697,49.844043,0
                36.6777108,49.8449197,0
                36.6719574,49.8471867,0
                36.6665683,49.8496332,0
                36.6604367,49.8525802,0
              </coordinates>
            </LinearRing>
          </outerBoundaryIs>
        </Polygon>
      </Placemark>
      <Placemark>
        <name>Зачугівка</name>
        <description>120</description>
        <styleUrl>#poly-7CB342-2000-77</styleUrl>
        <Polygon>
          <outerBoundaryIs>
            <LinearRing>
              <tessellate>1</tessellate>
              <coordinates>
                36.681563,49.8434714,0
                36.6823245,49.8433127,0
                36.6851861,49.8432959,0
                36.6881528,49.8440124,0
                36.6907085,49.844635,0
                36.6928951,49.844895,0
                36.6958035,49.845234,0
                36.698142,49.848195,0
                36.698893,49.85063,0
                36.696447,49.850672,0
                36.694794,49.850727,0
                36.692992,49.85081,0
                36.690975,49.85099,0
                36.68737,49.851944,0
                36.685482,49.852609,0
                36.682349,49.853729,0
                36.678916,49.854061,0
                36.677199,49.855611,0
                36.675654,49.85716,0
                36.673251,49.857824,0
                36.669989,49.855943,0
                36.668616,49.854725,0
                36.665526,49.854504,0
                36.665526,49.853286,0
                36.663294,49.852622,0
                36.6616921,49.851971,0
                36.6705826,49.8478086,0
                36.673334,49.846613,0
                36.6761666,49.8455355,0
                36.67887,49.844472,0
                36.681563,49.8434714,0
              </coordinates>
            </LinearRing>
          </outerBoundaryIs>
        </Polygon>
      </Placemark>
      <Placemark>
        <name>Кочеток до моста</name>
        <description>200</description>
        <styleUrl>#poly-F57C00-2000-77</styleUrl>
        <Polygon>
          <outerBoundaryIs>
            <LinearRing>
              <tessellate>1</tessellate>
              <coordinates>
                36.728707,49.876616,0
                36.727162,49.874293,0
                36.722012,49.87374,0
                36.711884,49.878304,0
                36.708451,49.876063,0
                36.700211,49.877017,0
                36.69961,49.869619,0
                36.695919,49.865885,0
                36.698151,49.864557,0
                36.702099,49.862344,0
                36.70343,49.861804,0
                36.704481,49.861334,0
                36.7083,49.860476,0
                36.708966,49.860214,0
                36.709481,49.86002,0
                36.711884,49.859356,0
                36.716519,49.862122,0
                36.723385,49.86511,0
                36.733685,49.871638,0
                36.728707,49.876616,0
              </coordinates>
            </LinearRing>
          </outerBoundaryIs>
        </Polygon>
      </Placemark>
      <Placemark>
        <name>Кочеток за мост</name>
        <description>250 / після 20:00 по узгодженню</description>
        <styleUrl>#poly-9C27B0-2000-77</styleUrl>
        <Polygon>
          <outerBoundaryIs>
            <LinearRing>
              <tessellate>1</tessellate>
              <coordinates>
                36.733642,49.871638,0
                36.737,49.872191,0
                36.739178,49.872482,0
                36.741066,49.874473,0
                36.743985,49.876686,0
                36.743266,49.879278,0
                36.748963,49.883551,0
                36.74759,49.887857,0
                36.748963,49.891618,0
                36.752911,49.892945,0
                36.753769,49.895267,0
                36.746903,49.894493,0
                36.74569,49.890422,0
                36.735713,49.890539,0
                36.739006,49.884982,0
                36.736775,49.882991,0
                36.732483,49.884097,0
                36.729286,49.882134,0
                36.7292,49.884705,0
                36.728578,49.89065,0
                36.720467,49.890401,0
                36.720982,49.880523,0
                36.726647,49.880336,0
                36.72669,49.87858,0
                36.728664,49.876616,0
                36.733642,49.871638,0
              </coordinates>
            </LinearRing>
          </outerBoundaryIs>
        </Polygon>
      </Placemark>
      <Placemark>
        <name>Малинівка городок</name>
        <description>200</description>
        <styleUrl>#poly-F57C00-2000-77</styleUrl>
        <Polygon>
          <outerBoundaryIs>
            <LinearRing>
              <tessellate>1</tessellate>
              <coordinates>
                36.712216,49.808934,0
                36.72921,49.794309,0
                36.733158,49.796526,0
                36.730927,49.797966,0
                36.731785,49.799185,0
                36.735562,49.798188,0
                36.737278,49.808048,0
                36.740883,49.805832,0
                36.74672,49.812479,0
                36.741226,49.81691,0
                36.727494,49.814584,0
                36.723717,49.816135,0
                36.712216,49.808934,0
              </coordinates>
            </LinearRing>
          </outerBoundaryIs>
        </Polygon>
      </Placemark>
      <Placemark>
        <name>Малинівка (Соїча)</name>
        <description>250</description>
        <styleUrl>#poly-4E342E-2000-133</styleUrl>
        <Polygon>
          <outerBoundaryIs>
            <LinearRing>
              <tessellate>1</tessellate>
              <coordinates>
                36.712216,49.808934,0
                36.6904573,49.8021347,0
                36.6972612,49.7946759,0
                36.701408,49.7913133,0
                36.7043851,49.7894677,0
                36.7108533,49.7864135,0
                36.718224,49.791982,0
                36.723202,49.78899,0
                36.730583,49.791761,0
                36.72921,49.794309,0
                36.712216,49.808934,0
              </coordinates>
            </LinearRing>
          </outerBoundaryIs>
        </Polygon>
      </Placemark>
      <Placemark>
        <name>Башкирівка</name>
        <description>150</description>
        <styleUrl>#poly-817717-2000-77</styleUrl>
        <Polygon>
          <outerBoundaryIs>
            <LinearRing>
              <tessellate>1</tessellate>
              <coordinates>
                36.733646,49.825778,0
                36.74223,49.829875,0
                36.737423,49.834636,0
                36.737766,49.838511,0
                36.73605,49.840172,0
                36.7312,49.838816,0
                36.730921,49.841867,0
                36.73502,49.842607,0
                36.734591,49.848682,0
                36.721974,49.848253,0
                36.721802,49.842386,0
                36.7206,49.841611,0
                36.715451,49.840504,0
                36.715107,49.843382,0
                36.7206,49.843846,0
                36.715612,49.850764,0
                36.708241,49.849802,0
                36.708412,49.84615,0
                36.705838,49.843714,0
                36.707554,49.840836,0
                36.706353,49.8384,0
                36.714914,49.834422,0
                36.716073,49.835252,0
                36.733646,49.825778,0
              </coordinates>
            </LinearRing>
          </outerBoundaryIs>
        </Polygon>
      </Placemark>
      <Placemark>
        <name>Есхар</name>
        <description>400 грн / після 20:00 по узгодженню</description>
        <styleUrl>#poly-097138-2000-77</styleUrl>
        <Polygon>
          <outerBoundaryIs>
            <LinearRing>
              <tessellate>1</tessellate>
              <coordinates>
                36.574066,49.789621,0
                36.584194,49.792835,0
                36.589516,49.787737,0
                36.596897,49.790397,0
                36.600674,49.79627,0
                36.599129,49.797711,0
                36.598957,49.799705,0
                36.606854,49.802032,0
                36.609289,49.803618,0
                36.606682,49.805466,0
                36.60239,49.807239,0
                36.59827,49.802586,0
                36.593292,49.802918,0
                36.591919,49.805577,0
                36.583508,49.802918,0
                36.584194,49.801035,0
                36.577499,49.798043,0
                36.581104,49.794497,0
                36.572521,49.791394,0
                36.574066,49.789621,0
              </coordinates>
            </LinearRing>
          </outerBoundaryIs>
        </Polygon>
      </Placemark>
      <Placemark>
        <name>Калмицька (Фрунзе)</name>
        <description>120</description>
        <styleUrl>#poly-097138-2000-77</styleUrl>
        <Polygon>
          <outerBoundaryIs>
            <LinearRing>
              <tessellate>1</tessellate>
              <coordinates>
                36.711061,49.826089,0
                36.715524,49.830186,0
                36.715353,49.833287,0
                36.709173,49.834837,0
                36.706255,49.836664,0
                36.700246,49.83582,0
                36.700933,49.831349,0
                36.704195,49.829079,0
                36.707456,49.828083,0
                36.711061,49.826089,0
              </coordinates>
            </LinearRing>
          </outerBoundaryIs>
        </Polygon>
      </Placemark>
      <Placemark>
        <name>Дружба</name>
        <description>150</description>
        <styleUrl>#poly-4E342E-2000-77</styleUrl>
        <Polygon>
          <outerBoundaryIs>
            <LinearRing>
              <tessellate>1</tessellate>
              <coordinates>
                36.673266,49.819532,0
                36.670224,49.825613,0
                36.667744,49.82703,0
                36.6668266,49.829258,0
                36.665942,49.831542,0
                36.665834,49.831819,0
                36.6649225,49.834151,0
                36.660615,49.834721,0
                36.657359,49.834467,0
                36.651277,49.833862,0
                36.652972,49.823509,0
                36.649474,49.82317,0
                36.641557,49.822401,0
                36.645333,49.813208,0
                36.652543,49.814205,0
                36.659924,49.816974,0
                36.670396,49.819079,0
                36.673266,49.819532,0
              </coordinates>
            </LinearRing>
          </outerBoundaryIs>
        </Polygon>
      </Placemark>
      <Placemark>
        <name>Осинівка (Вероніка)</name>
        <description>120</description>
        <styleUrl>#poly-7CB342-2000-77</styleUrl>
        <Polygon>
          <outerBoundaryIs>
            <LinearRing>
              <tessellate>1</tessellate>
              <coordinates>
                36.704194,49.829079,0
                36.6981705,49.826577,0
                36.6923777,49.8241951,0
                36.685441,49.821424,0
                36.686385,49.820317,0
                36.685857,49.818725,0
                36.685568,49.816884,0
                36.686211,49.816081,0
                36.688121,49.816289,0
                36.689838,49.817175,0
                36.690825,49.818088,0
                36.690782,49.819888,0
                36.691597,49.8213,0
                36.693872,49.822048,0
                36.695932,49.821882,0
                36.700652,49.821937,0
                36.708377,49.824374,0
                36.71106,49.826089,0
                36.707455,49.828083,0
                36.704194,49.829079,0
              </coordinates>
            </LinearRing>
          </outerBoundaryIs>
        </Polygon>
      </Placemark>
      <Placemark>
        <name>Малинівський мост</name>
        <description>150</description>
        <styleUrl>#poly-C2185B-2000-77</styleUrl>
        <Polygon>
          <outerBoundaryIs>
            <LinearRing>
              <tessellate>1</tessellate>
              <coordinates>
                36.67977,49.813772,0
                36.682344,49.815433,0
                36.686212,49.816081,0
                36.685569,49.816884,0
                36.686386,49.820317,0
                36.685442,49.821424,0
                36.682396,49.820085,0
                36.679477,49.819067,0
                36.675258,49.818427,0
                36.673761,49.815544,0
                36.67977,49.813772,0
              </coordinates>
            </LinearRing>
          </outerBoundaryIs>
        </Polygon>
      </Placemark>
      <Placemark>
        <name>Залізнична (Добролюбова)</name>
        <description>120</description>
        <styleUrl>#poly-FF5252-2000-77</styleUrl>
        <Polygon>
          <outerBoundaryIs>
            <LinearRing>
              <tessellate>1</tessellate>
              <coordinates>
                36.6717764,49.8225383,0
                36.6725273,49.8209979,0
                36.673266,49.819532,0
                36.675258,49.818427,0
                36.679477,49.819067,0
                36.682396,49.820064,0
                36.681366,49.8225,0
                36.679831,49.82421,0
                36.678461,49.824261,0
                36.676023,49.823795,0
                36.67561,49.824622,0
                36.674968,49.82644,0
                36.674671,49.826508,0
                36.6700735,49.825675,0
                36.6702384,49.825589,0
                36.6703389,49.8253647,0
                36.6713112,49.8234601,0
                36.6717764,49.8225383,0
              </coordinates>
            </LinearRing>
          </outerBoundaryIs>
        </Polygon>
      </Placemark>
      <Placemark>
        <name>Фабрична (Петровського)</name>
        <description>120</description>
        <styleUrl>#poly-9C27B0-2000-77</styleUrl>
        <Polygon>
          <outerBoundaryIs>
            <LinearRing>
              <tessellate>1</tessellate>
              <coordinates>
                36.679831,49.824231,0
                36.681366,49.822521,0
                36.682396,49.820085,0
                36.6854018,49.8214099,0
                36.6923777,49.8241951,0
                36.6889234,49.8259113,0
                36.6855541,49.8255209,0
                36.683752,49.825264,0
                36.679831,49.824231,0
              </coordinates>
            </LinearRing>
          </outerBoundaryIs>
        </Polygon>
      </Placemark>
      <Placemark>
        <name>Линия 43</name>
        <styleUrl>#line-000000-2000-nodesc</styleUrl>
        <LineString>
          <tessellate>1</tessellate>
          <coordinates>
            36.534079,49.837001,0
            36.533908,49.828032,0
            36.547812,49.823602,0
            36.553992,49.82482,0
            36.560344,49.823159,0
            36.569957,49.822827,0
            36.570472,49.825596,0
            36.573905,49.827478,0
            36.587638,49.827589,0
            36.598452,49.828696,0
            36.597422,49.832682,0
            36.579913,49.833125,0
            36.576136,49.834897,0
            36.5703,49.833125,0
          </coordinates>
        </LineString>
      </Placemark>
      <Placemark>
        <name>Новопокровка (Покровка)</name>
        <description>500 грн / після 20:00 по узгодженню</description>
        <styleUrl>#poly-880E4F-2000-77</styleUrl>
        <Polygon>
          <outerBoundaryIs>
            <LinearRing>
              <tessellate>1</tessellate>
              <coordinates>
                36.5703,49.833125,0
                36.57064,49.837445,0
                36.563773,49.83988,0
                36.559482,49.849068,0
                36.551414,49.850175,0
                36.548839,49.850507,0
                36.548324,49.84608,0
                36.541114,49.844308,0
                36.536994,49.837777,0
                36.534079,49.837001,0
                36.534076,49.836005,0
                36.533908,49.828032,0
                36.547812,49.823602,0
                36.553992,49.82482,0
                36.560344,49.823159,0
                36.569957,49.822827,0
                36.570472,49.825596,0
                36.573905,49.827478,0
                36.587638,49.827589,0
                36.598452,49.828696,0
                36.597422,49.832682,0
                36.579913,49.833125,0
                36.576136,49.834897,0
                36.5703,49.833125,0
              </coordinates>
            </LinearRing>
          </outerBoundaryIs>
        </Polygon>
      </Placemark>
      <Placemark>
        <name><![CDATA[Кам'яна Яруга]]></name>
        <description>350 грн / після 20:00 по узгодженню</description>
        <styleUrl>#poly-000000-2000-77</styleUrl>
        <Polygon>
          <outerBoundaryIs>
            <LinearRing>
              <tessellate>1</tessellate>
              <coordinates>
                36.615122,49.907234,0
                36.608169,49.904968,0
                36.606968,49.905631,0
                36.608341,49.907621,0
                36.60405,49.909832,0
                36.597526,49.905963,0
                36.600616,49.904636,0
                36.591347,49.897007,0
                36.591347,49.887496,0
                36.583794,49.88827,0
                36.5783,49.887275,0
                36.576412,49.889155,0
                36.565769,49.886722,0
                36.569031,49.883736,0
                36.577957,49.883183,0
                36.584308,49.8792,0
                36.592892,49.879975,0
                36.596668,49.874886,0
                36.590317,49.874665,0
                36.59478,49.864818,0
                36.598213,49.864375,0
                36.596325,49.873116,0
                36.599415,49.872895,0
                36.605766,49.864486,0
                36.611946,49.863711,0
                36.613491,49.866699,0
                36.610058,49.86692,0
                36.606281,49.868027,0
                36.604393,49.871567,0
                36.603277,49.874499,0
                36.605509,49.875605,0
                36.604135,49.876822,0
                36.606195,49.879256,0
                36.60568,49.882574,0
                36.601389,49.881026,0
                36.601389,49.882574,0
                36.606195,49.887441,0
                36.618383,49.904139,0
                36.621645,49.905908,0
                36.619585,49.907566,0
                36.615122,49.907234,0
              </coordinates>
            </LinearRing>
          </outerBoundaryIs>
        </Polygon>
      </Placemark>
      <Placemark>
        <name>Чугуїв</name>
        <description>100</description>
        <styleUrl>#poly-880E4F-2000-77</styleUrl>
        <Polygon>
          <outerBoundaryIs>
            <LinearRing>
              <tessellate>1</tessellate>
              <coordinates>
                36.6784825,49.824282,0
                36.6797395,49.824237,0
                36.6837735,49.825264,0
                36.686032,49.8255866,0
                36.6880117,49.8258011,0
                36.6889234,49.8259113,0
                36.6923777,49.8241951,0
                36.704195,49.829079,0
                36.7009545,49.831349,0
                36.7002675,49.83582,0
                36.7062765,49.836664,0
                36.7036455,49.837827,0
                36.7006645,49.843306,0
                36.7016945,49.844635,0
                36.6958035,49.845234,0
                36.6907085,49.844635,0
                36.6851861,49.8432959,0
                36.6823245,49.8433127,0
                36.6804365,49.839285,0
                36.6792075,49.837328,0
                36.6754305,49.835114,0
                36.6689355,49.83375,0
                36.6649225,49.834151,0
                36.6654898,49.8326904,0
                36.6661751,49.8309347,0
                36.6668349,49.8291642,0
                36.6677655,49.827036,0
                36.6700735,49.825675,0
                36.6746925,49.826508,0
                36.6749895,49.82644,0
                36.6756315,49.824622,0
                36.6760445,49.823795,0
                36.6784825,49.824282,0
              </coordinates>
            </LinearRing>
          </outerBoundaryIs>
        </Polygon>
      </Placemark>
      <Placemark>
        <name>Новосадова (Радянська)</name>
        <description>150</description>
        <styleUrl>#poly-01579B-2000-77</styleUrl>
        <Polygon>
          <outerBoundaryIs>
            <LinearRing>
              <tessellate>1</tessellate>
              <coordinates>
                36.68917,49.857102,0
                36.686724,49.854667,0
                36.686939,49.852578,0
                36.699084,49.851029,0
                36.699963,49.853422,0
                36.701701,49.855498,0
                36.696723,49.856466,0
                36.69256,49.855816,0
                36.691831,49.857199,0
                36.68917,49.857102,0
              </coordinates>
            </LinearRing>
          </outerBoundaryIs>
        </Polygon>
      </Placemark>
      <Placemark>
        <name>Коробчине (поза зоною доставки, уточнювати чи можна взяти замовлення)</name>
        <description>450 / після 20:00 по узгодженню</description>
        <styleUrl>#poly-0288D1-1200-102</styleUrl>
        <Polygon>
          <outerBoundaryIs>
            <LinearRing>
              <tessellate>1</tessellate>
              <coordinates>
                36.8191306,49.7945225,0
                36.8194746,49.7919183,0
                36.8189597,49.7905885,0
                36.8206763,49.7910318,0
                36.8237662,49.7901452,0
                36.8244528,49.7863771,0
                36.8208479,49.7868204,0
                36.8141531,49.780281,0
                36.8124365,49.7810569,0
                36.8114066,49.7801701,0
                36.8043684,49.7757361,0
                36.8055701,49.7747384,0
                36.8011069,49.7708582,0
                36.8023085,49.7687517,0
                36.7976737,49.764871,0
                36.7928671,49.7627643,0
                36.7949271,49.7612118,0
                36.796987,49.7606574,0
                36.8038535,49.7655363,0
                36.8059985,49.7649819,0
                36.8111483,49.7695278,0
                36.8145816,49.770193,0
                36.8164698,49.7734081,0
                36.8181865,49.7746275,0
                36.8188731,49.7764012,0
                36.8217913,49.7771772,0
                36.8233363,49.7757361,0
                36.8259112,49.7755144,0
                36.8305461,49.7808352,0
                36.8286578,49.7821653,0
                36.8284861,49.7846037,0
                36.8288295,49.7874854,0
                36.827542,49.7905331,0
                36.8246238,49.7919737,0
                36.8211905,49.7944117,0
                36.8191306,49.7945225,0
              </coordinates>
            </LinearRing>
          </outerBoundaryIs>
        </Polygon>
      </Placemark>
      <Placemark>
        <name>Малинівка далі - за ЖД</name>
        <description>350</description>
        <styleUrl>#poly-9FA8DA-2000-77</styleUrl>
        <Polygon>
          <outerBoundaryIs>
            <LinearRing>
              <tessellate>1</tessellate>
              <coordinates>
                36.7076159,49.7838781,0
                36.6977788,49.7866971,0
                36.6947051,49.7893393,0
                36.6936052,49.7925356,0
                36.6919415,49.7976121,0
                36.6911739,49.7998873,0
                36.690468,49.8021347,0
                36.6894199,49.7968441,0
                36.6837549,49.7951821,0
                36.6858149,49.7903061,0
                36.6918229,49.7903061,0
                36.6933679,49.7866491,0
                36.6919949,49.7863161,0
                36.6870169,49.7868701,0
                36.6775749,49.7857621,0
                36.6768879,49.7807741,0
                36.6842699,49.7802201,0
                36.6894199,49.7815501,0
                36.6937109,49.7802201,0
                36.6925099,49.7772271,0
                36.6957709,49.7755641,0
                36.7076159,49.7838781,0
              </coordinates>
            </LinearRing>
          </outerBoundaryIs>
        </Polygon>
      </Placemark>
      <Placemark>
        <name>Малинівка далі - до ЖД</name>
        <description>300</description>
        <styleUrl>#poly-BCAAA4-1200-207</styleUrl>
        <Polygon>
          <outerBoundaryIs>
            <LinearRing>
              <tessellate>1</tessellate>
              <coordinates>
                36.7108533,49.7864135,0
                36.7043851,49.7894677,0
                36.701408,49.7913133,0
                36.6972612,49.7946759,0
                36.6904573,49.8021347,0
                36.6947051,49.7893393,0
                36.6977788,49.7866971,0
                36.7076159,49.7838781,0
                36.7108533,49.7864135,0
              </coordinates>
            </LinearRing>
          </outerBoundaryIs>
        </Polygon>
      </Placemark>
      <Placemark>
        <name>Преображенка</name>
        <description>120</description>
        <styleUrl>#poly-FFD600-2000-77</styleUrl>
        <Polygon>
          <outerBoundaryIs>
            <LinearRing>
              <tessellate>1</tessellate>
              <coordinates>
                36.6777108,49.8449197,0
                36.66872,49.843049,0
                36.6659582,49.8440875,0
                36.6646598,49.8445641,0
                36.6641433,49.8447484,0
                36.6636267,49.8449569,0
                36.66254,49.845374,0
                36.657605,49.840918,0
                36.660615,49.834721,0
                36.664901,49.834151,0
                36.6689355,49.83375,0
                36.6754305,49.835114,0
                36.6792075,49.837328,0
                36.6804365,49.839285,0
                36.6823245,49.8433127,0
                36.681563,49.8434714,0
                36.6777108,49.8449197,0
              </coordinates>
            </LinearRing>
          </outerBoundaryIs>
        </Polygon>
      </Placemark>
      <Placemark>
        <name>Кицівка (уточнювати чи можна взяти замовлення)</name>
        <description>450 / після 20:00 по узгодженню</description>
        <styleUrl>#poly-FFD600-1200-120</styleUrl>
        <Polygon>
          <outerBoundaryIs>
            <LinearRing>
              <tessellate>1</tessellate>
              <coordinates>
                36.821069,49.8776867,0
                36.8158333,49.8694446,0
                36.8139879,49.8696659,0
                36.807379,49.8649358,0
                36.8176787,49.862778,0
                36.8220989,49.8643548,0
                36.8270342,49.8675084,0
                36.8290512,49.8756954,0
                36.821069,49.8776867,0
              </coordinates>
            </LinearRing>
          </outerBoundaryIs>
        </Polygon>
      </Placemark>
      <Placemark>
        <name>Печеніги (уточнювати чи можна взяти замовлення)</name>
        <description>800 / після 20:00 по узгодженню</description>
        <styleUrl>#poly-9C27B0-1200-122</styleUrl>
        <Polygon>
          <outerBoundaryIs>
            <LinearRing>
              <tessellate>1</tessellate>
              <coordinates>
                36.964055,49.8830299,0
                36.9314393,49.8801263,0
                36.9240578,49.8834446,0
                36.90672,49.8792413,0
                36.9137581,49.8655226,0
                36.9182213,49.8646374,0
                36.9171914,49.8558951,0
                36.9218262,49.8531282,0
                36.9242295,49.8467085,0
                36.9264611,49.8477047,0
                36.9278344,49.8552311,0
                36.9305379,49.8581361,0
                36.9323834,49.8606815,0
                36.9354304,49.8611794,0
                36.9416102,49.8646374,0
                36.941739,49.8675143,0
                36.9465026,49.868759,0
                36.9482621,49.8720506,0
                36.9513949,49.8708059,0
                36.951867,49.8735994,0
                36.9522103,49.8763651,0
                36.964055,49.8830299,0
              </coordinates>
            </LinearRing>
          </outerBoundaryIs>
        </Polygon>
      </Placemark>
      <Placemark>
        <name><![CDATA[Леб'яже (уточнювати чи можна взяти замовлення)]]></name>
        <description>800 / після 20:00 по узгодженню</description>
        <styleUrl>#poly-A52714-1200-69</styleUrl>
        <Polygon>
          <outerBoundaryIs>
            <LinearRing>
              <tessellate>1</tessellate>
              <coordinates>
                36.8960741,49.8141998,0
                36.8916109,49.8070824,0
                36.8974474,49.8055314,0
                36.8967609,49.7994235,0
                36.8991425,49.7920273,0
                36.9059767,49.7906354,0
                36.9140985,49.7934541,0
                36.9134977,49.7991607,0
                36.9169739,49.8011274,0
                36.9164589,49.8022769,0
                36.9131115,49.8026786,0
                36.910322,49.8071378,0
                36.9112662,49.8081347,0
                36.9080904,49.8143382,0
                36.8960741,49.8141998,0
              </coordinates>
            </LinearRing>
          </outerBoundaryIs>
        </Polygon>
      </Placemark>
      <Placemark>
        <name>Пролісне (Чкаловське) (уточнювати чи можна взяти замовлення)</name>
        <description>800 / після 20:00 по узгодженню</description>
        <styleUrl>#poly-7CB342-1200-138</styleUrl>
        <Polygon>
          <outerBoundaryIs>
            <LinearRing>
              <tessellate>1</tessellate>
              <coordinates>
                36.9130159,49.7162313,0
                36.9103551,49.7158429,0
                36.9107843,49.71945,0
                36.9052053,49.7214477,0
                36.8937039,49.7207818,0
                36.8894982,49.7167308,0
                36.8918157,49.712513,0
                36.9146466,49.7157319,0
                36.9159341,49.712735,0
                36.9208264,49.7110145,0
                36.9223714,49.7084613,0
                36.9227147,49.7078507,0
                36.9310403,49.7074622,0
                36.9314695,49.7105149,0
                36.9372201,49.7109035,0
                36.939795,49.7091274,0
                36.9493222,49.7093494,0
                36.9496656,49.7129015,0
                36.9407392,49.714289,0
                36.9396234,49.7175632,0
                36.9441724,49.7177297,0
                36.9430566,49.7198939,0
                36.9222856,49.7223355,0
                36.9227147,49.719117,0
                36.9133592,49.7173413,0
                36.9138742,49.7163978,0
                36.9130159,49.7162313,0
              </coordinates>
            </LinearRing>
          </outerBoundaryIs>
        </Polygon>
      </Placemark>
      <Placemark>
        <name>Іванівка (уточнювати чи можна взяти замовлення)</name>
        <description>1100 / після 20:00 по узгодженню</description>
        <styleUrl>#poly-FF5252-1200-99</styleUrl>
        <Polygon>
          <outerBoundaryIs>
            <LinearRing>
              <tessellate>1</tessellate>
              <coordinates>
                36.8928932,49.6322141,0
                36.8923353,49.6309355,0
                36.8943952,49.6306853,0
                36.8994592,49.6310745,0
                36.9073986,49.6313247,0
                36.9114755,49.6307409,0
                36.9146942,49.6334649,0
                36.9152521,49.6383289,0
                36.9063257,49.6379398,0
                36.9049524,49.6369531,0
                36.9026564,49.636564,0
                36.8998884,49.634132,0
                36.8942236,49.6337707,0
                36.8928932,49.6322141,0
              </coordinates>
            </LinearRing>
          </outerBoundaryIs>
        </Polygon>
      </Placemark>
    </Folder>
    <Folder>
      <name>Берестин</name>
      <Placemark>
        <name>Берестин - вул. Історична 60
</name>
        <description>вул. Історична 60</description>
        <styleUrl>#icon-1577-DB4436</styleUrl>
        <Point>
          <coordinates>
            35.4521488,49.3728244,0
          </coordinates>
        </Point>
      </Placemark>
      <Placemark>
        <name>м. Берестин</name>
        <description>120 грн</description>
        <styleUrl>#poly-880E4F-1200-77</styleUrl>
        <Polygon>
          <outerBoundaryIs>
            <LinearRing>
              <tessellate>1</tessellate>
              <coordinates>
                35.4276193,49.376187,0
                35.4280454,49.3747941,0
                35.4288148,49.3734571,0
                35.4307827,49.3708389,0
                35.4271778,49.3683797,0
                35.4331859,49.3606659,0
                35.4285511,49.3591007,0
                35.4294094,49.3566409,0
                35.419968,49.3533982,0
                35.4155048,49.3521682,0
                35.4070934,49.346465,0
                35.4084667,49.3444519,0
                35.4379924,49.3519446,0
                35.4560169,49.3575354,0
                35.4591068,49.3567527,0
                35.4611667,49.3575354,0
                35.4618534,49.3597715,0
                35.4633983,49.3610013,0
                35.4621967,49.3624547,0
                35.4649433,49.3641317,0
                35.463055,49.3667029,0
                35.4714664,49.371286,0
                35.4819377,49.3791098,0
                35.4752429,49.3827978,0
                35.473183,49.382239,0
                35.4692348,49.3843623,0
                35.4678615,49.384027,0
                35.4618227,49.3875213,0
                35.46075,49.3873066,0
                35.4579068,49.3880029,0
                35.4533253,49.3883871,0
                35.4522403,49.3882733,0
                35.4495703,49.3879866,0
                35.4463304,49.3865803,0
                35.4402401,49.3833775,0
                35.4344,49.3803222,0
                35.4313959,49.3786459,0
                35.4292068,49.3770723,0
                35.4276193,49.376187,0
              </coordinates>
            </LinearRing>
          </outerBoundaryIs>
        </Polygon>
      </Placemark>
      <Placemark>
        <name>с. Наталине</name>
        <description>200 грн</description>
        <styleUrl>#poly-FFD600-1200-66</styleUrl>
        <Polygon>
          <outerBoundaryIs>
            <LinearRing>
              <tessellate>1</tessellate>
              <coordinates>
                35.4831222,49.3488163,0
                35.4729084,49.3567555,0
                35.4679302,49.3529537,0
                35.4629091,49.3563082,0
                35.4620079,49.3548825,0
                35.4605917,49.3523945,0
                35.4598622,49.3498227,0
                35.4631237,49.347027,0
                35.4607204,49.3423298,0
                35.463982,49.3410995,0
                35.4579739,49.3370728,0
                35.4610638,49.3345001,0
                35.4691318,49.3375203,0
                35.4745392,49.3408757,0
                35.4771999,49.3369609,0
                35.4806331,49.3367372,0
                35.4878428,49.3362898,0
                35.4956534,49.341435,0
                35.4981425,49.3413791,0
                35.5020049,49.3404284,0
                35.5053952,49.3461323,0
                35.5062535,49.3468592,0
                35.5066397,49.3480334,0
                35.4942372,49.3563362,0
                35.4831222,49.3488163,0
              </coordinates>
            </LinearRing>
          </outerBoundaryIs>
        </Polygon>
      </Placemark>
      <Placemark>
        <name>с. Улянівка</name>
        <description>310 грн</description>
        <styleUrl>#poly-CE93D8-1200-77</styleUrl>
        <Polygon>
          <outerBoundaryIs>
            <LinearRing>
              <tessellate>1</tessellate>
              <coordinates>
                35.5195988,49.3603496,0
                35.5248345,49.3625856,0
                35.518483,49.3678398,0
                35.5242337,49.3712491,0
                35.5156506,49.3767818,0
                35.5079259,49.3743229,0
                35.5074109,49.3712491,0
                35.4951371,49.3670573,0
                35.4948796,49.3662189,0
                35.4965962,49.3625856,0
                35.4965104,49.3620825,0
                35.4989136,49.3609086,0
                35.5080117,49.363424,0
                35.5136765,49.3652127,0
                35.5195988,49.3603496,0
              </coordinates>
            </LinearRing>
          </outerBoundaryIs>
        </Polygon>
      </Placemark>
      <Placemark>
        <name>с. Попівка</name>
        <description>350 грн</description>
        <styleUrl>#poly-C2185B-1200-77</styleUrl>
        <Polygon>
          <outerBoundaryIs>
            <LinearRing>
              <tessellate>1</tessellate>
              <coordinates>
                35.5171168,49.3855826,0
                35.5196917,49.3794362,0
                35.5176318,49.3784304,0
                35.5176318,49.3767539,0
                35.5193484,49.3747421,0
                35.5248415,49.3726184,0
                35.5296481,49.3681472,0
                35.5320513,49.366694,0
                35.5267298,49.3626694,0
                35.5232966,49.3599862,0
                35.5212367,49.3573028,0
                35.521065,49.3559611,0
                35.5265582,49.3562965,0
                35.5337679,49.360098,0
                35.5375445,49.3578619,0
                35.5359995,49.3485809,0
                35.543381,49.3434364,0
                35.5492175,49.3462324,0
                35.5581439,49.3495873,0
                35.5619204,49.360657,0
                35.5531657,49.3642345,0
                35.5505908,49.3691532,0
                35.5452692,49.3681472,0
                35.5430376,49.3715006,0
                35.5349696,49.37083,0
                35.530163,49.3746303,0
                35.5286181,49.3817831,0
                35.5238116,49.3873705,0
                35.5171168,49.3855826,0
              </coordinates>
            </LinearRing>
          </outerBoundaryIs>
        </Polygon>
      </Placemark>
      <Placemark>
        <name>с. Петрівка</name>
        <description>530 грн</description>
        <styleUrl>#poly-A52714-1200-102</styleUrl>
        <Polygon>
          <outerBoundaryIs>
            <LinearRing>
              <tessellate>1</tessellate>
              <coordinates>
                35.5571139,49.4133994,0
                35.5650103,49.4004425,0
                35.586468,49.3889348,0
                35.5717051,49.3848004,0
                35.5696452,49.3880409,0
                35.5643237,49.3855826,0
                35.5729067,49.3763068,0
                35.5881846,49.3816713,0
                35.5943644,49.3726184,0
                35.608269,49.3763068,0
                35.6132472,49.3746303,0
                35.6156504,49.3761951,0
                35.6261218,49.3741832,0
                35.6256068,49.3719477,0
                35.6304133,49.3720595,0
                35.6323016,49.3780951,0
                35.62801,49.3810008,0
                35.6144488,49.3904992,0
                35.6043208,49.3887114,0
                35.608269,49.393069,0
                35.6139338,49.3927338,0
                35.6149638,49.3954152,0
                35.6125605,49.3961973,0
                35.6180537,49.4002191,0
                35.6122172,49.4027884,0
                35.607239,49.3988785,0
                35.5995142,49.4013362,0
                35.595566,49.3964207,0
                35.5792582,49.4013362,0
                35.57428,49.4123942,0
                35.5665553,49.4107189,0
                35.5639803,49.4151863,0
                35.5571139,49.4133994,0
              </coordinates>
            </LinearRing>
          </outerBoundaryIs>
        </Polygon>
      </Placemark>
      <Placemark>
        <name>с. Берестовенька</name>
        <description>580 грн</description>
        <styleUrl>#poly-795548-1200-140</styleUrl>
        <Polygon>
          <outerBoundaryIs>
            <LinearRing>
              <tessellate>1</tessellate>
              <coordinates>
                35.5993238,49.4993463,0
                35.5923715,49.497674,0
                35.5903974,49.4957786,0
                35.5903116,49.4947751,0
                35.5929723,49.4927124,0
                35.593659,49.4919319,0
                35.5925432,49.4876946,0
                35.5878225,49.4886424,0
                35.5869642,49.4881406,0
                35.5869642,49.4851297,0
                35.5859342,49.4831223,0
                35.5831018,49.4809476,0
                35.5829301,49.4781035,0
                35.5838743,49.4767651,0
                35.5852476,49.4759843,0
                35.5846468,49.4713552,0
                35.5940023,49.4682316,0
                35.5969205,49.4717456,0
                35.5909124,49.4739765,0
                35.5887666,49.4769881,0
                35.5885091,49.4776573,0
                35.5954614,49.4810033,0
                35.5959764,49.4844606,0
                35.5970922,49.489869,0
                35.5993238,49.4993463,0
              </coordinates>
            </LinearRing>
          </outerBoundaryIs>
        </Polygon>
      </Placemark>
      <Placemark>
        <name>с. Зоряне</name>
        <description>390 грн</description>
        <styleUrl>#poly-EDA29B-1200-77</styleUrl>
        <Polygon>
          <outerBoundaryIs>
            <LinearRing>
              <tessellate>1</tessellate>
              <coordinates>
                35.4254786,49.4507324,0
                35.4123465,49.4519041,0
                35.4119174,49.4490584,0
                35.4103724,49.4440919,0
                35.4385249,49.4407992,0
                35.4385249,49.437897,0
                35.4458205,49.4377296,0
                35.4483096,49.4488352,0
                35.4310576,49.4498954,0
                35.4317443,49.4532433,0
                35.4259936,49.4539686,0
                35.4254786,49.4507324,0
              </coordinates>
            </LinearRing>
          </outerBoundaryIs>
        </Polygon>
      </Placemark>
      <Placemark>
        <name>с. Дослідне</name>
        <description>170 грн</description>
        <styleUrl>#poly-558B2F-1200-77</styleUrl>
        <Polygon>
          <outerBoundaryIs>
            <LinearRing>
              <tessellate>1</tessellate>
              <coordinates>
                35.4114768,49.3590271,0
                35.4162833,49.3616545,0
                35.413923,49.363583,0
                35.4128072,49.3629402,0
                35.4124209,49.3631917,0
                35.4113051,49.3627445,0
                35.411863,49.3624371,0
                35.4090306,49.3607881,0
                35.4114768,49.3590271,0
              </coordinates>
            </LinearRing>
          </outerBoundaryIs>
        </Polygon>
      </Placemark>
      <Placemark>
        <name>с. Балки </name>
        <description>430 грн</description>
        <styleUrl>#poly-558B2F-1200-77</styleUrl>
        <Polygon>
          <outerBoundaryIs>
            <LinearRing>
              <tessellate>1</tessellate>
              <coordinates>
                35.5587447,49.3711653,0
                35.5687869,49.3675883,0
                35.5671561,49.3639551,0
                35.5810606,49.3594831,0
                35.584923,49.3636197,0
                35.5800307,49.3650171,0
                35.5767691,49.3664704,0
                35.5753958,49.3676442,0
                35.5683577,49.3734567,0
                35.5587447,49.3711653,0
              </coordinates>
            </LinearRing>
          </outerBoundaryIs>
        </Polygon>
      </Placemark>
      <Placemark>
        <name>с. Соснівка</name>
        <description>690 грн</description>
        <styleUrl>#poly-AFB42B-1200-120</styleUrl>
        <Polygon>
          <outerBoundaryIs>
            <LinearRing>
              <tessellate>1</tessellate>
              <coordinates>
                35.6374514,49.4276381,0
                35.6424296,49.422502,0
                35.6367648,49.414685,0
                35.640198,49.4124514,0
                35.6439745,49.414015,0
                35.6494677,49.412228,0
                35.6472361,49.4085423,0
                35.6534159,49.4059733,0
                35.6570208,49.4088774,0
                35.662514,49.4068669,0
                35.6659472,49.4099943,0
                35.6587374,49.4130098,0
                35.6607974,49.4142383,0
                35.6558192,49.4189287,0
                35.6656039,49.422502,0
                35.6680071,49.4209387,0
                35.6795084,49.4241769,0
                35.6741869,49.4300944,0
                35.6683505,49.4276381,0
                35.6647456,49.4318807,0
                35.6510127,49.4285313,0
                35.6474078,49.4313225,0
                35.6429446,49.4299827,0
                35.6374514,49.4276381,0
              </coordinates>
            </LinearRing>
          </outerBoundaryIs>
        </Polygon>
      </Placemark>
      <Placemark>
        <name>с. Гадяч</name>
        <description>490 грн.</description>
        <styleUrl>#poly-0F9D58-1200-97</styleUrl>
        <Polygon>
          <outerBoundaryIs>
            <LinearRing>
              <tessellate>1</tessellate>
              <coordinates>
                35.3975746,49.2874044,0
                35.4071876,49.2814137,0
                35.4178306,49.2830934,0
                35.4004928,49.2938422,0
                35.3975746,49.2874044,0
              </coordinates>
            </LinearRing>
          </outerBoundaryIs>
        </Polygon>
      </Placemark>
      <Placemark>
        <name>с. Чалівка</name>
        <description>400 грн</description>
        <styleUrl>#poly-000000-1200-77</styleUrl>
        <Polygon>
          <outerBoundaryIs>
            <LinearRing>
              <tessellate>1</tessellate>
              <coordinates>
                35.331159,49.3841349,0
                35.3340773,49.3864536,0
                35.3373388,49.3888281,0
                35.3357081,49.3893309,0
                35.3341631,49.3893309,0
                35.3306011,49.3908114,0
                35.3287129,49.3896662,0
                35.3280262,49.3882974,0
                35.3267817,49.38718,0
                35.331159,49.3841349,0
              </coordinates>
            </LinearRing>
          </outerBoundaryIs>
        </Polygon>
      </Placemark>
      <Placemark>
        <name>с. Іванівське</name>
        <description>470 грн</description>
        <styleUrl>#poly-0288D1-1200-89</styleUrl>
        <Polygon>
          <outerBoundaryIs>
            <LinearRing>
              <tessellate>1</tessellate>
              <coordinates>
                35.5904092,49.4973086,0
                35.5812254,49.4964166,0
                35.5781355,49.4877194,0
                35.571269,49.4872733,0
                35.5688657,49.4866043,0
                35.571269,49.4837048,0
                35.570239,49.4810282,0
                35.5633726,49.480359,0
                35.5575361,49.4725513,0
                35.5520429,49.4741129,0
                35.5496397,49.4696509,0
                35.5434599,49.4689816,0
                35.5436315,49.4668062,0
                35.5427732,49.4649654,0
                35.5465498,49.4578248,0
                35.5523862,49.4598332,0
                35.548953,49.4520222,0
                35.5458631,49.4455493,0
                35.5468931,49.441308,0
                35.54037,49.4363965,0
                35.53831,49.4279119,0
                35.5328168,49.4216591,0
                35.5290403,49.4178624,0
                35.5225172,49.4209891,0
                35.5190839,49.4156289,0
                35.5149641,49.4104915,0
                35.5211439,49.4073641,0
                35.5343618,49.4168573,0
                35.5482664,49.427242,0
                35.5516996,49.4388523,0
                35.5544462,49.4410847,0
                35.560626,49.439522,0
                35.559596,49.4444332,0
                35.5530729,49.4448796,0
                35.5575361,49.4544772,0
                35.5601968,49.4563183,0
                35.5602827,49.4584942,0
                35.5640592,49.464296,0
                35.5633726,49.4683123,0
                35.5671491,49.4734436,0
                35.5767622,49.4727744,0
                35.5799378,49.4751725,0
                35.5805387,49.4785745,0
                35.5807962,49.4837605,0
                35.5857737,49.490228,0
                35.5904092,49.4973086,0
              </coordinates>
            </LinearRing>
          </outerBoundaryIs>
        </Polygon>
      </Placemark>
      <Placemark>
        <name>с. Куми</name>
        <description>350 грн</description>
        <styleUrl>#poly-F57C00-1200-107</styleUrl>
        <Polygon>
          <outerBoundaryIs>
            <LinearRing>
              <tessellate>1</tessellate>
              <coordinates>
                35.3560243,49.3422507,0
                35.3638349,49.3477307,0
                35.3641782,49.3490168,0
                35.3512178,49.3493523,0
                35.3432355,49.3429218,0
                35.3443513,49.3403493,0
                35.3489003,49.3399578,0
                35.3502736,49.3364904,0
                35.3579984,49.3385038,0
                35.3560243,49.3422507,0
              </coordinates>
            </LinearRing>
          </outerBoundaryIs>
        </Polygon>
      </Placemark>
      <Placemark>
        <name><![CDATA[с. Кам'янка]]></name>
        <description>540 грн </description>
        <styleUrl>#poly-FFEA00-1200-117</styleUrl>
        <Polygon>
          <outerBoundaryIs>
            <LinearRing>
              <tessellate>1</tessellate>
              <coordinates>
                35.3855583,49.267862,0
                35.3974029,49.2698222,0
                35.3935405,49.2757023,0
                35.3994628,49.2768222,0
                35.3961154,49.2823655,0
                35.3843566,49.2797899,0
                35.3820392,49.2764862,0
                35.3855583,49.267862,0
              </coordinates>
            </LinearRing>
          </outerBoundaryIs>
        </Polygon>
      </Placemark>
      <Placemark>
        <name>с. Добренька</name>
        <description>370 грн</description>
        <styleUrl>#poly-000000-1200-77</styleUrl>
        <Polygon>
          <outerBoundaryIs>
            <LinearRing>
              <tessellate>1</tessellate>
              <coordinates>
                35.4252295,49.3099704,0
                35.4274611,49.3063889,0
                35.4314093,49.3060531,0
                35.4425673,49.3051577,0
                35.4475454,49.3052696,0
                35.4655699,49.3072283,0
                35.4677157,49.3033668,0
                35.473638,49.304766,0
                35.4722647,49.3071164,0
                35.4833368,49.3103061,0
                35.4826502,49.3174683,0
                35.4661707,49.3138314,0
                35.4648832,49.3152862,0
                35.4534678,49.3151743,0
                35.4524378,49.3137195,0
                35.4371599,49.3132159,0
                35.4285769,49.3158457,0
                35.4252295,49.3099704,0
              </coordinates>
            </LinearRing>
          </outerBoundaryIs>
        </Polygon>
      </Placemark>
      <Placemark>
        <name>с. Вознесенське</name>
        <description>430 грн</description>
        <styleUrl>#poly-880E4F-1200-94</styleUrl>
        <Polygon>
          <outerBoundaryIs>
            <LinearRing>
              <tessellate>1</tessellate>
              <coordinates>
                35.397448,49.3056481,0
                35.4027695,49.3037453,0
                35.4029412,49.3003873,0
                35.4165882,49.2994358,0
                35.4169316,49.3044729,0
                35.4098076,49.3095095,0
                35.3982205,49.3102929,0
                35.397448,49.3056481,0
              </coordinates>
            </LinearRing>
          </outerBoundaryIs>
        </Polygon>
      </Placemark>
      <Placemark>
        <name>с. Мартинівка</name>
        <description>410 грн</description>
        <styleUrl>#poly-FFEA00-1200-97</styleUrl>
        <Polygon>
          <outerBoundaryIs>
            <LinearRing>
              <tessellate>1</tessellate>
              <coordinates>
                35.4285769,49.3158457,0
                35.4223733,49.317791,0
                35.4141765,49.3229661,0
                35.4079537,49.3209801,0
                35.4057651,49.3193856,0
                35.4005294,49.3159446,0
                35.3973107,49.3137625,0
                35.4004006,49.3128952,0
                35.4061942,49.3120838,0
                35.4140048,49.3110766,0
                35.4137902,49.309174,0
                35.4252295,49.3099704,0
                35.4285769,49.3158457,0
              </coordinates>
            </LinearRing>
          </outerBoundaryIs>
        </Polygon>
      </Placemark>
      <Placemark>
        <name>с. Дружба </name>
        <description>570 грн</description>
        <styleUrl>#poly-795548-1200-110</styleUrl>
        <Polygon>
          <outerBoundaryIs>
            <LinearRing>
              <tessellate>1</tessellate>
              <coordinates>
                35.5338345,49.3012815,0
                35.5336629,49.2983151,0
                35.5530606,49.2998823,0
                35.5491982,49.3043038,0
                35.5413018,49.303856,0
                35.5405293,49.3055909,0
                35.5353795,49.3045836,0
                35.5348645,49.3073258,0
                35.5266248,49.3043597,0
                35.5269681,49.3014495,0
                35.5338345,49.3012815,0
              </coordinates>
            </LinearRing>
          </outerBoundaryIs>
        </Polygon>
      </Placemark>
      <Placemark>
        <name><![CDATA[с. Леб'яже]]></name>
        <description>700 грн</description>
        <styleUrl>#poly-000000-1200-77</styleUrl>
        <Polygon>
          <outerBoundaryIs>
            <LinearRing>
              <tessellate>1</tessellate>
              <coordinates>
                35.2677045,49.23204,0
                35.2677045,49.2282286,0
                35.2783475,49.2324883,0
                35.2865873,49.2336093,0
                35.2944837,49.2387652,0
                35.3030668,49.2477307,0
                35.3116498,49.2528851,0
                35.3209195,49.2609518,0
                35.3322492,49.2687932,0
                35.3456388,49.2813369,0
                35.3634916,49.3023851,0
                35.3593717,49.3050714,0
                35.3542218,49.298803,0
                35.3442655,49.2887272,0
                35.3356824,49.2905186,0
                35.3336225,49.2869357,0
                35.3380857,49.2846962,0
                35.3336225,49.280441,0
                35.3360257,49.2775293,0
                35.3274427,49.2734975,0
                35.3226362,49.2719294,0
                35.3205762,49.2734975,0
                35.3047834,49.2575909,0
                35.2986036,49.2589353,0
                35.2879606,49.2488513,0
                35.2913938,49.241455,0
                35.2756009,49.2356268,0
                35.2728544,49.2378685,0
                35.2677045,49.2362994,0
                35.2677045,49.23204,0
              </coordinates>
            </LinearRing>
          </outerBoundaryIs>
        </Polygon>
      </Placemark>
      <Placemark>
        <name>с. Кобзівка</name>
        <description>950 грн</description>
        <styleUrl>#poly-FFD600-1200-56</styleUrl>
        <Polygon>
          <outerBoundaryIs>
            <LinearRing>
              <tessellate>1</tessellate>
              <coordinates>
                35.5839106,49.2300316,0
                35.5804773,49.2275093,0
                35.5491491,49.2245945,0
                35.5506083,49.2205022,0
                35.5582472,49.2207825,0
                35.5581614,49.2230809,0
                35.5640837,49.2234173,0
                35.5544706,49.2175309,0
                35.5550715,49.2142791,0
                35.5653711,49.218428,0
                35.5657145,49.2169703,0
                35.5650278,49.2163536,0
                35.5661436,49.2144473,0
                35.5580755,49.2119803,0
                35.559878,49.2090085,0
                35.5643412,49.2097936,0
                35.5658003,49.2074945,0
                35.5706926,49.2090085,0
                35.5698343,49.2116439,0
                35.5785032,49.213326,0
                35.5778166,49.2155126,0
                35.5887171,49.2161293,0
                35.5906912,49.2192128,0
                35.5991884,49.2323856,0
                35.596356,49.2339549,0
                35.5889746,49.2255474,0
                35.5840822,49.2212871,0
                35.5820223,49.2228567,0
                35.5866571,49.2277335,0
                35.5839106,49.2300316,0
              </coordinates>
            </LinearRing>
          </outerBoundaryIs>
        </Polygon>
      </Placemark>
      <Placemark>
        <name>с. Хрестище</name>
        <description>800 грн</description>
        <styleUrl>#poly-AFB42B-3501-69</styleUrl>
        <Polygon>
          <outerBoundaryIs>
            <LinearRing>
              <tessellate>1</tessellate>
              <coordinates>
                35.5302982,49.5442587,0
                35.5333023,49.5498833,0
                35.5264358,49.5517209,0
                35.5256633,49.5527788,0
                35.5243759,49.5527788,0
                35.5251484,49.5600727,0
                35.5107288,49.5591262,0
                35.5018024,49.5484911,0
                35.5131321,49.5429777,0
                35.5161361,49.5436461,0
                35.5166511,49.5420866,0
                35.5205135,49.5415854,0
                35.5214576,49.542755,0
                35.5235176,49.5416968,0
                35.5272083,49.5448156,0
                35.5302982,49.5442587,0
              </coordinates>
            </LinearRing>
          </outerBoundaryIs>
        </Polygon>
      </Placemark>
      <Placemark>
        <name>с. Верхня Ланна </name>
        <description>500 грн</description>
        <styleUrl>#poly-880E4F-1200-87</styleUrl>
        <Polygon>
          <outerBoundaryIs>
            <LinearRing>
              <tessellate>1</tessellate>
              <coordinates>
                35.2798704,49.398937,0
                35.2853636,49.4028469,0
                35.2891401,49.4056395,0
                35.2939466,49.4096605,0
                35.2977232,49.4110008,0
                35.303388,49.4083202,0
                35.3085379,49.4125644,0
                35.305448,49.4143513,0
                35.302873,49.4122293,0
                35.3009848,49.4130111,0
                35.3032164,49.4142396,0
                35.2997831,49.4153564,0
                35.3002981,49.4163615,0
                35.303388,49.4159148,0
                35.3073362,49.419265,0
                35.2953199,49.4235082,0
                35.2903418,49.4198233,0
                35.2958349,49.4173666,0
                35.2948049,49.4170874,0
                35.2903846,49.4182321,0
                35.2857069,49.4130111,0
                35.2849344,49.4125086,0
                35.288711,49.4117268,0
                35.2862219,49.4080968,0
                35.283132,49.4059746,0
                35.2794413,49.405807,0
                35.2782396,49.4027911,0
                35.2756647,49.4002217,0
                35.2798704,49.398937,0
              </coordinates>
            </LinearRing>
          </outerBoundaryIs>
        </Polygon>
      </Placemark>
      <Placemark>
        <name>с. Миколо-Комишувата</name>
        <description>1150 грн</description>
        <styleUrl>#poly-E6EE9C-3601-79</styleUrl>
        <Polygon>
          <outerBoundaryIs>
            <LinearRing>
              <tessellate>1</tessellate>
              <coordinates>
                35.4947761,49.6418927,0
                35.4938987,49.6387019,0
                35.5015376,49.6381461,0
                35.5140689,49.6366452,0
                35.5159572,49.6374235,0
                35.5058292,49.6435375,0
                35.5030826,49.6444268,0
                35.5022243,49.6487617,0
                35.5068592,49.6484838,0
                35.5076316,49.6482059,0
                35.5094341,49.6480949,0
                35.5125239,49.648984,0
                35.513039,49.6518736,0
                35.5126956,49.6577914,0
                35.5080608,49.6580414,0
                35.5080608,49.660875,0
                35.4929546,49.6605417,0
                35.4880623,49.6578192,0
                35.4872898,49.6569857,0
                35.4870323,49.6560967,0
                35.4838565,49.6549854,0
                35.4819683,49.6535963,0
                35.4820541,49.6518736,0
                35.4823974,49.6498175,0
                35.4820541,49.6472056,0
                35.4829982,49.6452049,0
                35.4873756,49.6468166,0
                35.4900364,49.646761,0
                35.4947761,49.6418927,0
              </coordinates>
            </LinearRing>
          </outerBoundaryIs>
          <innerBoundaryIs>
            <LinearRing>
              <tessellate>1</tessellate>
              <coordinates>
                35.4950145,49.6416478,0
                35.4950145,49.6427594,0
                35.4947761,49.6418927,0
                35.4950145,49.6416478,0
              </coordinates>
            </LinearRing>
          </innerBoundaryIs>
        </Polygon>
      </Placemark>
      <Placemark>
        <name>с. Піщанка</name>
        <description>170 грн</description>
        <styleUrl>#poly-4E342E-1200-77</styleUrl>
        <Polygon>
          <outerBoundaryIs>
            <LinearRing>
              <tessellate>1</tessellate>
              <coordinates>
                35.4292068,49.3770723,0
                35.4313959,49.3786459,0
                35.43234,49.3791488,0
                35.4344,49.3803222,0
                35.4391207,49.3827808,0
                35.4463304,49.3865803,0
                35.4495703,49.3879866,0
                35.4533253,49.3883871,0
                35.4579068,49.3880029,0
                35.46075,49.3873066,0
                35.4618227,49.3875213,0
                35.470363,49.3911615,0
                35.4707064,49.3929492,0
                35.4660715,49.393843,0
                35.475212,49.3991968,0
                35.4712213,49.4026687,0
                35.4681314,49.4011047,0
                35.4564585,49.4049027,0
                35.4514803,49.3997642,0
                35.4337992,49.3994291,0
                35.4355158,49.4027804,0
                35.4279627,49.4037857,0
                35.4250444,49.3993173,0
                35.4265894,49.398647,0
                35.4308809,49.3977533,0
                35.4298509,49.3949603,0
                35.4200662,49.3942899,0
                35.4193796,49.3930609,0
                35.4114832,49.3925023,0
                35.4023851,49.3930609,0
                35.3864206,49.3956306,0
                35.384189,49.3933961,0
                35.3886522,49.391385,0
                35.3869356,49.3884799,0
                35.3903688,49.3883681,0
                35.3917421,49.3845688,0
                35.3888239,49.3830043,0
                35.3840174,49.3764106,0
                35.3955187,49.3758517,0
                35.3917421,49.3824456,0
                35.3951753,49.3844571,0
                35.3975786,49.3823338,0
                35.3979219,49.3786458,0
                35.4023851,49.3798752,0
                35.4276193,49.376187,0
                35.4292068,49.3770723,0
              </coordinates>
            </LinearRing>
          </outerBoundaryIs>
        </Polygon>
      </Placemark>
      <Placemark>
        <name>с. Березівка</name>
        <description>820 грн</description>
        <styleUrl>#poly-01579B-1200-77</styleUrl>
        <Polygon>
          <outerBoundaryIs>
            <LinearRing>
              <tessellate>1</tessellate>
              <coordinates>
                35.676705,49.4351497,0
                35.6823698,49.4286746,0
                35.6988493,49.4336984,0
                35.7014242,49.4311307,0
                35.7098357,49.432917,0
                35.7088057,49.4361544,0
                35.7245985,49.4397264,0
                35.7280318,49.445084,0
                35.7330099,49.4462001,0
                35.7307783,49.4495482,0
                35.7165304,49.4496598,0
                35.7156721,49.4531193,0
                35.7122389,49.4527845,0
                35.7124106,49.4497714,0
                35.7077757,49.4505526,0
                35.7029692,49.4539004,0
                35.6997076,49.4521149,0
                35.6981627,49.4496598,0
                35.6919829,49.4466465,0
                35.6849448,49.448767,0
                35.6803099,49.4462001,0
                35.6811682,49.441624,0
                35.6832281,49.4418472,0
                35.6866614,49.4378288,0
                35.676705,49.4351497,0
              </coordinates>
            </LinearRing>
          </outerBoundaryIs>
        </Polygon>
      </Placemark>
      <Placemark>
        <name>с. Вільховий Ріг</name>
        <description>580 грн</description>
        <styleUrl>#poly-3949AB-1200-110</styleUrl>
        <Polygon>
          <outerBoundaryIs>
            <LinearRing>
              <tessellate>1</tessellate>
              <coordinates>
                35.3768035,49.268534,0
                35.3794643,49.2717823,0
                35.3746578,49.2783901,0
                35.363414,49.2722863,0
                35.3625556,49.268198,0
                35.3709671,49.2631012,0
                35.378606,49.2580598,0
                35.3868457,49.2613648,0
                35.3768035,49.268534,0
              </coordinates>
            </LinearRing>
          </outerBoundaryIs>
        </Polygon>
      </Placemark>
      <Placemark>
        <name>с. Карлівка</name>
        <description>950 грн</description>
        <styleUrl>#poly-A52714-1200-77</styleUrl>
        <Polygon>
          <outerBoundaryIs>
            <LinearRing>
              <tessellate>1</tessellate>
              <coordinates>
                35.0622188,49.4465835,0
                35.0629055,49.437989,0
                35.1223003,49.4447977,0
                35.142213,49.4327423,0
                35.1468479,49.4351983,0
                35.1471912,49.4418958,0
                35.1518261,49.44357,0
                35.1561176,49.4420074,0
                35.1605808,49.4447977,0
                35.1540577,49.4504896,0
                35.1542293,49.4618712,0
                35.1590358,49.4686767,0
                35.1516544,49.4709077,0
                35.1516544,49.4770427,0
                35.1490795,49.4786042,0
                35.1502811,49.4809463,0
                35.1444446,49.4831769,0
                35.1396381,49.4712424,0
                35.1351749,49.4711308,0
                35.13157,49.4694575,0
                35.1236736,49.4716886,0
                35.119897,49.4684535,0
                35.1162922,49.4697922,0
                35.1068508,49.4574082,0
                35.0622188,49.4465835,0
              </coordinates>
            </LinearRing>
          </outerBoundaryIs>
        </Polygon>
      </Placemark>
    </Folder>
  </Document>
</kml>
